-- phpMyAdmin SQL Dump
-- version 5.2.1
-- https://www.phpmyadmin.net/
--
-- Host: 127.0.0.1
-- Waktu pembuatan: 16 Jul 2026 pada 14.48
-- Versi server: 10.4.32-MariaDB
-- Versi PHP: 8.2.27

SET SQL_MODE = "NO_AUTO_VALUE_ON_ZERO";
START TRANSACTION;
SET time_zone = "+00:00";


/*!40101 SET @OLD_CHARACTER_SET_CLIENT=@@CHARACTER_SET_CLIENT */;
/*!40101 SET @OLD_CHARACTER_SET_RESULTS=@@CHARACTER_SET_RESULTS */;
/*!40101 SET @OLD_COLLATION_CONNECTION=@@COLLATION_CONNECTION */;
/*!40101 SET NAMES utf8mb4 */;

--
-- Database: `db_svm`
--

-- --------------------------------------------------------

--
-- Struktur dari tabel `cache`
--

CREATE TABLE `cache` (
  `key` varchar(255) NOT NULL,
  `value` mediumtext NOT NULL,
  `expiration` int(11) NOT NULL
) ENGINE=InnoDB DEFAULT CHARSET=utf8mb4 COLLATE=utf8mb4_general_ci;

-- --------------------------------------------------------

--
-- Struktur dari tabel `cache_locks`
--

CREATE TABLE `cache_locks` (
  `key` varchar(255) NOT NULL,
  `owner` varchar(255) NOT NULL,
  `expiration` int(11) NOT NULL
) ENGINE=InnoDB DEFAULT CHARSET=utf8mb4 COLLATE=utf8mb4_general_ci;

-- --------------------------------------------------------

--
-- Struktur dari tabel `failed_jobs`
--

CREATE TABLE `failed_jobs` (
  `id` bigint(20) UNSIGNED NOT NULL,
  `uuid` varchar(255) NOT NULL,
  `connection` text NOT NULL,
  `queue` text NOT NULL,
  `payload` longtext NOT NULL,
  `exception` longtext NOT NULL,
  `failed_at` timestamp NOT NULL DEFAULT current_timestamp()
) ENGINE=InnoDB DEFAULT CHARSET=utf8mb4 COLLATE=utf8mb4_general_ci;

-- --------------------------------------------------------

--
-- Struktur dari tabel `jobs`
--

CREATE TABLE `jobs` (
  `id` bigint(20) UNSIGNED NOT NULL,
  `queue` varchar(255) NOT NULL,
  `payload` longtext NOT NULL,
  `attempts` tinyint(3) UNSIGNED NOT NULL,
  `reserved_at` int(10) UNSIGNED DEFAULT NULL,
  `available_at` int(10) UNSIGNED NOT NULL,
  `created_at` int(10) UNSIGNED NOT NULL
) ENGINE=InnoDB DEFAULT CHARSET=utf8mb4 COLLATE=utf8mb4_general_ci;

-- --------------------------------------------------------

--
-- Struktur dari tabel `job_batches`
--

CREATE TABLE `job_batches` (
  `id` varchar(255) NOT NULL,
  `name` varchar(255) NOT NULL,
  `total_jobs` int(11) NOT NULL,
  `pending_jobs` int(11) NOT NULL,
  `failed_jobs` int(11) NOT NULL,
  `failed_job_ids` longtext NOT NULL,
  `options` mediumtext DEFAULT NULL,
  `cancelled_at` int(11) DEFAULT NULL,
  `created_at` int(11) NOT NULL,
  `finished_at` int(11) DEFAULT NULL
) ENGINE=InnoDB DEFAULT CHARSET=utf8mb4 COLLATE=utf8mb4_general_ci;

-- --------------------------------------------------------

--
-- Struktur dari tabel `migrations`
--

CREATE TABLE `migrations` (
  `id` int(10) UNSIGNED NOT NULL,
  `migration` varchar(255) NOT NULL,
  `batch` int(11) NOT NULL
) ENGINE=InnoDB DEFAULT CHARSET=utf8mb4 COLLATE=utf8mb4_general_ci;

--
-- Dumping data untuk tabel `migrations`
--

INSERT INTO `migrations` (`id`, `migration`, `batch`) VALUES
(1, '0001_01_01_000000_create_users_table', 1),
(2, '0001_01_01_000001_create_cache_table', 1),
(3, '0001_01_01_000002_create_jobs_table', 1),
(4, '2026_03_15_114704_create_tb_users_table', 1),
(5, '2026_03_15_115855_create_tb_guru_table', 1),
(6, '2026_03_15_120236_create_tb_siswa_table', 1),
(7, '2026_03_15_120527_create_tb_data_training_table', 1),
(8, '2026_03_15_120647_create_tb_model_svm_table', 1),
(9, '2026_03_15_120755_create_tb_media_hafalan_table', 1),
(10, '2026_03_15_120852_create_tb_data_hafalan_table', 1),
(11, '2026_03_15_124633_create_tb_nilai_evaluasi_table', 1),
(12, '2026_03_15_124828_create_tb_hasil_klasifikasi_table', 1),
(13, '2026_03_15_125104_create_tb_rekomendasi_siswa_table', 1),
(14, '2026_03_15_125345_create_tb_log_evaluasi_model_table', 1),
(15, '2026_03_15_125633_create_tb_laporan_table', 1),
(16, '2026_03_24_182859_restructure_tb_data_training_for_svm', 1),
(17, '2026_05_09_110359_make_email_nullable_in_tb_users_table', 1),
(18, '2026_05_09_112441_change_tanggal_lahir_to_year_in_tb_siswa', 1),
(19, '2026_05_09_130130_drop_format_file_from_tb_media_hafalan', 1),
(20, '2026_05_09_142034_alter_tables_for_binary_classification', 1),
(21, '2026_05_11_070434_alter_tables_for_semester_classification', 1),
(22, '2026_05_11_080349_alter_tb_data_training_for_semester_classification', 1),
(23, '2026_07_04_075652_remove_makhraj_fashohah_from_tb_nilai_evaluasi', 1);

-- --------------------------------------------------------

--
-- Struktur dari tabel `password_reset_tokens`
--

CREATE TABLE `password_reset_tokens` (
  `email` varchar(255) NOT NULL,
  `token` varchar(255) NOT NULL,
  `created_at` timestamp NULL DEFAULT NULL
) ENGINE=InnoDB DEFAULT CHARSET=utf8mb4 COLLATE=utf8mb4_general_ci;

-- --------------------------------------------------------

--
-- Struktur dari tabel `sessions`
--

CREATE TABLE `sessions` (
  `id` varchar(255) NOT NULL,
  `user_id` bigint(20) UNSIGNED DEFAULT NULL,
  `ip_address` varchar(45) DEFAULT NULL,
  `user_agent` text DEFAULT NULL,
  `payload` longtext NOT NULL,
  `last_activity` int(11) NOT NULL
) ENGINE=InnoDB DEFAULT CHARSET=utf8mb4 COLLATE=utf8mb4_general_ci;

--
-- Dumping data untuk tabel `sessions`
--

INSERT INTO `sessions` (`id`, `user_id`, `ip_address`, `user_agent`, `payload`, `last_activity`) VALUES
('h36IaWEF3zTJMsdQaoyR3Ion9HEavCIBgmJPTT4m', NULL, '127.0.0.1', 'Mozilla/5.0 (Windows NT 10.0; Win64; x64) AppleWebKit/537.36 (KHTML, like Gecko) Chrome/150.0.0.0 Safari/537.36', 'YTo0OntzOjY6Il90b2tlbiI7czo0MDoiUFdzVkdDQ0ZCbWdTQTVwYkNaVk1qa2hhR0xDbHZza2twQnpGNGFzRCI7czozOiJ1cmwiO2E6MTp7czo4OiJpbnRlbmRlZCI7czozMToiaHR0cDovLzEyNy4wLjAuMTo4MDAwL2Rhc2hib2FyZCI7fXM6OToiX3ByZXZpb3VzIjthOjE6e3M6MzoidXJsIjtzOjMxOiJodHRwOi8vMTI3LjAuMC4xOjgwMDAvZGFzaGJvYXJkIjt9czo2OiJfZmxhc2giO2E6Mjp7czozOiJvbGQiO2E6MDp7fXM6MzoibmV3IjthOjA6e319fQ==', 1784134969),
('OR2FowKY3MapHQArzwm6nlIRAhcoI6LgeNGPQ6rU', 1, '127.0.0.1', 'Mozilla/5.0 (Windows NT 10.0; Win64; x64) AppleWebKit/537.36 (KHTML, like Gecko) Chrome/150.0.0.0 Safari/537.36', 'YTo0OntzOjY6Il90b2tlbiI7czo0MDoiemw4ZU43QnRiN2lCMjNMbERKb3JnVmhGUUFVSmNaMEZpR0dpZjB0eiI7czo2OiJfZmxhc2giO2E6Mjp7czozOiJvbGQiO2E6MDp7fXM6MzoibmV3IjthOjA6e319czo5OiJfcHJldmlvdXMiO2E6MTp7czozOiJ1cmwiO3M6NDE6Imh0dHA6Ly8xMjcuMC4wLjE6ODAwMC9hZG1pbi9kYXRhLXRyYWluaW5nIjt9czo1MDoibG9naW5fd2ViXzU5YmEzNmFkZGMyYjJmOTQwMTU4MGYwMTRjN2Y1OGVhNGUzMDk4OWQiO2k6MTt9', 1784170157),
('UYQFBkg5kHuZj6GKtLZgHHZEkvtIelhhqgtPvHKj', NULL, '127.0.0.1', 'Mozilla/5.0 (Windows NT 10.0; Win64; x64) AppleWebKit/537.36 (KHTML, like Gecko) Chrome/150.0.0.0 Safari/537.36', 'YTozOntzOjY6Il90b2tlbiI7czo0MDoiWFF0cjBSaGRzeFBvbmg2d3ZmM1psa2dOQml2bDBOczQyRWNFWmZzcCI7czo5OiJfcHJldmlvdXMiO2E6MTp7czozOiJ1cmwiO3M6Mjc6Imh0dHA6Ly8xMjcuMC4wLjE6ODAwMC9sb2dpbiI7fXM6NjoiX2ZsYXNoIjthOjI6e3M6Mzoib2xkIjthOjA6e31zOjM6Im5ldyI7YTowOnt9fX0=', 1784205570),
('uZHgdsbEIR00ShtWoOulIP88G2YK2SvU5euv4RYi', NULL, '127.0.0.1', 'Mozilla/5.0 (Windows NT 10.0; Win64; x64) AppleWebKit/537.36 (KHTML, like Gecko) Chrome/150.0.0.0 Safari/537.36', 'YTo0OntzOjY6Il90b2tlbiI7czo0MDoidU0wd0RyTzJkeHp1NUF0ZUhNNXFaZEZPVHNUWUxBZGc4RzVZRWlJZyI7czozOiJ1cmwiO2E6MTp7czo4OiJpbnRlbmRlZCI7czo0MToiaHR0cDovLzEyNy4wLjAuMTo4MDAwL2FkbWluL2RhdGEtdHJhaW5pbmciO31zOjk6Il9wcmV2aW91cyI7YToxOntzOjM6InVybCI7czoyNzoiaHR0cDovLzEyNy4wLjAuMTo4MDAwL2xvZ2luIjt9czo2OiJfZmxhc2giO2E6Mjp7czozOiJvbGQiO2E6MDp7fXM6MzoibmV3IjthOjA6e319fQ==', 1784198035),
('Y3YI4PQ0hYDKzVHUoAk0JdzU7xpK3yjngqiV66MM', NULL, '127.0.0.1', 'Mozilla/5.0 (Windows NT 10.0; Win64; x64) AppleWebKit/537.36 (KHTML, like Gecko) Chrome/150.0.0.0 Safari/537.36', 'YTozOntzOjY6Il90b2tlbiI7czo0MDoiMHp1cmlTN3hWaHhFQXhMR0IzWk5zNG9hTjU3ZllSa3dyamc5RWFHSyI7czo2OiJfZmxhc2giO2E6Mjp7czozOiJuZXciO2E6MDp7fXM6Mzoib2xkIjthOjA6e319czo5OiJfcHJldmlvdXMiO2E6MTp7czozOiJ1cmwiO3M6Mjc6Imh0dHA6Ly8xMjcuMC4wLjE6ODAwMC9sb2dpbiI7fX0=', 1784142006);

-- --------------------------------------------------------

--
-- Struktur dari tabel `tb_data_hafalan`
--

CREATE TABLE `tb_data_hafalan` (
  `id` bigint(20) UNSIGNED NOT NULL,
  `id_siswa` bigint(20) UNSIGNED NOT NULL,
  `id_guru` bigint(20) UNSIGNED NOT NULL,
  `id_media` bigint(20) UNSIGNED DEFAULT NULL COMMENT 'Media yang digunakan siswa saat menghafal',
  `nama_surah` varchar(100) NOT NULL,
  `jumlah_ayat` smallint(5) UNSIGNED NOT NULL COMMENT 'Total ayat yang dihafal',
  `periode_semester` varchar(50) DEFAULT NULL COMMENT 'Misal: Genap 2026/2027',
  `tanggal_input` timestamp NOT NULL DEFAULT current_timestamp(),
  `created_at` timestamp NULL DEFAULT NULL,
  `updated_at` timestamp NULL DEFAULT NULL
) ENGINE=InnoDB DEFAULT CHARSET=utf8mb4 COLLATE=utf8mb4_general_ci;

--
-- Dumping data untuk tabel `tb_data_hafalan`
--

INSERT INTO `tb_data_hafalan` (`id`, `id_siswa`, `id_guru`, `id_media`, `nama_surah`, `jumlah_ayat`, `periode_semester`, `tanggal_input`, `created_at`, `updated_at`) VALUES
(1759, 6, 1, 7, 'Al-Insyiqaq', 25, 'Ganjil 2025/2026', '2025-07-30 08:56:57', '2025-07-30 08:56:57', '2025-07-30 08:56:57'),
(1760, 6, 1, 9, 'Al-Falaq', 5, 'Ganjil 2025/2026', '2025-08-06 08:56:57', '2025-08-06 08:56:57', '2025-08-06 08:56:57'),
(1761, 6, 1, 7, 'Ad-Duha', 12, 'Ganjil 2025/2026', '2025-08-13 08:56:57', '2025-08-13 08:56:57', '2025-08-13 08:56:57'),
(1762, 6, 1, 7, 'Al-Humazah', 9, 'Ganjil 2025/2026', '2025-08-20 08:56:57', '2025-08-20 08:56:57', '2025-08-20 08:56:57'),
(1763, 6, 1, 7, 'Al-Buruj', 22, 'Ganjil 2025/2026', '2025-08-27 08:56:57', '2025-08-27 08:56:57', '2025-08-27 08:56:57'),
(1764, 6, 1, 9, 'Al-Buruj', 23, 'Ganjil 2025/2026', '2025-09-03 08:56:57', '2025-09-03 08:56:57', '2025-09-03 08:56:57'),
(1765, 6, 1, 7, 'An-Nas', 6, 'Ganjil 2025/2026', '2025-09-10 08:56:57', '2025-09-10 08:56:57', '2025-09-10 08:56:57'),
(1766, 6, 1, 7, 'Al-Fatihah', 7, 'Ganjil 2025/2026', '2025-09-17 08:56:57', '2025-09-17 08:56:57', '2025-09-17 08:56:57'),
(1767, 6, 1, 7, 'Ad-Duha', 12, 'Ganjil 2025/2026', '2025-09-24 08:56:57', '2025-09-24 08:56:57', '2025-09-24 08:56:57'),
(1768, 6, 1, 7, 'Al-Buruj', 22, 'Ganjil 2025/2026', '2025-10-01 08:56:57', '2025-10-01 08:56:57', '2025-10-01 08:56:57'),
(1769, 6, 1, 9, 'Al-Insyiqaq', 25, 'Ganjil 2025/2026', '2025-10-08 08:56:57', '2025-10-08 08:56:57', '2025-10-08 08:56:57'),
(1770, 6, 1, 9, 'Ad-Duha', 12, 'Ganjil 2025/2026', '2025-10-15 08:56:57', '2025-10-15 08:56:57', '2025-10-15 08:56:57'),
(1771, 6, 1, 9, 'Al-Buruj', 23, 'Ganjil 2025/2026', '2025-10-22 08:56:57', '2025-10-22 08:56:57', '2025-10-22 08:56:57'),
(1772, 6, 1, 7, 'Al-Falaq', 5, 'Ganjil 2025/2026', '2025-10-29 08:56:57', '2025-10-29 08:56:57', '2025-10-29 08:56:57'),
(1773, 6, 1, 9, 'At-Tariq', 18, 'Ganjil 2025/2026', '2025-11-05 08:56:57', '2025-11-05 08:56:57', '2025-11-05 08:56:57'),
(1774, 6, 1, 7, 'Ad-Duha', 13, 'Ganjil 2025/2026', '2025-11-12 08:56:57', '2025-11-12 08:56:57', '2025-11-12 08:56:57'),
(1775, 6, 1, 9, 'Ad-Duha', 11, 'Ganjil 2025/2026', '2025-11-19 08:56:57', '2025-11-19 08:56:57', '2025-11-19 08:56:57'),
(1776, 6, 1, 7, 'Az-Zalzalah', 8, 'Ganjil 2025/2026', '2025-11-26 08:56:57', '2025-11-26 08:56:57', '2025-11-26 08:56:57'),
(1777, 6, 1, 7, 'At-Tariq', 17, 'Ganjil 2025/2026', '2025-12-03 08:56:57', '2025-12-03 08:56:57', '2025-12-03 08:56:57'),
(1778, 6, 1, 9, 'Asy-Syams', 16, 'Ganjil 2025/2026', '2025-12-10 08:56:57', '2025-12-10 08:56:57', '2025-12-10 08:56:57'),
(1779, 6, 1, 9, 'Al-Insyiqaq', 24, 'Ganjil 2025/2026', '2025-12-17 08:56:57', '2025-12-17 08:56:57', '2025-12-17 08:56:57'),
(1780, 6, 1, 9, 'An-Nas', 6, 'Ganjil 2025/2026', '2025-12-24 08:56:57', '2025-12-24 08:56:57', '2025-12-24 08:56:57'),
(1781, 6, 1, 7, 'Al-Buruj', 22, 'Ganjil 2025/2026', '2025-12-31 08:56:57', '2025-12-31 08:56:57', '2025-12-31 08:56:57'),
(1782, 6, 1, 7, 'At-Tariq', 17, 'Ganjil 2025/2026', '2026-01-07 08:56:57', '2026-01-07 08:56:57', '2026-01-07 08:56:57'),
(1783, 6, 1, 9, 'Al-Buruj', 22, 'Ganjil 2025/2026', '2026-01-14 08:56:57', '2026-01-14 08:56:57', '2026-01-14 08:56:57'),
(1784, 6, 1, 9, 'Al-Insyiqaq', 25, 'Ganjil 2025/2026', '2026-01-21 08:56:57', '2026-01-21 08:56:57', '2026-01-21 08:56:57'),
(1785, 6, 1, 7, 'Al-Buruj', 23, 'Ganjil 2025/2026', '2026-01-28 08:56:57', '2026-01-28 08:56:57', '2026-01-28 08:56:57'),
(1786, 7, 2, 9, 'Al-Buruj', 22, 'Ganjil 2025/2026', '2025-07-30 08:56:57', '2025-07-30 08:56:57', '2025-07-30 08:56:57'),
(1787, 7, 2, 9, 'Al-Buruj', 23, 'Ganjil 2025/2026', '2025-08-06 08:56:57', '2025-08-06 08:56:57', '2025-08-06 08:56:57'),
(1788, 7, 2, 9, 'Al-Buruj', 23, 'Ganjil 2025/2026', '2025-08-13 08:56:57', '2025-08-13 08:56:57', '2025-08-13 08:56:57'),
(1789, 7, 2, 7, 'Asy-Syams', 16, 'Ganjil 2025/2026', '2025-08-20 08:56:57', '2025-08-20 08:56:57', '2025-08-20 08:56:57'),
(1790, 7, 2, 9, 'Al-Humazah', 9, 'Ganjil 2025/2026', '2025-08-27 08:56:57', '2025-08-27 08:56:57', '2025-08-27 08:56:57'),
(1791, 7, 2, 7, 'Al-Fatihah', 7, 'Ganjil 2025/2026', '2025-09-03 08:56:57', '2025-09-03 08:56:57', '2025-09-03 08:56:57'),
(1792, 7, 2, 7, 'Az-Zalzalah', 8, 'Ganjil 2025/2026', '2025-09-10 08:56:57', '2025-09-10 08:56:57', '2025-09-10 08:56:57'),
(1793, 7, 2, 7, 'Al-Insyiqaq', 25, 'Ganjil 2025/2026', '2025-09-17 08:56:57', '2025-09-17 08:56:57', '2025-09-17 08:56:57'),
(1794, 7, 2, 7, 'At-Tariq', 18, 'Ganjil 2025/2026', '2025-09-24 08:56:57', '2025-09-24 08:56:57', '2025-09-24 08:56:57'),
(1795, 7, 2, 9, 'At-Tariq', 17, 'Ganjil 2025/2026', '2025-10-01 08:56:57', '2025-10-01 08:56:57', '2025-10-01 08:56:57'),
(1796, 7, 2, 9, 'Al-Insyiqaq', 24, 'Ganjil 2025/2026', '2025-10-08 08:56:57', '2025-10-08 08:56:57', '2025-10-08 08:56:57'),
(1797, 7, 2, 9, 'Al-Lail', 21, 'Ganjil 2025/2026', '2025-10-15 08:56:57', '2025-10-15 08:56:57', '2025-10-15 08:56:57'),
(1798, 7, 2, 7, 'Al-Buruj', 22, 'Ganjil 2025/2026', '2025-10-22 08:56:57', '2025-10-22 08:56:57', '2025-10-22 08:56:57'),
(1799, 7, 2, 9, 'Az-Zalzalah', 8, 'Ganjil 2025/2026', '2025-10-29 08:56:57', '2025-10-29 08:56:57', '2025-10-29 08:56:57'),
(1800, 7, 2, 9, 'Al-Insyiqaq', 25, 'Ganjil 2025/2026', '2025-11-05 08:56:57', '2025-11-05 08:56:57', '2025-11-05 08:56:57'),
(1801, 7, 2, 9, 'Az-Zalzalah', 8, 'Ganjil 2025/2026', '2025-11-12 08:56:57', '2025-11-12 08:56:57', '2025-11-12 08:56:57'),
(1802, 7, 2, 7, 'At-Tariq', 18, 'Ganjil 2025/2026', '2025-11-19 08:56:57', '2025-11-19 08:56:57', '2025-11-19 08:56:57'),
(1803, 7, 2, 7, 'Al-Ala', 19, 'Ganjil 2025/2026', '2025-11-26 08:56:57', '2025-11-26 08:56:57', '2025-11-26 08:56:57'),
(1804, 7, 2, 7, 'Ad-Duha', 13, 'Ganjil 2025/2026', '2025-12-03 08:56:57', '2025-12-03 08:56:57', '2025-12-03 08:56:57'),
(1805, 7, 2, 7, 'Al-Lail', 21, 'Ganjil 2025/2026', '2025-12-10 08:56:57', '2025-12-10 08:56:57', '2025-12-10 08:56:57'),
(1806, 7, 2, 9, 'Al-Insyiqaq', 25, 'Ganjil 2025/2026', '2025-12-17 08:56:57', '2025-12-17 08:56:57', '2025-12-17 08:56:57'),
(1807, 7, 2, 7, 'Al-Insyiqaq', 25, 'Ganjil 2025/2026', '2025-12-24 08:56:57', '2025-12-24 08:56:57', '2025-12-24 08:56:57'),
(1808, 7, 2, 9, 'Al-Humazah', 9, 'Ganjil 2025/2026', '2025-12-31 08:56:57', '2025-12-31 08:56:57', '2025-12-31 08:56:57'),
(1809, 7, 2, 7, 'Al-Humazah', 10, 'Ganjil 2025/2026', '2026-01-07 08:56:57', '2026-01-07 08:56:57', '2026-01-07 08:56:57'),
(1810, 7, 2, 9, 'Al-Insyiqaq', 24, 'Ganjil 2025/2026', '2026-01-14 08:56:57', '2026-01-14 08:56:57', '2026-01-14 08:56:57'),
(1811, 7, 2, 7, 'Al-Balad', 20, 'Ganjil 2025/2026', '2026-01-21 08:56:57', '2026-01-21 08:56:57', '2026-01-21 08:56:57'),
(1812, 7, 2, 9, 'Az-Zalzalah', 8, 'Ganjil 2025/2026', '2026-01-28 08:56:57', '2026-01-28 08:56:57', '2026-01-28 08:56:57'),
(1813, 7, 2, 7, 'Asy-Syams', 14, 'Ganjil 2025/2026', '2026-02-04 08:56:57', '2026-02-04 08:56:57', '2026-02-04 08:56:57'),
(1814, 7, 2, 7, 'An-Nas', 6, 'Ganjil 2025/2026', '2026-02-11 08:56:57', '2026-02-11 08:56:57', '2026-02-11 08:56:57'),
(1815, 7, 2, 7, 'Al-Buruj', 23, 'Ganjil 2025/2026', '2026-02-18 08:56:57', '2026-02-18 08:56:57', '2026-02-18 08:56:57'),
(1816, 7, 2, 9, 'Al-Fatihah', 7, 'Ganjil 2025/2026', '2026-02-25 08:56:57', '2026-02-25 08:56:57', '2026-02-25 08:56:57'),
(1817, 7, 2, 7, 'Al-Fatihah', 7, 'Ganjil 2025/2026', '2026-03-04 08:56:57', '2026-03-04 08:56:57', '2026-03-04 08:56:57'),
(1818, 8, 3, 7, 'Ad-Duha', 11, 'Ganjil 2025/2026', '2025-07-30 08:56:58', '2025-07-30 08:56:58', '2025-07-30 08:56:58'),
(1819, 8, 3, 9, 'Al-Buruj', 23, 'Ganjil 2025/2026', '2025-08-06 08:56:58', '2025-08-06 08:56:58', '2025-08-06 08:56:58'),
(1820, 8, 3, 9, 'Ad-Duha', 12, 'Ganjil 2025/2026', '2025-08-13 08:56:58', '2025-08-13 08:56:58', '2025-08-13 08:56:58'),
(1821, 8, 3, 7, 'At-Tariq', 18, 'Ganjil 2025/2026', '2025-08-20 08:56:58', '2025-08-20 08:56:58', '2025-08-20 08:56:58'),
(1822, 8, 3, 7, 'Az-Zalzalah', 8, 'Ganjil 2025/2026', '2025-08-27 08:56:58', '2025-08-27 08:56:58', '2025-08-27 08:56:58'),
(1823, 8, 3, 9, 'At-Tariq', 18, 'Ganjil 2025/2026', '2025-09-03 08:56:58', '2025-09-03 08:56:58', '2025-09-03 08:56:58'),
(1824, 8, 3, 9, 'At-Tariq', 18, 'Ganjil 2025/2026', '2025-09-10 08:56:58', '2025-09-10 08:56:58', '2025-09-10 08:56:58'),
(1825, 8, 3, 7, 'Al-Ala', 19, 'Ganjil 2025/2026', '2025-09-17 08:56:58', '2025-09-17 08:56:58', '2025-09-17 08:56:58'),
(1826, 8, 3, 7, 'Al-Insyiqaq', 25, 'Ganjil 2025/2026', '2025-09-24 08:56:58', '2025-09-24 08:56:58', '2025-09-24 08:56:58'),
(1827, 8, 3, 9, 'An-Nas', 6, 'Ganjil 2025/2026', '2025-10-01 08:56:58', '2025-10-01 08:56:58', '2025-10-01 08:56:58'),
(1828, 8, 3, 7, 'Asy-Syams', 15, 'Ganjil 2025/2026', '2025-10-08 08:56:58', '2025-10-08 08:56:58', '2025-10-08 08:56:58'),
(1829, 8, 3, 7, 'Ad-Duha', 12, 'Ganjil 2025/2026', '2025-10-15 08:56:58', '2025-10-15 08:56:58', '2025-10-15 08:56:58'),
(1830, 8, 3, 9, 'Ad-Duha', 11, 'Ganjil 2025/2026', '2025-10-22 08:56:58', '2025-10-22 08:56:58', '2025-10-22 08:56:58'),
(1831, 8, 3, 9, 'Al-Humazah', 9, 'Ganjil 2025/2026', '2025-10-29 08:56:58', '2025-10-29 08:56:58', '2025-10-29 08:56:58'),
(1832, 8, 3, 9, 'Al-Humazah', 10, 'Ganjil 2025/2026', '2025-11-05 08:56:58', '2025-11-05 08:56:58', '2025-11-05 08:56:58'),
(1833, 8, 3, 7, 'Al-Ala', 19, 'Ganjil 2025/2026', '2025-11-12 08:56:58', '2025-11-12 08:56:58', '2025-11-12 08:56:58'),
(1834, 8, 3, 9, 'Al-Fatihah', 7, 'Ganjil 2025/2026', '2025-11-19 08:56:58', '2025-11-19 08:56:58', '2025-11-19 08:56:58'),
(1835, 8, 3, 7, 'Al-Buruj', 22, 'Ganjil 2025/2026', '2025-11-26 08:56:58', '2025-11-26 08:56:58', '2025-11-26 08:56:58'),
(1836, 9, 4, 9, 'Al-Lail', 21, 'Ganjil 2025/2026', '2025-07-30 08:56:58', '2025-07-30 08:56:58', '2025-07-30 08:56:58'),
(1837, 9, 4, 9, 'Al-Humazah', 9, 'Ganjil 2025/2026', '2025-08-06 08:56:58', '2025-08-06 08:56:58', '2025-08-06 08:56:58'),
(1838, 9, 4, 7, 'Al-Fatihah', 7, 'Ganjil 2025/2026', '2025-08-13 08:56:58', '2025-08-13 08:56:58', '2025-08-13 08:56:58'),
(1839, 9, 4, 9, 'Asy-Syams', 16, 'Ganjil 2025/2026', '2025-08-20 08:56:58', '2025-08-20 08:56:58', '2025-08-20 08:56:58'),
(1840, 9, 4, 9, 'Al-Humazah', 10, 'Ganjil 2025/2026', '2025-08-27 08:56:58', '2025-08-27 08:56:58', '2025-08-27 08:56:58'),
(1841, 9, 4, 9, 'Al-Buruj', 22, 'Ganjil 2025/2026', '2025-09-03 08:56:58', '2025-09-03 08:56:58', '2025-09-03 08:56:58'),
(1842, 9, 4, 7, 'Al-Insyiqaq', 24, 'Ganjil 2025/2026', '2025-09-10 08:56:58', '2025-09-10 08:56:58', '2025-09-10 08:56:58'),
(1843, 9, 4, 9, 'Al-Buruj', 22, 'Ganjil 2025/2026', '2025-09-17 08:56:58', '2025-09-17 08:56:58', '2025-09-17 08:56:58'),
(1844, 9, 4, 7, 'Az-Zalzalah', 8, 'Ganjil 2025/2026', '2025-09-24 08:56:58', '2025-09-24 08:56:58', '2025-09-24 08:56:58'),
(1845, 9, 4, 7, 'Ad-Duha', 13, 'Ganjil 2025/2026', '2025-10-01 08:56:58', '2025-10-01 08:56:58', '2025-10-01 08:56:58'),
(1846, 9, 4, 7, 'Az-Zalzalah', 8, 'Ganjil 2025/2026', '2025-10-08 08:56:58', '2025-10-08 08:56:58', '2025-10-08 08:56:58'),
(1847, 9, 4, 9, 'Ad-Duha', 13, 'Ganjil 2025/2026', '2025-10-15 08:56:58', '2025-10-15 08:56:58', '2025-10-15 08:56:58'),
(1848, 9, 4, 7, 'Al-Insyiqaq', 24, 'Ganjil 2025/2026', '2025-10-22 08:56:58', '2025-10-22 08:56:58', '2025-10-22 08:56:58'),
(1849, 9, 4, 7, 'Asy-Syams', 15, 'Ganjil 2025/2026', '2025-10-29 08:56:58', '2025-10-29 08:56:58', '2025-10-29 08:56:58'),
(1850, 9, 4, 9, 'Al-Insyiqaq', 25, 'Ganjil 2025/2026', '2025-11-05 08:56:58', '2025-11-05 08:56:58', '2025-11-05 08:56:58'),
(1851, 9, 4, 9, 'Al-Lail', 21, 'Ganjil 2025/2026', '2025-11-12 08:56:58', '2025-11-12 08:56:58', '2025-11-12 08:56:58'),
(1852, 9, 4, 7, 'Ad-Duha', 13, 'Ganjil 2025/2026', '2025-11-19 08:56:58', '2025-11-19 08:56:58', '2025-11-19 08:56:58'),
(1853, 9, 4, 9, 'Al-Fatihah', 7, 'Ganjil 2025/2026', '2025-11-26 08:56:58', '2025-11-26 08:56:58', '2025-11-26 08:56:58'),
(1854, 9, 4, 7, 'Ad-Duha', 13, 'Ganjil 2025/2026', '2025-12-03 08:56:58', '2025-12-03 08:56:58', '2025-12-03 08:56:58'),
(1855, 9, 4, 9, 'Al-Falaq', 5, 'Ganjil 2025/2026', '2025-12-10 08:56:58', '2025-12-10 08:56:58', '2025-12-10 08:56:58'),
(1856, 9, 4, 9, 'Al-Humazah', 9, 'Ganjil 2025/2026', '2025-12-17 08:56:58', '2025-12-17 08:56:58', '2025-12-17 08:56:58'),
(1857, 9, 4, 9, 'Al-Humazah', 10, 'Ganjil 2025/2026', '2025-12-24 08:56:58', '2025-12-24 08:56:58', '2025-12-24 08:56:58'),
(1858, 9, 4, 9, 'Al-Buruj', 22, 'Ganjil 2025/2026', '2025-12-31 08:56:58', '2025-12-31 08:56:58', '2025-12-31 08:56:58'),
(1859, 9, 4, 7, 'Al-Buruj', 22, 'Ganjil 2025/2026', '2026-01-07 08:56:58', '2026-01-07 08:56:58', '2026-01-07 08:56:58'),
(1860, 9, 4, 7, 'Az-Zalzalah', 8, 'Ganjil 2025/2026', '2026-01-14 08:56:58', '2026-01-14 08:56:58', '2026-01-14 08:56:58'),
(1861, 9, 4, 7, 'Al-Humazah', 9, 'Ganjil 2025/2026', '2026-01-21 08:56:58', '2026-01-21 08:56:58', '2026-01-21 08:56:58'),
(1862, 9, 4, 7, 'Asy-Syams', 16, 'Ganjil 2025/2026', '2026-01-28 08:56:58', '2026-01-28 08:56:58', '2026-01-28 08:56:58'),
(1863, 9, 4, 7, 'At-Tariq', 18, 'Ganjil 2025/2026', '2026-02-04 08:56:58', '2026-02-04 08:56:58', '2026-02-04 08:56:58'),
(1864, 9, 4, 9, 'An-Nas', 6, 'Ganjil 2025/2026', '2026-02-11 08:56:58', '2026-02-11 08:56:58', '2026-02-11 08:56:58'),
(1865, 9, 4, 7, 'Asy-Syams', 16, 'Ganjil 2025/2026', '2026-02-18 08:56:58', '2026-02-18 08:56:58', '2026-02-18 08:56:58'),
(1866, 9, 4, 7, 'Asy-Syams', 16, 'Ganjil 2025/2026', '2026-02-25 08:56:58', '2026-02-25 08:56:58', '2026-02-25 08:56:58'),
(1867, 9, 4, 7, 'Ad-Duha', 12, 'Ganjil 2025/2026', '2026-03-04 08:56:58', '2026-03-04 08:56:58', '2026-03-04 08:56:58'),
(1868, 10, 5, 9, 'Al-Buruj', 22, 'Ganjil 2025/2026', '2025-07-30 08:56:58', '2025-07-30 08:56:58', '2025-07-30 08:56:58'),
(1869, 10, 5, 7, 'Al-Falaq', 5, 'Ganjil 2025/2026', '2025-08-06 08:56:58', '2025-08-06 08:56:58', '2025-08-06 08:56:58'),
(1870, 10, 5, 7, 'Ad-Duha', 13, 'Ganjil 2025/2026', '2025-08-13 08:56:58', '2025-08-13 08:56:58', '2025-08-13 08:56:58'),
(1871, 10, 5, 9, 'Al-Buruj', 23, 'Ganjil 2025/2026', '2025-08-20 08:56:58', '2025-08-20 08:56:58', '2025-08-20 08:56:58'),
(1872, 10, 5, 7, 'An-Nas', 6, 'Ganjil 2025/2026', '2025-08-27 08:56:58', '2025-08-27 08:56:58', '2025-08-27 08:56:58'),
(1873, 10, 5, 9, 'Al-Insyiqaq', 24, 'Ganjil 2025/2026', '2025-09-03 08:56:58', '2025-09-03 08:56:58', '2025-09-03 08:56:58'),
(1874, 10, 5, 9, 'Asy-Syams', 16, 'Ganjil 2025/2026', '2025-09-10 08:56:58', '2025-09-10 08:56:58', '2025-09-10 08:56:58'),
(1875, 10, 5, 7, 'At-Tariq', 18, 'Ganjil 2025/2026', '2025-09-17 08:56:58', '2025-09-17 08:56:58', '2025-09-17 08:56:58'),
(1876, 10, 5, 7, 'At-Tariq', 17, 'Ganjil 2025/2026', '2025-09-24 08:56:58', '2025-09-24 08:56:58', '2025-09-24 08:56:58'),
(1877, 10, 5, 7, 'Ad-Duha', 13, 'Ganjil 2025/2026', '2025-10-01 08:56:58', '2025-10-01 08:56:58', '2025-10-01 08:56:58'),
(1878, 10, 5, 7, 'At-Tariq', 18, 'Ganjil 2025/2026', '2025-10-08 08:56:58', '2025-10-08 08:56:58', '2025-10-08 08:56:58'),
(1879, 10, 5, 7, 'Al-Lail', 21, 'Ganjil 2025/2026', '2025-10-15 08:56:58', '2025-10-15 08:56:58', '2025-10-15 08:56:58'),
(1880, 10, 5, 9, 'Asy-Syams', 16, 'Ganjil 2025/2026', '2025-10-22 08:56:58', '2025-10-22 08:56:58', '2025-10-22 08:56:58'),
(1881, 10, 5, 9, 'Al-Fatihah', 7, 'Ganjil 2025/2026', '2025-10-29 08:56:58', '2025-10-29 08:56:58', '2025-10-29 08:56:58'),
(1882, 10, 5, 9, 'Al-Insyiqaq', 24, 'Ganjil 2025/2026', '2025-11-05 08:56:58', '2025-11-05 08:56:58', '2025-11-05 08:56:58'),
(1883, 10, 5, 9, 'Az-Zalzalah', 8, 'Ganjil 2025/2026', '2025-11-12 08:56:58', '2025-11-12 08:56:58', '2025-11-12 08:56:58'),
(1884, 10, 5, 9, 'Al-Lail', 21, 'Ganjil 2025/2026', '2025-11-19 08:56:58', '2025-11-19 08:56:58', '2025-11-19 08:56:58'),
(1885, 10, 5, 9, 'At-Tariq', 18, 'Ganjil 2025/2026', '2025-11-26 08:56:58', '2025-11-26 08:56:58', '2025-11-26 08:56:58'),
(1886, 10, 5, 9, 'At-Tariq', 17, 'Ganjil 2025/2026', '2025-12-03 08:56:58', '2025-12-03 08:56:58', '2025-12-03 08:56:58'),
(1887, 10, 5, 7, 'Al-Buruj', 22, 'Ganjil 2025/2026', '2025-12-10 08:56:58', '2025-12-10 08:56:58', '2025-12-10 08:56:58'),
(1888, 10, 5, 9, 'Ad-Duha', 11, 'Ganjil 2025/2026', '2025-12-17 08:56:58', '2025-12-17 08:56:58', '2025-12-17 08:56:58'),
(1889, 10, 5, 7, 'At-Tariq', 17, 'Ganjil 2025/2026', '2025-12-24 08:56:58', '2025-12-24 08:56:58', '2025-12-24 08:56:58'),
(1890, 10, 5, 9, 'Al-Insyiqaq', 24, 'Ganjil 2025/2026', '2025-12-31 08:56:58', '2025-12-31 08:56:58', '2025-12-31 08:56:58'),
(1891, 10, 5, 7, 'At-Tariq', 17, 'Ganjil 2025/2026', '2026-01-07 08:56:58', '2026-01-07 08:56:58', '2026-01-07 08:56:58'),
(1892, 10, 5, 9, 'Asy-Syams', 14, 'Ganjil 2025/2026', '2026-01-14 08:56:58', '2026-01-14 08:56:58', '2026-01-14 08:56:58'),
(1893, 10, 5, 9, 'Ad-Duha', 11, 'Ganjil 2025/2026', '2026-01-21 08:56:58', '2026-01-21 08:56:58', '2026-01-21 08:56:58'),
(1894, 10, 5, 9, 'Al-Buruj', 23, 'Ganjil 2025/2026', '2026-01-28 08:56:58', '2026-01-28 08:56:58', '2026-01-28 08:56:58'),
(1895, 10, 5, 9, 'Al-Ala', 19, 'Ganjil 2025/2026', '2026-02-04 08:56:58', '2026-02-04 08:56:58', '2026-02-04 08:56:58'),
(1896, 10, 5, 7, 'Al-Ala', 19, 'Ganjil 2025/2026', '2026-02-11 08:56:58', '2026-02-11 08:56:58', '2026-02-11 08:56:58'),
(1897, 10, 5, 9, 'Al-Lail', 21, 'Ganjil 2025/2026', '2026-02-18 08:56:58', '2026-02-18 08:56:58', '2026-02-18 08:56:58'),
(1898, 10, 5, 7, 'Al-Humazah', 10, 'Ganjil 2025/2026', '2026-02-25 08:56:58', '2026-02-25 08:56:58', '2026-02-25 08:56:58'),
(1899, 10, 5, 9, 'Asy-Syams', 14, 'Ganjil 2025/2026', '2026-03-04 08:56:58', '2026-03-04 08:56:58', '2026-03-04 08:56:58'),
(1900, 11, 1, 9, 'Al-Ala', 19, 'Ganjil 2025/2026', '2025-07-30 08:56:58', '2025-07-30 08:56:58', '2025-07-30 08:56:58'),
(1901, 11, 1, 9, 'Al-Buruj', 22, 'Ganjil 2025/2026', '2025-08-06 08:56:58', '2025-08-06 08:56:58', '2025-08-06 08:56:58'),
(1902, 11, 1, 9, 'Al-Humazah', 10, 'Ganjil 2025/2026', '2025-08-13 08:56:58', '2025-08-13 08:56:58', '2025-08-13 08:56:58'),
(1903, 11, 1, 9, 'Al-Ala', 19, 'Ganjil 2025/2026', '2025-08-20 08:56:58', '2025-08-20 08:56:58', '2025-08-20 08:56:58'),
(1904, 11, 1, 9, 'Ad-Duha', 12, 'Ganjil 2025/2026', '2025-08-27 08:56:58', '2025-08-27 08:56:58', '2025-08-27 08:56:58'),
(1905, 11, 1, 9, 'Al-Lail', 21, 'Ganjil 2025/2026', '2025-09-03 08:56:58', '2025-09-03 08:56:58', '2025-09-03 08:56:58'),
(1906, 11, 1, 7, 'Al-Insyiqaq', 25, 'Ganjil 2025/2026', '2025-09-10 08:56:58', '2025-09-10 08:56:58', '2025-09-10 08:56:58'),
(1907, 11, 1, 9, 'Ad-Duha', 13, 'Ganjil 2025/2026', '2025-09-17 08:56:58', '2025-09-17 08:56:58', '2025-09-17 08:56:58'),
(1908, 11, 1, 9, 'Al-Fatihah', 7, 'Ganjil 2025/2026', '2025-09-24 08:56:58', '2025-09-24 08:56:58', '2025-09-24 08:56:58'),
(1909, 11, 1, 9, 'Ad-Duha', 12, 'Ganjil 2025/2026', '2025-10-01 08:56:58', '2025-10-01 08:56:58', '2025-10-01 08:56:58'),
(1910, 11, 1, 9, 'Asy-Syams', 15, 'Ganjil 2025/2026', '2025-10-08 08:56:58', '2025-10-08 08:56:58', '2025-10-08 08:56:58'),
(1911, 11, 1, 7, 'Al-Buruj', 22, 'Ganjil 2025/2026', '2025-10-15 08:56:58', '2025-10-15 08:56:58', '2025-10-15 08:56:58'),
(1912, 11, 1, 7, 'Al-Humazah', 9, 'Ganjil 2025/2026', '2025-10-22 08:56:58', '2025-10-22 08:56:58', '2025-10-22 08:56:58'),
(1913, 11, 1, 9, 'Ad-Duha', 12, 'Ganjil 2025/2026', '2025-10-29 08:56:58', '2025-10-29 08:56:58', '2025-10-29 08:56:58'),
(1914, 11, 1, 7, 'Al-Humazah', 9, 'Ganjil 2025/2026', '2025-11-05 08:56:58', '2025-11-05 08:56:58', '2025-11-05 08:56:58'),
(1915, 11, 1, 9, 'Al-Fatihah', 7, 'Ganjil 2025/2026', '2025-11-12 08:56:58', '2025-11-12 08:56:58', '2025-11-12 08:56:58'),
(1916, 11, 1, 9, 'At-Tariq', 18, 'Ganjil 2025/2026', '2025-11-19 08:56:58', '2025-11-19 08:56:58', '2025-11-19 08:56:58'),
(1917, 11, 1, 9, 'Al-Buruj', 22, 'Ganjil 2025/2026', '2025-11-26 08:56:58', '2025-11-26 08:56:58', '2025-11-26 08:56:58'),
(1918, 11, 1, 7, 'At-Tariq', 18, 'Ganjil 2025/2026', '2025-12-03 08:56:58', '2025-12-03 08:56:58', '2025-12-03 08:56:58'),
(1919, 11, 1, 9, 'Ad-Duha', 11, 'Ganjil 2025/2026', '2025-12-10 08:56:58', '2025-12-10 08:56:58', '2025-12-10 08:56:58'),
(1920, 11, 1, 7, 'At-Tariq', 17, 'Ganjil 2025/2026', '2025-12-17 08:56:58', '2025-12-17 08:56:58', '2025-12-17 08:56:58'),
(1921, 11, 1, 9, 'Al-Buruj', 23, 'Ganjil 2025/2026', '2025-12-24 08:56:58', '2025-12-24 08:56:58', '2025-12-24 08:56:58'),
(1922, 11, 1, 7, 'Al-Balad', 20, 'Ganjil 2025/2026', '2025-12-31 08:56:58', '2025-12-31 08:56:58', '2025-12-31 08:56:58'),
(1923, 11, 1, 9, 'Asy-Syams', 16, 'Ganjil 2025/2026', '2026-01-07 08:56:58', '2026-01-07 08:56:58', '2026-01-07 08:56:58'),
(1924, 11, 1, 9, 'At-Tariq', 17, 'Ganjil 2025/2026', '2026-01-14 08:56:58', '2026-01-14 08:56:58', '2026-01-14 08:56:58'),
(1925, 12, 2, 7, 'Al-Insyiqaq', 24, 'Ganjil 2025/2026', '2025-07-30 08:56:59', '2025-07-30 08:56:59', '2025-07-30 08:56:59'),
(1926, 12, 2, 7, 'Ad-Duha', 12, 'Ganjil 2025/2026', '2025-08-06 08:56:59', '2025-08-06 08:56:59', '2025-08-06 08:56:59'),
(1927, 12, 2, 7, 'Al-Balad', 20, 'Ganjil 2025/2026', '2025-08-13 08:56:59', '2025-08-13 08:56:59', '2025-08-13 08:56:59'),
(1928, 12, 2, 7, 'Al-Buruj', 23, 'Ganjil 2025/2026', '2025-08-20 08:56:59', '2025-08-20 08:56:59', '2025-08-20 08:56:59'),
(1929, 12, 2, 9, 'Al-Ala', 19, 'Ganjil 2025/2026', '2025-08-27 08:56:59', '2025-08-27 08:56:59', '2025-08-27 08:56:59'),
(1930, 12, 2, 7, 'Asy-Syams', 16, 'Ganjil 2025/2026', '2025-09-03 08:56:59', '2025-09-03 08:56:59', '2025-09-03 08:56:59'),
(1931, 12, 2, 7, 'Al-Insyiqaq', 24, 'Ganjil 2025/2026', '2025-09-10 08:56:59', '2025-09-10 08:56:59', '2025-09-10 08:56:59'),
(1932, 12, 2, 9, 'Al-Humazah', 10, 'Ganjil 2025/2026', '2025-09-17 08:56:59', '2025-09-17 08:56:59', '2025-09-17 08:56:59'),
(1933, 12, 2, 7, 'Az-Zalzalah', 8, 'Ganjil 2025/2026', '2025-09-24 08:56:59', '2025-09-24 08:56:59', '2025-09-24 08:56:59'),
(1934, 12, 2, 9, 'Asy-Syams', 14, 'Ganjil 2025/2026', '2025-10-01 08:56:59', '2025-10-01 08:56:59', '2025-10-01 08:56:59'),
(1935, 12, 2, 7, 'At-Tariq', 17, 'Ganjil 2025/2026', '2025-10-08 08:56:59', '2025-10-08 08:56:59', '2025-10-08 08:56:59'),
(1936, 12, 2, 7, 'Al-Fatihah', 7, 'Ganjil 2025/2026', '2025-10-15 08:56:59', '2025-10-15 08:56:59', '2025-10-15 08:56:59'),
(1937, 12, 2, 9, 'Az-Zalzalah', 8, 'Ganjil 2025/2026', '2025-10-22 08:56:59', '2025-10-22 08:56:59', '2025-10-22 08:56:59'),
(1938, 12, 2, 7, 'Al-Insyiqaq', 24, 'Ganjil 2025/2026', '2025-10-29 08:56:59', '2025-10-29 08:56:59', '2025-10-29 08:56:59'),
(1939, 12, 2, 7, 'Al-Buruj', 23, 'Ganjil 2025/2026', '2025-11-05 08:56:59', '2025-11-05 08:56:59', '2025-11-05 08:56:59'),
(1940, 12, 2, 9, 'Asy-Syams', 16, 'Ganjil 2025/2026', '2025-11-12 08:56:59', '2025-11-12 08:56:59', '2025-11-12 08:56:59'),
(1941, 12, 2, 7, 'Asy-Syams', 16, 'Ganjil 2025/2026', '2025-11-19 08:56:59', '2025-11-19 08:56:59', '2025-11-19 08:56:59'),
(1942, 12, 2, 9, 'Al-Lail', 21, 'Ganjil 2025/2026', '2025-11-26 08:56:59', '2025-11-26 08:56:59', '2025-11-26 08:56:59'),
(1943, 12, 2, 9, 'Al-Falaq', 5, 'Ganjil 2025/2026', '2025-12-03 08:56:59', '2025-12-03 08:56:59', '2025-12-03 08:56:59'),
(1944, 12, 2, 7, 'Al-Balad', 20, 'Ganjil 2025/2026', '2025-12-10 08:56:59', '2025-12-10 08:56:59', '2025-12-10 08:56:59'),
(1945, 12, 2, 9, 'At-Tariq', 18, 'Ganjil 2025/2026', '2025-12-17 08:56:59', '2025-12-17 08:56:59', '2025-12-17 08:56:59'),
(1946, 12, 2, 9, 'Al-Insyiqaq', 25, 'Ganjil 2025/2026', '2025-12-24 08:56:59', '2025-12-24 08:56:59', '2025-12-24 08:56:59'),
(1947, 12, 2, 9, 'Al-Humazah', 9, 'Ganjil 2025/2026', '2025-12-31 08:56:59', '2025-12-31 08:56:59', '2025-12-31 08:56:59'),
(1948, 12, 2, 9, 'Al-Humazah', 10, 'Ganjil 2025/2026', '2026-01-07 08:56:59', '2026-01-07 08:56:59', '2026-01-07 08:56:59'),
(1949, 12, 2, 9, 'Al-Insyiqaq', 24, 'Ganjil 2025/2026', '2026-01-14 08:56:59', '2026-01-14 08:56:59', '2026-01-14 08:56:59'),
(1950, 12, 2, 9, 'Al-Ala', 19, 'Ganjil 2025/2026', '2026-01-21 08:56:59', '2026-01-21 08:56:59', '2026-01-21 08:56:59'),
(1951, 12, 2, 9, 'Al-Buruj', 23, 'Ganjil 2025/2026', '2026-01-28 08:56:59', '2026-01-28 08:56:59', '2026-01-28 08:56:59'),
(1952, 12, 2, 7, 'Asy-Syams', 15, 'Ganjil 2025/2026', '2026-02-04 08:56:59', '2026-02-04 08:56:59', '2026-02-04 08:56:59'),
(1953, 12, 2, 9, 'Al-Fatihah', 7, 'Ganjil 2025/2026', '2026-02-11 08:56:59', '2026-02-11 08:56:59', '2026-02-11 08:56:59'),
(1954, 13, 3, 9, 'Asy-Syams', 16, 'Ganjil 2025/2026', '2025-07-30 08:56:59', '2025-07-30 08:56:59', '2025-07-30 08:56:59'),
(1955, 13, 3, 9, 'Ad-Duha', 13, 'Ganjil 2025/2026', '2025-08-06 08:56:59', '2025-08-06 08:56:59', '2025-08-06 08:56:59'),
(1956, 13, 3, 7, 'Ad-Duha', 13, 'Ganjil 2025/2026', '2025-08-13 08:56:59', '2025-08-13 08:56:59', '2025-08-13 08:56:59'),
(1957, 13, 3, 7, 'Az-Zalzalah', 8, 'Ganjil 2025/2026', '2025-08-20 08:56:59', '2025-08-20 08:56:59', '2025-08-20 08:56:59'),
(1958, 13, 3, 7, 'Asy-Syams', 15, 'Ganjil 2025/2026', '2025-08-27 08:56:59', '2025-08-27 08:56:59', '2025-08-27 08:56:59'),
(1959, 13, 3, 7, 'Al-Buruj', 22, 'Ganjil 2025/2026', '2025-09-03 08:56:59', '2025-09-03 08:56:59', '2025-09-03 08:56:59'),
(1960, 13, 3, 7, 'Ad-Duha', 11, 'Ganjil 2025/2026', '2025-09-10 08:56:59', '2025-09-10 08:56:59', '2025-09-10 08:56:59'),
(1961, 13, 3, 9, 'Al-Balad', 20, 'Ganjil 2025/2026', '2025-09-17 08:56:59', '2025-09-17 08:56:59', '2025-09-17 08:56:59'),
(1962, 13, 3, 9, 'Al-Buruj', 23, 'Ganjil 2025/2026', '2025-09-24 08:56:59', '2025-09-24 08:56:59', '2025-09-24 08:56:59'),
(1963, 13, 3, 7, 'Az-Zalzalah', 8, 'Ganjil 2025/2026', '2025-10-01 08:56:59', '2025-10-01 08:56:59', '2025-10-01 08:56:59'),
(1964, 13, 3, 7, 'Asy-Syams', 14, 'Ganjil 2025/2026', '2025-10-08 08:56:59', '2025-10-08 08:56:59', '2025-10-08 08:56:59'),
(1965, 13, 3, 7, 'Asy-Syams', 16, 'Ganjil 2025/2026', '2025-10-15 08:56:59', '2025-10-15 08:56:59', '2025-10-15 08:56:59'),
(1966, 13, 3, 7, 'Asy-Syams', 14, 'Ganjil 2025/2026', '2025-10-22 08:56:59', '2025-10-22 08:56:59', '2025-10-22 08:56:59'),
(1967, 13, 3, 7, 'Al-Buruj', 22, 'Ganjil 2025/2026', '2025-10-29 08:56:59', '2025-10-29 08:56:59', '2025-10-29 08:56:59'),
(1968, 13, 3, 7, 'Ad-Duha', 13, 'Ganjil 2025/2026', '2025-11-05 08:56:59', '2025-11-05 08:56:59', '2025-11-05 08:56:59'),
(1969, 13, 3, 9, 'An-Nas', 6, 'Ganjil 2025/2026', '2025-11-12 08:56:59', '2025-11-12 08:56:59', '2025-11-12 08:56:59'),
(1970, 13, 3, 9, 'Al-Humazah', 9, 'Ganjil 2025/2026', '2025-11-19 08:56:59', '2025-11-19 08:56:59', '2025-11-19 08:56:59'),
(1971, 13, 3, 7, 'Az-Zalzalah', 8, 'Ganjil 2025/2026', '2025-11-26 08:56:59', '2025-11-26 08:56:59', '2025-11-26 08:56:59'),
(1972, 13, 3, 9, 'Al-Buruj', 23, 'Ganjil 2025/2026', '2025-12-03 08:56:59', '2025-12-03 08:56:59', '2025-12-03 08:56:59'),
(1973, 13, 3, 9, 'Al-Balad', 20, 'Ganjil 2025/2026', '2025-12-10 08:56:59', '2025-12-10 08:56:59', '2025-12-10 08:56:59'),
(1974, 13, 3, 9, 'Al-Ala', 19, 'Ganjil 2025/2026', '2025-12-17 08:56:59', '2025-12-17 08:56:59', '2025-12-17 08:56:59'),
(1975, 13, 3, 7, 'Al-Humazah', 10, 'Ganjil 2025/2026', '2025-12-24 08:56:59', '2025-12-24 08:56:59', '2025-12-24 08:56:59'),
(1976, 13, 3, 9, 'Ad-Duha', 13, 'Ganjil 2025/2026', '2025-12-31 08:56:59', '2025-12-31 08:56:59', '2025-12-31 08:56:59'),
(1977, 13, 3, 7, 'Az-Zalzalah', 8, 'Ganjil 2025/2026', '2026-01-07 08:56:59', '2026-01-07 08:56:59', '2026-01-07 08:56:59'),
(1978, 13, 3, 9, 'At-Tariq', 17, 'Ganjil 2025/2026', '2026-01-14 08:56:59', '2026-01-14 08:56:59', '2026-01-14 08:56:59'),
(1979, 13, 3, 7, 'Al-Fatihah', 7, 'Ganjil 2025/2026', '2026-01-21 08:56:59', '2026-01-21 08:56:59', '2026-01-21 08:56:59'),
(1980, 13, 3, 7, 'Al-Humazah', 9, 'Ganjil 2025/2026', '2026-01-28 08:56:59', '2026-01-28 08:56:59', '2026-01-28 08:56:59'),
(1981, 13, 3, 9, 'Al-Buruj', 23, 'Ganjil 2025/2026', '2026-02-04 08:56:59', '2026-02-04 08:56:59', '2026-02-04 08:56:59'),
(1982, 13, 3, 7, 'Al-Fatihah', 7, 'Ganjil 2025/2026', '2026-02-11 08:56:59', '2026-02-11 08:56:59', '2026-02-11 08:56:59'),
(1983, 13, 3, 9, 'Az-Zalzalah', 8, 'Ganjil 2025/2026', '2026-02-18 08:56:59', '2026-02-18 08:56:59', '2026-02-18 08:56:59'),
(1984, 13, 3, 7, 'Al-Insyiqaq', 24, 'Ganjil 2025/2026', '2026-02-25 08:56:59', '2026-02-25 08:56:59', '2026-02-25 08:56:59'),
(1985, 13, 3, 9, 'Al-Ala', 19, 'Ganjil 2025/2026', '2026-03-04 08:56:59', '2026-03-04 08:56:59', '2026-03-04 08:56:59'),
(1986, 14, 4, 7, 'Al-Insyiqaq', 25, 'Ganjil 2025/2026', '2025-07-30 08:56:59', '2025-07-30 08:56:59', '2025-07-30 08:56:59'),
(1987, 14, 4, 7, 'Ad-Duha', 13, 'Ganjil 2025/2026', '2025-08-06 08:56:59', '2025-08-06 08:56:59', '2025-08-06 08:56:59'),
(1988, 14, 4, 7, 'Al-Fatihah', 7, 'Ganjil 2025/2026', '2025-08-13 08:56:59', '2025-08-13 08:56:59', '2025-08-13 08:56:59'),
(1989, 14, 4, 9, 'Al-Humazah', 10, 'Ganjil 2025/2026', '2025-08-20 08:56:59', '2025-08-20 08:56:59', '2025-08-20 08:56:59'),
(1990, 14, 4, 9, 'Al-Insyiqaq', 24, 'Ganjil 2025/2026', '2025-08-27 08:56:59', '2025-08-27 08:56:59', '2025-08-27 08:56:59'),
(1991, 14, 4, 7, 'Al-Ala', 19, 'Ganjil 2025/2026', '2025-09-03 08:56:59', '2025-09-03 08:56:59', '2025-09-03 08:56:59'),
(1992, 14, 4, 9, 'Al-Ala', 19, 'Ganjil 2025/2026', '2025-09-10 08:56:59', '2025-09-10 08:56:59', '2025-09-10 08:56:59'),
(1993, 14, 4, 9, 'At-Tariq', 17, 'Ganjil 2025/2026', '2025-09-17 08:56:59', '2025-09-17 08:56:59', '2025-09-17 08:56:59'),
(1994, 14, 4, 9, 'Al-Lail', 21, 'Ganjil 2025/2026', '2025-09-24 08:56:59', '2025-09-24 08:56:59', '2025-09-24 08:56:59'),
(1995, 14, 4, 7, 'Al-Ala', 19, 'Ganjil 2025/2026', '2025-10-01 08:56:59', '2025-10-01 08:56:59', '2025-10-01 08:56:59'),
(1996, 14, 4, 7, 'Al-Insyiqaq', 24, 'Ganjil 2025/2026', '2025-10-08 08:56:59', '2025-10-08 08:56:59', '2025-10-08 08:56:59'),
(1997, 14, 4, 9, 'At-Tariq', 18, 'Ganjil 2025/2026', '2025-10-15 08:56:59', '2025-10-15 08:56:59', '2025-10-15 08:56:59'),
(1998, 14, 4, 9, 'Al-Insyiqaq', 24, 'Ganjil 2025/2026', '2025-10-22 08:56:59', '2025-10-22 08:56:59', '2025-10-22 08:56:59'),
(1999, 14, 4, 7, 'Al-Falaq', 5, 'Ganjil 2025/2026', '2025-10-29 08:56:59', '2025-10-29 08:56:59', '2025-10-29 08:56:59'),
(2000, 14, 4, 7, 'Ad-Duha', 12, 'Ganjil 2025/2026', '2025-11-05 08:56:59', '2025-11-05 08:56:59', '2025-11-05 08:56:59'),
(2001, 14, 4, 7, 'Ad-Duha', 13, 'Ganjil 2025/2026', '2025-11-12 08:56:59', '2025-11-12 08:56:59', '2025-11-12 08:56:59'),
(2002, 14, 4, 9, 'Al-Humazah', 10, 'Ganjil 2025/2026', '2025-11-19 08:56:59', '2025-11-19 08:56:59', '2025-11-19 08:56:59'),
(2003, 14, 4, 9, 'Al-Lail', 21, 'Ganjil 2025/2026', '2025-11-26 08:56:59', '2025-11-26 08:56:59', '2025-11-26 08:56:59'),
(2004, 14, 4, 7, 'Ad-Duha', 13, 'Ganjil 2025/2026', '2025-12-03 08:56:59', '2025-12-03 08:56:59', '2025-12-03 08:56:59'),
(2005, 14, 4, 9, 'Al-Buruj', 23, 'Ganjil 2025/2026', '2025-12-10 08:56:59', '2025-12-10 08:56:59', '2025-12-10 08:56:59'),
(2006, 14, 4, 9, 'Al-Insyiqaq', 25, 'Ganjil 2025/2026', '2025-12-17 08:56:59', '2025-12-17 08:56:59', '2025-12-17 08:56:59'),
(2007, 14, 4, 9, 'Al-Fatihah', 7, 'Ganjil 2025/2026', '2025-12-24 08:56:59', '2025-12-24 08:56:59', '2025-12-24 08:56:59'),
(2008, 14, 4, 9, 'Asy-Syams', 16, 'Ganjil 2025/2026', '2025-12-31 08:56:59', '2025-12-31 08:56:59', '2025-12-31 08:56:59'),
(2009, 14, 4, 9, 'Asy-Syams', 15, 'Ganjil 2025/2026', '2026-01-07 08:56:59', '2026-01-07 08:56:59', '2026-01-07 08:56:59'),
(2010, 14, 4, 7, 'Az-Zalzalah', 8, 'Ganjil 2025/2026', '2026-01-14 08:56:59', '2026-01-14 08:56:59', '2026-01-14 08:56:59'),
(2011, 14, 4, 9, 'Asy-Syams', 15, 'Ganjil 2025/2026', '2026-01-21 08:56:59', '2026-01-21 08:56:59', '2026-01-21 08:56:59'),
(2012, 14, 4, 9, 'Al-Balad', 20, 'Ganjil 2025/2026', '2026-01-28 08:56:59', '2026-01-28 08:56:59', '2026-01-28 08:56:59'),
(2013, 14, 4, 7, 'At-Tariq', 17, 'Ganjil 2025/2026', '2026-02-04 08:56:59', '2026-02-04 08:56:59', '2026-02-04 08:56:59'),
(2014, 14, 4, 7, 'Al-Ala', 19, 'Ganjil 2025/2026', '2026-02-11 08:56:59', '2026-02-11 08:56:59', '2026-02-11 08:56:59'),
(2015, 14, 4, 9, 'Asy-Syams', 15, 'Ganjil 2025/2026', '2026-02-18 08:56:59', '2026-02-18 08:56:59', '2026-02-18 08:56:59'),
(2016, 14, 4, 7, 'Asy-Syams', 15, 'Ganjil 2025/2026', '2026-02-25 08:56:59', '2026-02-25 08:56:59', '2026-02-25 08:56:59'),
(2017, 14, 4, 7, 'At-Tariq', 17, 'Ganjil 2025/2026', '2026-03-04 08:56:59', '2026-03-04 08:56:59', '2026-03-04 08:56:59'),
(2018, 15, 5, 9, 'At-Tariq', 18, 'Ganjil 2025/2026', '2025-07-30 08:57:00', '2025-07-30 08:57:00', '2025-07-30 08:57:00'),
(2019, 15, 5, 7, 'Al-Balad', 20, 'Ganjil 2025/2026', '2025-08-06 08:57:00', '2025-08-06 08:57:00', '2025-08-06 08:57:00'),
(2020, 15, 5, 7, 'Al-Ala', 19, 'Ganjil 2025/2026', '2025-08-13 08:57:00', '2025-08-13 08:57:00', '2025-08-13 08:57:00'),
(2021, 15, 5, 7, 'At-Tariq', 17, 'Ganjil 2025/2026', '2025-08-20 08:57:00', '2025-08-20 08:57:00', '2025-08-20 08:57:00'),
(2022, 15, 5, 7, 'Al-Insyiqaq', 24, 'Ganjil 2025/2026', '2025-08-27 08:57:00', '2025-08-27 08:57:00', '2025-08-27 08:57:00'),
(2023, 15, 5, 9, 'Al-Fatihah', 7, 'Ganjil 2025/2026', '2025-09-03 08:57:00', '2025-09-03 08:57:00', '2025-09-03 08:57:00'),
(2024, 15, 5, 9, 'At-Tariq', 18, 'Ganjil 2025/2026', '2025-09-10 08:57:00', '2025-09-10 08:57:00', '2025-09-10 08:57:00'),
(2025, 15, 5, 9, 'Al-Lail', 21, 'Ganjil 2025/2026', '2025-09-17 08:57:00', '2025-09-17 08:57:00', '2025-09-17 08:57:00'),
(2026, 15, 5, 9, 'Al-Falaq', 5, 'Ganjil 2025/2026', '2025-09-24 08:57:00', '2025-09-24 08:57:00', '2025-09-24 08:57:00'),
(2027, 15, 5, 9, 'Asy-Syams', 14, 'Ganjil 2025/2026', '2025-10-01 08:57:00', '2025-10-01 08:57:00', '2025-10-01 08:57:00'),
(2028, 15, 5, 9, 'Al-Humazah', 9, 'Ganjil 2025/2026', '2025-10-08 08:57:00', '2025-10-08 08:57:00', '2025-10-08 08:57:00'),
(2029, 15, 5, 9, 'Al-Buruj', 22, 'Ganjil 2025/2026', '2025-10-15 08:57:00', '2025-10-15 08:57:00', '2025-10-15 08:57:00'),
(2030, 15, 5, 9, 'Asy-Syams', 16, 'Ganjil 2025/2026', '2025-10-22 08:57:00', '2025-10-22 08:57:00', '2025-10-22 08:57:00'),
(2031, 15, 5, 9, 'Al-Buruj', 22, 'Ganjil 2025/2026', '2025-10-29 08:57:00', '2025-10-29 08:57:00', '2025-10-29 08:57:00'),
(2032, 15, 5, 9, 'Al-Ala', 19, 'Ganjil 2025/2026', '2025-11-05 08:57:00', '2025-11-05 08:57:00', '2025-11-05 08:57:00'),
(2033, 15, 5, 7, 'Ad-Duha', 11, 'Ganjil 2025/2026', '2025-11-12 08:57:00', '2025-11-12 08:57:00', '2025-11-12 08:57:00'),
(2034, 15, 5, 9, 'Al-Buruj', 23, 'Ganjil 2025/2026', '2025-11-19 08:57:00', '2025-11-19 08:57:00', '2025-11-19 08:57:00'),
(2035, 15, 5, 9, 'Ad-Duha', 12, 'Ganjil 2025/2026', '2025-11-26 08:57:00', '2025-11-26 08:57:00', '2025-11-26 08:57:00'),
(2036, 15, 5, 9, 'An-Nas', 6, 'Ganjil 2025/2026', '2025-12-03 08:57:00', '2025-12-03 08:57:00', '2025-12-03 08:57:00'),
(2037, 15, 5, 9, 'Al-Balad', 20, 'Ganjil 2025/2026', '2025-12-10 08:57:00', '2025-12-10 08:57:00', '2025-12-10 08:57:00'),
(2038, 15, 5, 7, 'At-Tariq', 17, 'Ganjil 2025/2026', '2025-12-17 08:57:00', '2025-12-17 08:57:00', '2025-12-17 08:57:00'),
(2039, 15, 5, 7, 'Al-Balad', 20, 'Ganjil 2025/2026', '2025-12-24 08:57:00', '2025-12-24 08:57:00', '2025-12-24 08:57:00'),
(2040, 15, 5, 9, 'Al-Humazah', 9, 'Ganjil 2025/2026', '2025-12-31 08:57:00', '2025-12-31 08:57:00', '2025-12-31 08:57:00'),
(2041, 15, 5, 9, 'Az-Zalzalah', 8, 'Ganjil 2025/2026', '2026-01-07 08:57:00', '2026-01-07 08:57:00', '2026-01-07 08:57:00'),
(2042, 15, 5, 9, 'Az-Zalzalah', 8, 'Ganjil 2025/2026', '2026-01-14 08:57:00', '2026-01-14 08:57:00', '2026-01-14 08:57:00'),
(2043, 15, 5, 7, 'Al-Falaq', 5, 'Ganjil 2025/2026', '2026-01-21 08:57:00', '2026-01-21 08:57:00', '2026-01-21 08:57:00'),
(2044, 15, 5, 7, 'At-Tariq', 18, 'Ganjil 2025/2026', '2026-01-28 08:57:00', '2026-01-28 08:57:00', '2026-01-28 08:57:00'),
(2045, 15, 5, 9, 'Al-Fatihah', 7, 'Ganjil 2025/2026', '2026-02-04 08:57:00', '2026-02-04 08:57:00', '2026-02-04 08:57:00'),
(2046, 15, 5, 9, 'Ad-Duha', 13, 'Ganjil 2025/2026', '2026-02-11 08:57:00', '2026-02-11 08:57:00', '2026-02-11 08:57:00'),
(2047, 15, 5, 9, 'Al-Insyiqaq', 24, 'Ganjil 2025/2026', '2026-02-18 08:57:00', '2026-02-18 08:57:00', '2026-02-18 08:57:00'),
(2048, 15, 5, 7, 'Al-Insyiqaq', 25, 'Ganjil 2025/2026', '2026-02-25 08:57:00', '2026-02-25 08:57:00', '2026-02-25 08:57:00'),
(2049, 15, 5, 9, 'Asy-Syams', 15, 'Ganjil 2025/2026', '2026-03-04 08:57:00', '2026-03-04 08:57:00', '2026-03-04 08:57:00'),
(2050, 16, 1, 7, 'Al-Balad', 20, 'Ganjil 2025/2026', '2025-07-30 08:57:00', '2025-07-30 08:57:00', '2025-07-30 08:57:00'),
(2051, 16, 1, 9, 'Ad-Duha', 12, 'Ganjil 2025/2026', '2025-08-06 08:57:00', '2025-08-06 08:57:00', '2025-08-06 08:57:00'),
(2052, 16, 1, 9, 'Al-Insyiqaq', 25, 'Ganjil 2025/2026', '2025-08-13 08:57:00', '2025-08-13 08:57:00', '2025-08-13 08:57:00'),
(2053, 16, 1, 9, 'Al-Ala', 19, 'Ganjil 2025/2026', '2025-08-20 08:57:00', '2025-08-20 08:57:00', '2025-08-20 08:57:00'),
(2054, 16, 1, 9, 'Al-Falaq', 5, 'Ganjil 2025/2026', '2025-08-27 08:57:00', '2025-08-27 08:57:00', '2025-08-27 08:57:00'),
(2055, 16, 1, 7, 'Asy-Syams', 14, 'Ganjil 2025/2026', '2025-09-03 08:57:00', '2025-09-03 08:57:00', '2025-09-03 08:57:00'),
(2056, 16, 1, 9, 'Al-Fatihah', 7, 'Ganjil 2025/2026', '2025-09-10 08:57:00', '2025-09-10 08:57:00', '2025-09-10 08:57:00'),
(2057, 16, 1, 9, 'Asy-Syams', 16, 'Ganjil 2025/2026', '2025-09-17 08:57:00', '2025-09-17 08:57:00', '2025-09-17 08:57:00'),
(2058, 16, 1, 9, 'Al-Insyiqaq', 25, 'Ganjil 2025/2026', '2025-09-24 08:57:00', '2025-09-24 08:57:00', '2025-09-24 08:57:00'),
(2059, 16, 1, 9, 'Ad-Duha', 13, 'Ganjil 2025/2026', '2025-10-01 08:57:00', '2025-10-01 08:57:00', '2025-10-01 08:57:00'),
(2060, 16, 1, 7, 'Asy-Syams', 14, 'Ganjil 2025/2026', '2025-10-08 08:57:00', '2025-10-08 08:57:00', '2025-10-08 08:57:00'),
(2061, 16, 1, 9, 'At-Tariq', 17, 'Ganjil 2025/2026', '2025-10-15 08:57:00', '2025-10-15 08:57:00', '2025-10-15 08:57:00'),
(2062, 16, 1, 7, 'Az-Zalzalah', 8, 'Ganjil 2025/2026', '2025-10-22 08:57:00', '2025-10-22 08:57:00', '2025-10-22 08:57:00'),
(2063, 16, 1, 9, 'At-Tariq', 17, 'Ganjil 2025/2026', '2025-10-29 08:57:00', '2025-10-29 08:57:00', '2025-10-29 08:57:00'),
(2064, 16, 1, 9, 'Al-Buruj', 23, 'Ganjil 2025/2026', '2025-11-05 08:57:00', '2025-11-05 08:57:00', '2025-11-05 08:57:00'),
(2065, 16, 1, 7, 'Asy-Syams', 14, 'Ganjil 2025/2026', '2025-11-12 08:57:00', '2025-11-12 08:57:00', '2025-11-12 08:57:00'),
(2066, 16, 1, 9, 'At-Tariq', 17, 'Ganjil 2025/2026', '2025-11-19 08:57:00', '2025-11-19 08:57:00', '2025-11-19 08:57:00'),
(2067, 16, 1, 7, 'Al-Falaq', 5, 'Ganjil 2025/2026', '2025-11-26 08:57:00', '2025-11-26 08:57:00', '2025-11-26 08:57:00'),
(2068, 16, 1, 9, 'Al-Insyiqaq', 24, 'Ganjil 2025/2026', '2025-12-03 08:57:00', '2025-12-03 08:57:00', '2025-12-03 08:57:00'),
(2069, 16, 1, 7, 'Asy-Syams', 14, 'Ganjil 2025/2026', '2025-12-10 08:57:00', '2025-12-10 08:57:00', '2025-12-10 08:57:00'),
(2070, 16, 1, 9, 'Al-Insyiqaq', 24, 'Ganjil 2025/2026', '2025-12-17 08:57:00', '2025-12-17 08:57:00', '2025-12-17 08:57:00'),
(2071, 16, 1, 7, 'Ad-Duha', 12, 'Ganjil 2025/2026', '2025-12-24 08:57:00', '2025-12-24 08:57:00', '2025-12-24 08:57:00'),
(2072, 16, 1, 9, 'Al-Insyiqaq', 24, 'Ganjil 2025/2026', '2025-12-31 08:57:00', '2025-12-31 08:57:00', '2025-12-31 08:57:00'),
(2073, 17, 2, 9, 'Al-Insyiqaq', 25, 'Ganjil 2025/2026', '2025-07-30 08:57:01', '2025-07-30 08:57:01', '2025-07-30 08:57:01'),
(2074, 17, 2, 9, 'Asy-Syams', 14, 'Ganjil 2025/2026', '2025-08-06 08:57:01', '2025-08-06 08:57:01', '2025-08-06 08:57:01'),
(2075, 17, 2, 7, 'Az-Zalzalah', 8, 'Ganjil 2025/2026', '2025-08-13 08:57:01', '2025-08-13 08:57:01', '2025-08-13 08:57:01'),
(2076, 17, 2, 7, 'An-Nas', 6, 'Ganjil 2025/2026', '2025-08-20 08:57:01', '2025-08-20 08:57:01', '2025-08-20 08:57:01'),
(2077, 17, 2, 9, 'Asy-Syams', 14, 'Ganjil 2025/2026', '2025-08-27 08:57:01', '2025-08-27 08:57:01', '2025-08-27 08:57:01'),
(2078, 17, 2, 7, 'Az-Zalzalah', 8, 'Ganjil 2025/2026', '2025-09-03 08:57:01', '2025-09-03 08:57:01', '2025-09-03 08:57:01'),
(2079, 17, 2, 7, 'Ad-Duha', 12, 'Ganjil 2025/2026', '2025-09-10 08:57:01', '2025-09-10 08:57:01', '2025-09-10 08:57:01'),
(2080, 17, 2, 9, 'At-Tariq', 17, 'Ganjil 2025/2026', '2025-09-17 08:57:01', '2025-09-17 08:57:01', '2025-09-17 08:57:01'),
(2081, 17, 2, 9, 'Asy-Syams', 16, 'Ganjil 2025/2026', '2025-09-24 08:57:01', '2025-09-24 08:57:01', '2025-09-24 08:57:01'),
(2082, 17, 2, 7, 'Al-Buruj', 23, 'Ganjil 2025/2026', '2025-10-01 08:57:01', '2025-10-01 08:57:01', '2025-10-01 08:57:01'),
(2083, 17, 2, 7, 'At-Tariq', 18, 'Ganjil 2025/2026', '2025-10-08 08:57:01', '2025-10-08 08:57:01', '2025-10-08 08:57:01'),
(2084, 17, 2, 9, 'Al-Balad', 20, 'Ganjil 2025/2026', '2025-10-15 08:57:01', '2025-10-15 08:57:01', '2025-10-15 08:57:01'),
(2085, 17, 2, 7, 'Ad-Duha', 13, 'Ganjil 2025/2026', '2025-10-22 08:57:01', '2025-10-22 08:57:01', '2025-10-22 08:57:01'),
(2086, 17, 2, 7, 'Asy-Syams', 16, 'Ganjil 2025/2026', '2025-10-29 08:57:01', '2025-10-29 08:57:01', '2025-10-29 08:57:01'),
(2087, 17, 2, 9, 'Al-Ala', 19, 'Ganjil 2025/2026', '2025-11-05 08:57:01', '2025-11-05 08:57:01', '2025-11-05 08:57:01'),
(2088, 17, 2, 9, 'Ad-Duha', 12, 'Ganjil 2025/2026', '2025-11-12 08:57:01', '2025-11-12 08:57:01', '2025-11-12 08:57:01'),
(2089, 17, 2, 9, 'Az-Zalzalah', 8, 'Ganjil 2025/2026', '2025-11-19 08:57:01', '2025-11-19 08:57:01', '2025-11-19 08:57:01'),
(2090, 17, 2, 9, 'Al-Buruj', 22, 'Ganjil 2025/2026', '2025-11-26 08:57:01', '2025-11-26 08:57:01', '2025-11-26 08:57:01'),
(2091, 17, 2, 9, 'An-Nas', 6, 'Ganjil 2025/2026', '2025-12-03 08:57:01', '2025-12-03 08:57:01', '2025-12-03 08:57:01'),
(2092, 17, 2, 7, 'Ad-Duha', 13, 'Ganjil 2025/2026', '2025-12-10 08:57:01', '2025-12-10 08:57:01', '2025-12-10 08:57:01'),
(2093, 17, 2, 9, 'Az-Zalzalah', 8, 'Ganjil 2025/2026', '2025-12-17 08:57:01', '2025-12-17 08:57:01', '2025-12-17 08:57:01'),
(2094, 17, 2, 7, 'Al-Fatihah', 7, 'Ganjil 2025/2026', '2025-12-24 08:57:01', '2025-12-24 08:57:01', '2025-12-24 08:57:01'),
(2095, 17, 2, 7, 'Al-Insyiqaq', 25, 'Ganjil 2025/2026', '2025-12-31 08:57:01', '2025-12-31 08:57:01', '2025-12-31 08:57:01'),
(2096, 17, 2, 9, 'An-Nas', 6, 'Ganjil 2025/2026', '2026-01-07 08:57:01', '2026-01-07 08:57:01', '2026-01-07 08:57:01'),
(2097, 17, 2, 7, 'Ad-Duha', 12, 'Ganjil 2025/2026', '2026-01-14 08:57:01', '2026-01-14 08:57:01', '2026-01-14 08:57:01'),
(2098, 17, 2, 7, 'Al-Buruj', 23, 'Ganjil 2025/2026', '2026-01-21 08:57:01', '2026-01-21 08:57:01', '2026-01-21 08:57:01'),
(2099, 17, 2, 7, 'Al-Fatihah', 7, 'Ganjil 2025/2026', '2026-01-28 08:57:01', '2026-01-28 08:57:01', '2026-01-28 08:57:01'),
(2100, 17, 2, 7, 'Al-Buruj', 23, 'Ganjil 2025/2026', '2026-02-04 08:57:01', '2026-02-04 08:57:01', '2026-02-04 08:57:01'),
(2101, 17, 2, 9, 'Ad-Duha', 12, 'Ganjil 2025/2026', '2026-02-11 08:57:01', '2026-02-11 08:57:01', '2026-02-11 08:57:01'),
(2102, 17, 2, 7, 'Al-Humazah', 9, 'Ganjil 2025/2026', '2026-02-18 08:57:01', '2026-02-18 08:57:01', '2026-02-18 08:57:01'),
(2103, 17, 2, 7, 'Ad-Duha', 13, 'Ganjil 2025/2026', '2026-02-25 08:57:01', '2026-02-25 08:57:01', '2026-02-25 08:57:01'),
(2104, 17, 2, 9, 'Al-Humazah', 9, 'Ganjil 2025/2026', '2026-03-04 08:57:01', '2026-03-04 08:57:01', '2026-03-04 08:57:01'),
(2105, 18, 3, 7, 'Al-Ala', 19, 'Ganjil 2025/2026', '2025-07-30 08:57:01', '2025-07-30 08:57:01', '2025-07-30 08:57:01'),
(2106, 18, 3, 9, 'Al-Fatihah', 7, 'Ganjil 2025/2026', '2025-08-06 08:57:01', '2025-08-06 08:57:01', '2025-08-06 08:57:01'),
(2107, 18, 3, 7, 'Al-Insyiqaq', 24, 'Ganjil 2025/2026', '2025-08-13 08:57:01', '2025-08-13 08:57:01', '2025-08-13 08:57:01'),
(2108, 18, 3, 7, 'Al-Fatihah', 7, 'Ganjil 2025/2026', '2025-08-20 08:57:01', '2025-08-20 08:57:01', '2025-08-20 08:57:01'),
(2109, 18, 3, 9, 'Ad-Duha', 13, 'Ganjil 2025/2026', '2025-08-27 08:57:01', '2025-08-27 08:57:01', '2025-08-27 08:57:01'),
(2110, 18, 3, 9, 'At-Tariq', 17, 'Ganjil 2025/2026', '2025-09-03 08:57:01', '2025-09-03 08:57:01', '2025-09-03 08:57:01'),
(2111, 18, 3, 9, 'Al-Ala', 19, 'Ganjil 2025/2026', '2025-09-10 08:57:01', '2025-09-10 08:57:01', '2025-09-10 08:57:01'),
(2112, 18, 3, 7, 'Az-Zalzalah', 8, 'Ganjil 2025/2026', '2025-09-17 08:57:01', '2025-09-17 08:57:01', '2025-09-17 08:57:01'),
(2113, 18, 3, 7, 'Al-Insyiqaq', 25, 'Ganjil 2025/2026', '2025-09-24 08:57:01', '2025-09-24 08:57:01', '2025-09-24 08:57:01'),
(2114, 18, 3, 9, 'At-Tariq', 18, 'Ganjil 2025/2026', '2025-10-01 08:57:01', '2025-10-01 08:57:01', '2025-10-01 08:57:01'),
(2115, 18, 3, 9, 'Ad-Duha', 12, 'Ganjil 2025/2026', '2025-10-08 08:57:01', '2025-10-08 08:57:01', '2025-10-08 08:57:01'),
(2116, 18, 3, 9, 'Asy-Syams', 15, 'Ganjil 2025/2026', '2025-10-15 08:57:01', '2025-10-15 08:57:01', '2025-10-15 08:57:01'),
(2117, 18, 3, 9, 'At-Tariq', 17, 'Ganjil 2025/2026', '2025-10-22 08:57:01', '2025-10-22 08:57:01', '2025-10-22 08:57:01'),
(2118, 18, 3, 9, 'Az-Zalzalah', 8, 'Ganjil 2025/2026', '2025-10-29 08:57:01', '2025-10-29 08:57:01', '2025-10-29 08:57:01'),
(2119, 18, 3, 9, 'At-Tariq', 18, 'Ganjil 2025/2026', '2025-11-05 08:57:01', '2025-11-05 08:57:01', '2025-11-05 08:57:01'),
(2120, 18, 3, 9, 'Ad-Duha', 13, 'Ganjil 2025/2026', '2025-11-12 08:57:01', '2025-11-12 08:57:01', '2025-11-12 08:57:01'),
(2121, 18, 3, 9, 'Al-Humazah', 9, 'Ganjil 2025/2026', '2025-11-19 08:57:01', '2025-11-19 08:57:01', '2025-11-19 08:57:01'),
(2122, 18, 3, 7, 'Al-Fatihah', 7, 'Ganjil 2025/2026', '2025-11-26 08:57:01', '2025-11-26 08:57:01', '2025-11-26 08:57:01'),
(2123, 18, 3, 7, 'Al-Fatihah', 7, 'Ganjil 2025/2026', '2025-12-03 08:57:01', '2025-12-03 08:57:01', '2025-12-03 08:57:01'),
(2124, 18, 3, 7, 'At-Tariq', 18, 'Ganjil 2025/2026', '2025-12-10 08:57:01', '2025-12-10 08:57:01', '2025-12-10 08:57:01'),
(2125, 18, 3, 7, 'Asy-Syams', 16, 'Ganjil 2025/2026', '2025-12-17 08:57:01', '2025-12-17 08:57:01', '2025-12-17 08:57:01'),
(2126, 18, 3, 7, 'Al-Buruj', 22, 'Ganjil 2025/2026', '2025-12-24 08:57:01', '2025-12-24 08:57:01', '2025-12-24 08:57:01'),
(2127, 18, 3, 9, 'Al-Buruj', 23, 'Ganjil 2025/2026', '2025-12-31 08:57:01', '2025-12-31 08:57:01', '2025-12-31 08:57:01'),
(2128, 18, 3, 9, 'Az-Zalzalah', 8, 'Ganjil 2025/2026', '2026-01-07 08:57:01', '2026-01-07 08:57:01', '2026-01-07 08:57:01'),
(2129, 18, 3, 9, 'Asy-Syams', 16, 'Ganjil 2025/2026', '2026-01-14 08:57:01', '2026-01-14 08:57:01', '2026-01-14 08:57:01'),
(2130, 18, 3, 9, 'An-Nas', 6, 'Ganjil 2025/2026', '2026-01-21 08:57:01', '2026-01-21 08:57:01', '2026-01-21 08:57:01'),
(2131, 19, 4, 7, 'Al-Humazah', 10, 'Ganjil 2025/2026', '2025-07-30 08:57:01', '2025-07-30 08:57:01', '2025-07-30 08:57:01'),
(2132, 19, 4, 9, 'Al-Fatihah', 7, 'Ganjil 2025/2026', '2025-08-06 08:57:01', '2025-08-06 08:57:01', '2025-08-06 08:57:01'),
(2133, 19, 4, 9, 'Al-Ala', 19, 'Ganjil 2025/2026', '2025-08-13 08:57:01', '2025-08-13 08:57:01', '2025-08-13 08:57:01'),
(2134, 19, 4, 9, 'Al-Balad', 20, 'Ganjil 2025/2026', '2025-08-20 08:57:01', '2025-08-20 08:57:01', '2025-08-20 08:57:01'),
(2135, 19, 4, 9, 'At-Tariq', 18, 'Ganjil 2025/2026', '2025-08-27 08:57:01', '2025-08-27 08:57:01', '2025-08-27 08:57:01'),
(2136, 19, 4, 7, 'Ad-Duha', 11, 'Ganjil 2025/2026', '2025-09-03 08:57:01', '2025-09-03 08:57:01', '2025-09-03 08:57:01'),
(2137, 19, 4, 9, 'Asy-Syams', 16, 'Ganjil 2025/2026', '2025-09-10 08:57:01', '2025-09-10 08:57:01', '2025-09-10 08:57:01'),
(2138, 19, 4, 9, 'Az-Zalzalah', 8, 'Ganjil 2025/2026', '2025-09-17 08:57:01', '2025-09-17 08:57:01', '2025-09-17 08:57:01'),
(2139, 19, 4, 9, 'Al-Buruj', 23, 'Ganjil 2025/2026', '2025-09-24 08:57:01', '2025-09-24 08:57:01', '2025-09-24 08:57:01'),
(2140, 19, 4, 9, 'Al-Lail', 21, 'Ganjil 2025/2026', '2025-10-01 08:57:01', '2025-10-01 08:57:01', '2025-10-01 08:57:01'),
(2141, 19, 4, 7, 'An-Nas', 6, 'Ganjil 2025/2026', '2025-10-08 08:57:01', '2025-10-08 08:57:01', '2025-10-08 08:57:01'),
(2142, 19, 4, 7, 'At-Tariq', 17, 'Ganjil 2025/2026', '2025-10-15 08:57:01', '2025-10-15 08:57:01', '2025-10-15 08:57:01'),
(2143, 19, 4, 7, 'Al-Falaq', 5, 'Ganjil 2025/2026', '2025-10-22 08:57:01', '2025-10-22 08:57:01', '2025-10-22 08:57:01'),
(2144, 19, 4, 7, 'Asy-Syams', 14, 'Ganjil 2025/2026', '2025-10-29 08:57:01', '2025-10-29 08:57:01', '2025-10-29 08:57:01'),
(2145, 19, 4, 9, 'Al-Humazah', 9, 'Ganjil 2025/2026', '2025-11-05 08:57:01', '2025-11-05 08:57:01', '2025-11-05 08:57:01'),
(2146, 19, 4, 9, 'Asy-Syams', 14, 'Ganjil 2025/2026', '2025-11-12 08:57:01', '2025-11-12 08:57:01', '2025-11-12 08:57:01'),
(2147, 19, 4, 7, 'Az-Zalzalah', 8, 'Ganjil 2025/2026', '2025-11-19 08:57:01', '2025-11-19 08:57:01', '2025-11-19 08:57:01'),
(2148, 19, 4, 9, 'Al-Balad', 20, 'Ganjil 2025/2026', '2025-11-26 08:57:01', '2025-11-26 08:57:01', '2025-11-26 08:57:01'),
(2149, 19, 4, 7, 'Al-Humazah', 10, 'Ganjil 2025/2026', '2025-12-03 08:57:01', '2025-12-03 08:57:01', '2025-12-03 08:57:01'),
(2150, 19, 4, 7, 'At-Tariq', 17, 'Ganjil 2025/2026', '2025-12-10 08:57:01', '2025-12-10 08:57:01', '2025-12-10 08:57:01'),
(2151, 19, 4, 9, 'Al-Lail', 21, 'Ganjil 2025/2026', '2025-12-17 08:57:01', '2025-12-17 08:57:01', '2025-12-17 08:57:01'),
(2152, 19, 4, 9, 'Al-Fatihah', 7, 'Ganjil 2025/2026', '2025-12-24 08:57:01', '2025-12-24 08:57:01', '2025-12-24 08:57:01'),
(2153, 19, 4, 9, 'An-Nas', 6, 'Ganjil 2025/2026', '2025-12-31 08:57:01', '2025-12-31 08:57:01', '2025-12-31 08:57:01'),
(2154, 19, 4, 9, 'Al-Falaq', 5, 'Ganjil 2025/2026', '2026-01-07 08:57:01', '2026-01-07 08:57:01', '2026-01-07 08:57:01'),
(2155, 19, 4, 9, 'Al-Fatihah', 7, 'Ganjil 2025/2026', '2026-01-14 08:57:01', '2026-01-14 08:57:01', '2026-01-14 08:57:01'),
(2156, 19, 4, 9, 'Al-Buruj', 23, 'Ganjil 2025/2026', '2026-01-21 08:57:01', '2026-01-21 08:57:01', '2026-01-21 08:57:01'),
(2157, 19, 4, 9, 'Al-Buruj', 23, 'Ganjil 2025/2026', '2026-01-28 08:57:01', '2026-01-28 08:57:01', '2026-01-28 08:57:01'),
(2158, 19, 4, 9, 'Al-Insyiqaq', 25, 'Ganjil 2025/2026', '2026-02-04 08:57:01', '2026-02-04 08:57:01', '2026-02-04 08:57:01'),
(2159, 19, 4, 7, 'Asy-Syams', 14, 'Ganjil 2025/2026', '2026-02-11 08:57:01', '2026-02-11 08:57:01', '2026-02-11 08:57:01'),
(2160, 19, 4, 7, 'At-Tariq', 17, 'Ganjil 2025/2026', '2026-02-18 08:57:01', '2026-02-18 08:57:01', '2026-02-18 08:57:01'),
(2161, 19, 4, 7, 'Asy-Syams', 15, 'Ganjil 2025/2026', '2026-02-25 08:57:01', '2026-02-25 08:57:01', '2026-02-25 08:57:01'),
(2162, 19, 4, 9, 'Al-Insyiqaq', 24, 'Ganjil 2025/2026', '2026-03-04 08:57:01', '2026-03-04 08:57:01', '2026-03-04 08:57:01'),
(2163, 20, 5, 9, 'Al-Ala', 19, 'Ganjil 2025/2026', '2025-07-30 08:57:02', '2025-07-30 08:57:02', '2025-07-30 08:57:02'),
(2164, 20, 5, 9, 'Al-Buruj', 23, 'Ganjil 2025/2026', '2025-08-06 08:57:02', '2025-08-06 08:57:02', '2025-08-06 08:57:02'),
(2165, 20, 5, 9, 'Al-Insyiqaq', 25, 'Ganjil 2025/2026', '2025-08-13 08:57:02', '2025-08-13 08:57:02', '2025-08-13 08:57:02'),
(2166, 20, 5, 9, 'Al-Humazah', 9, 'Ganjil 2025/2026', '2025-08-20 08:57:02', '2025-08-20 08:57:02', '2025-08-20 08:57:02'),
(2167, 20, 5, 9, 'Al-Fatihah', 7, 'Ganjil 2025/2026', '2025-08-27 08:57:02', '2025-08-27 08:57:02', '2025-08-27 08:57:02'),
(2168, 20, 5, 9, 'Al-Ala', 19, 'Ganjil 2025/2026', '2025-09-03 08:57:02', '2025-09-03 08:57:02', '2025-09-03 08:57:02'),
(2169, 20, 5, 7, 'Ad-Duha', 13, 'Ganjil 2025/2026', '2025-09-10 08:57:02', '2025-09-10 08:57:02', '2025-09-10 08:57:02');
INSERT INTO `tb_data_hafalan` (`id`, `id_siswa`, `id_guru`, `id_media`, `nama_surah`, `jumlah_ayat`, `periode_semester`, `tanggal_input`, `created_at`, `updated_at`) VALUES
(2170, 20, 5, 7, 'Asy-Syams', 16, 'Ganjil 2025/2026', '2025-09-17 08:57:02', '2025-09-17 08:57:02', '2025-09-17 08:57:02'),
(2171, 20, 5, 9, 'Asy-Syams', 14, 'Ganjil 2025/2026', '2025-09-24 08:57:02', '2025-09-24 08:57:02', '2025-09-24 08:57:02'),
(2172, 20, 5, 7, 'Al-Ala', 19, 'Ganjil 2025/2026', '2025-10-01 08:57:02', '2025-10-01 08:57:02', '2025-10-01 08:57:02'),
(2173, 20, 5, 9, 'An-Nas', 6, 'Ganjil 2025/2026', '2025-10-08 08:57:02', '2025-10-08 08:57:02', '2025-10-08 08:57:02'),
(2174, 20, 5, 7, 'Asy-Syams', 14, 'Ganjil 2025/2026', '2025-10-15 08:57:02', '2025-10-15 08:57:02', '2025-10-15 08:57:02'),
(2175, 20, 5, 7, 'Al-Insyiqaq', 25, 'Ganjil 2025/2026', '2025-10-22 08:57:02', '2025-10-22 08:57:02', '2025-10-22 08:57:02'),
(2176, 20, 5, 9, 'Al-Insyiqaq', 24, 'Ganjil 2025/2026', '2025-10-29 08:57:02', '2025-10-29 08:57:02', '2025-10-29 08:57:02'),
(2177, 20, 5, 7, 'Al-Ala', 19, 'Ganjil 2025/2026', '2025-11-05 08:57:02', '2025-11-05 08:57:02', '2025-11-05 08:57:02'),
(2178, 20, 5, 7, 'Al-Ala', 19, 'Ganjil 2025/2026', '2025-11-12 08:57:02', '2025-11-12 08:57:02', '2025-11-12 08:57:02'),
(2179, 20, 5, 9, 'Asy-Syams', 15, 'Ganjil 2025/2026', '2025-11-19 08:57:02', '2025-11-19 08:57:02', '2025-11-19 08:57:02'),
(2180, 20, 5, 7, 'Al-Lail', 21, 'Ganjil 2025/2026', '2025-11-26 08:57:02', '2025-11-26 08:57:02', '2025-11-26 08:57:02'),
(2181, 20, 5, 9, 'An-Nas', 6, 'Ganjil 2025/2026', '2025-12-03 08:57:02', '2025-12-03 08:57:02', '2025-12-03 08:57:02'),
(2182, 20, 5, 9, 'Az-Zalzalah', 8, 'Ganjil 2025/2026', '2025-12-10 08:57:02', '2025-12-10 08:57:02', '2025-12-10 08:57:02'),
(2183, 20, 5, 7, 'Al-Fatihah', 7, 'Ganjil 2025/2026', '2025-12-17 08:57:02', '2025-12-17 08:57:02', '2025-12-17 08:57:02'),
(2184, 20, 5, 7, 'An-Nas', 6, 'Ganjil 2025/2026', '2025-12-24 08:57:02', '2025-12-24 08:57:02', '2025-12-24 08:57:02'),
(2185, 20, 5, 9, 'Al-Ala', 19, 'Ganjil 2025/2026', '2025-12-31 08:57:02', '2025-12-31 08:57:02', '2025-12-31 08:57:02'),
(2186, 20, 5, 7, 'Al-Lail', 21, 'Ganjil 2025/2026', '2026-01-07 08:57:02', '2026-01-07 08:57:02', '2026-01-07 08:57:02'),
(2187, 20, 5, 9, 'Asy-Syams', 16, 'Ganjil 2025/2026', '2026-01-14 08:57:02', '2026-01-14 08:57:02', '2026-01-14 08:57:02'),
(2188, 20, 5, 9, 'Asy-Syams', 14, 'Ganjil 2025/2026', '2026-01-21 08:57:02', '2026-01-21 08:57:02', '2026-01-21 08:57:02'),
(2189, 20, 5, 9, 'At-Tariq', 18, 'Ganjil 2025/2026', '2026-01-28 08:57:02', '2026-01-28 08:57:02', '2026-01-28 08:57:02'),
(2190, 20, 5, 7, 'Al-Insyiqaq', 24, 'Ganjil 2025/2026', '2026-02-04 08:57:02', '2026-02-04 08:57:02', '2026-02-04 08:57:02'),
(2191, 20, 5, 9, 'Al-Insyiqaq', 25, 'Ganjil 2025/2026', '2026-02-11 08:57:02', '2026-02-11 08:57:02', '2026-02-11 08:57:02'),
(2192, 20, 5, 9, 'Al-Fatihah', 7, 'Ganjil 2025/2026', '2026-02-18 08:57:02', '2026-02-18 08:57:02', '2026-02-18 08:57:02'),
(2193, 20, 5, 9, 'Az-Zalzalah', 8, 'Ganjil 2025/2026', '2026-02-25 08:57:02', '2026-02-25 08:57:02', '2026-02-25 08:57:02'),
(2194, 20, 5, 9, 'Asy-Syams', 14, 'Ganjil 2025/2026', '2026-03-04 08:57:02', '2026-03-04 08:57:02', '2026-03-04 08:57:02'),
(2195, 21, 1, 7, 'Al-Lail', 21, 'Ganjil 2025/2026', '2025-07-30 08:57:02', '2025-07-30 08:57:02', '2025-07-30 08:57:02'),
(2196, 21, 1, 7, 'Asy-Syams', 15, 'Ganjil 2025/2026', '2025-08-06 08:57:02', '2025-08-06 08:57:02', '2025-08-06 08:57:02'),
(2197, 21, 1, 9, 'Al-Insyiqaq', 24, 'Ganjil 2025/2026', '2025-08-13 08:57:02', '2025-08-13 08:57:02', '2025-08-13 08:57:02'),
(2198, 21, 1, 7, 'Al-Humazah', 9, 'Ganjil 2025/2026', '2025-08-20 08:57:02', '2025-08-20 08:57:02', '2025-08-20 08:57:02'),
(2199, 21, 1, 7, 'Al-Humazah', 10, 'Ganjil 2025/2026', '2025-08-27 08:57:02', '2025-08-27 08:57:02', '2025-08-27 08:57:02'),
(2200, 21, 1, 7, 'Al-Ala', 19, 'Ganjil 2025/2026', '2025-09-03 08:57:02', '2025-09-03 08:57:02', '2025-09-03 08:57:02'),
(2201, 21, 1, 9, 'At-Tariq', 18, 'Ganjil 2025/2026', '2025-09-10 08:57:02', '2025-09-10 08:57:02', '2025-09-10 08:57:02'),
(2202, 21, 1, 9, 'Ad-Duha', 12, 'Ganjil 2025/2026', '2025-09-17 08:57:02', '2025-09-17 08:57:02', '2025-09-17 08:57:02'),
(2203, 21, 1, 9, 'Al-Insyiqaq', 24, 'Ganjil 2025/2026', '2025-09-24 08:57:02', '2025-09-24 08:57:02', '2025-09-24 08:57:02'),
(2204, 21, 1, 7, 'Al-Ala', 19, 'Ganjil 2025/2026', '2025-10-01 08:57:02', '2025-10-01 08:57:02', '2025-10-01 08:57:02'),
(2205, 21, 1, 7, 'Al-Buruj', 22, 'Ganjil 2025/2026', '2025-10-08 08:57:02', '2025-10-08 08:57:02', '2025-10-08 08:57:02'),
(2206, 21, 1, 9, 'Asy-Syams', 14, 'Ganjil 2025/2026', '2025-10-15 08:57:02', '2025-10-15 08:57:02', '2025-10-15 08:57:02'),
(2207, 21, 1, 9, 'Ad-Duha', 11, 'Ganjil 2025/2026', '2025-10-22 08:57:02', '2025-10-22 08:57:02', '2025-10-22 08:57:02'),
(2208, 21, 1, 9, 'Al-Buruj', 23, 'Ganjil 2025/2026', '2025-10-29 08:57:02', '2025-10-29 08:57:02', '2025-10-29 08:57:02'),
(2209, 21, 1, 9, 'Al-Ala', 19, 'Ganjil 2025/2026', '2025-11-05 08:57:02', '2025-11-05 08:57:02', '2025-11-05 08:57:02'),
(2210, 21, 1, 9, 'At-Tariq', 17, 'Ganjil 2025/2026', '2025-11-12 08:57:02', '2025-11-12 08:57:02', '2025-11-12 08:57:02'),
(2211, 21, 1, 7, 'Al-Humazah', 10, 'Ganjil 2025/2026', '2025-11-19 08:57:02', '2025-11-19 08:57:02', '2025-11-19 08:57:02'),
(2212, 21, 1, 7, 'Al-Insyiqaq', 24, 'Ganjil 2025/2026', '2025-11-26 08:57:02', '2025-11-26 08:57:02', '2025-11-26 08:57:02'),
(2213, 21, 1, 7, 'Ad-Duha', 13, 'Ganjil 2025/2026', '2025-12-03 08:57:02', '2025-12-03 08:57:02', '2025-12-03 08:57:02'),
(2214, 21, 1, 9, 'Al-Insyiqaq', 25, 'Ganjil 2025/2026', '2025-12-10 08:57:02', '2025-12-10 08:57:02', '2025-12-10 08:57:02'),
(2215, 21, 1, 7, 'Asy-Syams', 16, 'Ganjil 2025/2026', '2025-12-17 08:57:02', '2025-12-17 08:57:02', '2025-12-17 08:57:02'),
(2216, 21, 1, 7, 'Al-Lail', 21, 'Ganjil 2025/2026', '2025-12-24 08:57:02', '2025-12-24 08:57:02', '2025-12-24 08:57:02'),
(2217, 21, 1, 7, 'Asy-Syams', 14, 'Ganjil 2025/2026', '2025-12-31 08:57:02', '2025-12-31 08:57:02', '2025-12-31 08:57:02'),
(2218, 21, 1, 9, 'Al-Humazah', 10, 'Ganjil 2025/2026', '2026-01-07 08:57:02', '2026-01-07 08:57:02', '2026-01-07 08:57:02'),
(2219, 21, 1, 7, 'Al-Ala', 19, 'Ganjil 2025/2026', '2026-01-14 08:57:02', '2026-01-14 08:57:02', '2026-01-14 08:57:02'),
(2220, 21, 1, 7, 'At-Tariq', 18, 'Ganjil 2025/2026', '2026-01-21 08:57:02', '2026-01-21 08:57:02', '2026-01-21 08:57:02'),
(2221, 21, 1, 9, 'Ad-Duha', 12, 'Ganjil 2025/2026', '2026-01-28 08:57:02', '2026-01-28 08:57:02', '2026-01-28 08:57:02'),
(2222, 21, 1, 7, 'Asy-Syams', 16, 'Ganjil 2025/2026', '2026-02-04 08:57:02', '2026-02-04 08:57:02', '2026-02-04 08:57:02'),
(2223, 21, 1, 7, 'At-Tariq', 18, 'Ganjil 2025/2026', '2026-02-11 08:57:02', '2026-02-11 08:57:02', '2026-02-11 08:57:02'),
(2224, 21, 1, 9, 'At-Tariq', 17, 'Ganjil 2025/2026', '2026-02-18 08:57:02', '2026-02-18 08:57:02', '2026-02-18 08:57:02'),
(2225, 21, 1, 9, 'Ad-Duha', 12, 'Ganjil 2025/2026', '2026-02-25 08:57:02', '2026-02-25 08:57:02', '2026-02-25 08:57:02'),
(2226, 21, 1, 9, 'Al-Fatihah', 7, 'Ganjil 2025/2026', '2026-03-04 08:57:02', '2026-03-04 08:57:02', '2026-03-04 08:57:02'),
(2227, 22, 2, 7, 'Al-Insyiqaq', 25, 'Ganjil 2025/2026', '2025-07-30 08:57:03', '2025-07-30 08:57:03', '2025-07-30 08:57:03'),
(2228, 22, 2, 9, 'Al-Humazah', 9, 'Ganjil 2025/2026', '2025-08-06 08:57:03', '2025-08-06 08:57:03', '2025-08-06 08:57:03'),
(2229, 22, 2, 7, 'At-Tariq', 18, 'Ganjil 2025/2026', '2025-08-13 08:57:03', '2025-08-13 08:57:03', '2025-08-13 08:57:03'),
(2230, 22, 2, 9, 'Al-Insyiqaq', 24, 'Ganjil 2025/2026', '2025-08-20 08:57:03', '2025-08-20 08:57:03', '2025-08-20 08:57:03'),
(2231, 22, 2, 9, 'Ad-Duha', 12, 'Ganjil 2025/2026', '2025-08-27 08:57:03', '2025-08-27 08:57:03', '2025-08-27 08:57:03'),
(2232, 22, 2, 7, 'Al-Humazah', 10, 'Ganjil 2025/2026', '2025-09-03 08:57:03', '2025-09-03 08:57:03', '2025-09-03 08:57:03'),
(2233, 22, 2, 9, 'Al-Lail', 21, 'Ganjil 2025/2026', '2025-09-10 08:57:03', '2025-09-10 08:57:03', '2025-09-10 08:57:03'),
(2234, 22, 2, 7, 'Al-Fatihah', 7, 'Ganjil 2025/2026', '2025-09-17 08:57:03', '2025-09-17 08:57:03', '2025-09-17 08:57:03'),
(2235, 22, 2, 9, 'At-Tariq', 17, 'Ganjil 2025/2026', '2025-09-24 08:57:03', '2025-09-24 08:57:03', '2025-09-24 08:57:03'),
(2236, 22, 2, 9, 'An-Nas', 6, 'Ganjil 2025/2026', '2025-10-01 08:57:03', '2025-10-01 08:57:03', '2025-10-01 08:57:03'),
(2237, 22, 2, 9, 'Asy-Syams', 16, 'Ganjil 2025/2026', '2025-10-08 08:57:03', '2025-10-08 08:57:03', '2025-10-08 08:57:03'),
(2238, 22, 2, 9, 'Al-Falaq', 5, 'Ganjil 2025/2026', '2025-10-15 08:57:03', '2025-10-15 08:57:03', '2025-10-15 08:57:03'),
(2239, 22, 2, 9, 'Al-Fatihah', 7, 'Ganjil 2025/2026', '2025-10-22 08:57:03', '2025-10-22 08:57:03', '2025-10-22 08:57:03'),
(2240, 22, 2, 7, 'Ad-Duha', 12, 'Ganjil 2025/2026', '2025-10-29 08:57:03', '2025-10-29 08:57:03', '2025-10-29 08:57:03'),
(2241, 22, 2, 9, 'Al-Buruj', 23, 'Ganjil 2025/2026', '2025-11-05 08:57:03', '2025-11-05 08:57:03', '2025-11-05 08:57:03'),
(2242, 22, 2, 7, 'Al-Humazah', 9, 'Ganjil 2025/2026', '2025-11-12 08:57:03', '2025-11-12 08:57:03', '2025-11-12 08:57:03'),
(2243, 22, 2, 9, 'Asy-Syams', 16, 'Ganjil 2025/2026', '2025-11-19 08:57:03', '2025-11-19 08:57:03', '2025-11-19 08:57:03'),
(2244, 22, 2, 7, 'Al-Insyiqaq', 25, 'Ganjil 2025/2026', '2025-11-26 08:57:03', '2025-11-26 08:57:03', '2025-11-26 08:57:03'),
(2245, 22, 2, 9, 'Al-Ala', 19, 'Ganjil 2025/2026', '2025-12-03 08:57:03', '2025-12-03 08:57:03', '2025-12-03 08:57:03'),
(2246, 22, 2, 7, 'Al-Insyiqaq', 25, 'Ganjil 2025/2026', '2025-12-10 08:57:03', '2025-12-10 08:57:03', '2025-12-10 08:57:03'),
(2247, 22, 2, 7, 'Al-Humazah', 9, 'Ganjil 2025/2026', '2025-12-17 08:57:03', '2025-12-17 08:57:03', '2025-12-17 08:57:03'),
(2248, 22, 2, 7, 'Al-Ala', 19, 'Ganjil 2025/2026', '2025-12-24 08:57:03', '2025-12-24 08:57:03', '2025-12-24 08:57:03'),
(2249, 22, 2, 7, 'Asy-Syams', 14, 'Ganjil 2025/2026', '2025-12-31 08:57:03', '2025-12-31 08:57:03', '2025-12-31 08:57:03'),
(2250, 22, 2, 7, 'An-Nas', 6, 'Ganjil 2025/2026', '2026-01-07 08:57:03', '2026-01-07 08:57:03', '2026-01-07 08:57:03'),
(2251, 22, 2, 9, 'An-Nas', 6, 'Ganjil 2025/2026', '2026-01-14 08:57:03', '2026-01-14 08:57:03', '2026-01-14 08:57:03'),
(2252, 22, 2, 9, 'Asy-Syams', 14, 'Ganjil 2025/2026', '2026-01-21 08:57:03', '2026-01-21 08:57:03', '2026-01-21 08:57:03'),
(2253, 22, 2, 9, 'Al-Buruj', 22, 'Ganjil 2025/2026', '2026-01-28 08:57:03', '2026-01-28 08:57:03', '2026-01-28 08:57:03'),
(2254, 22, 2, 7, 'Ad-Duha', 13, 'Ganjil 2025/2026', '2026-02-04 08:57:03', '2026-02-04 08:57:03', '2026-02-04 08:57:03'),
(2255, 22, 2, 7, 'Al-Insyiqaq', 25, 'Ganjil 2025/2026', '2026-02-11 08:57:03', '2026-02-11 08:57:03', '2026-02-11 08:57:03'),
(2256, 22, 2, 9, 'Asy-Syams', 14, 'Ganjil 2025/2026', '2026-02-18 08:57:03', '2026-02-18 08:57:03', '2026-02-18 08:57:03'),
(2257, 22, 2, 9, 'An-Nas', 6, 'Ganjil 2025/2026', '2026-02-25 08:57:03', '2026-02-25 08:57:03', '2026-02-25 08:57:03'),
(2258, 22, 2, 7, 'Ad-Duha', 13, 'Ganjil 2025/2026', '2026-03-04 08:57:03', '2026-03-04 08:57:03', '2026-03-04 08:57:03'),
(2259, 23, 3, 7, 'Ad-Duha', 13, 'Ganjil 2025/2026', '2025-07-30 08:57:03', '2025-07-30 08:57:03', '2025-07-30 08:57:03'),
(2260, 23, 3, 9, 'Al-Fatihah', 7, 'Ganjil 2025/2026', '2025-08-06 08:57:03', '2025-08-06 08:57:03', '2025-08-06 08:57:03'),
(2261, 23, 3, 7, 'Asy-Syams', 16, 'Ganjil 2025/2026', '2025-08-13 08:57:03', '2025-08-13 08:57:03', '2025-08-13 08:57:03'),
(2262, 23, 3, 7, 'Al-Falaq', 5, 'Ganjil 2025/2026', '2025-08-20 08:57:03', '2025-08-20 08:57:03', '2025-08-20 08:57:03'),
(2263, 23, 3, 9, 'Al-Insyiqaq', 24, 'Ganjil 2025/2026', '2025-08-27 08:57:03', '2025-08-27 08:57:03', '2025-08-27 08:57:03'),
(2264, 23, 3, 7, 'An-Nas', 6, 'Ganjil 2025/2026', '2025-09-03 08:57:03', '2025-09-03 08:57:03', '2025-09-03 08:57:03'),
(2265, 23, 3, 7, 'Al-Fatihah', 7, 'Ganjil 2025/2026', '2025-09-10 08:57:03', '2025-09-10 08:57:03', '2025-09-10 08:57:03'),
(2266, 23, 3, 9, 'Al-Insyiqaq', 25, 'Ganjil 2025/2026', '2025-09-17 08:57:03', '2025-09-17 08:57:03', '2025-09-17 08:57:03'),
(2267, 23, 3, 9, 'Asy-Syams', 16, 'Ganjil 2025/2026', '2025-09-24 08:57:03', '2025-09-24 08:57:03', '2025-09-24 08:57:03'),
(2268, 23, 3, 7, 'Al-Buruj', 23, 'Ganjil 2025/2026', '2025-10-01 08:57:03', '2025-10-01 08:57:03', '2025-10-01 08:57:03'),
(2269, 23, 3, 7, 'Al-Insyiqaq', 24, 'Ganjil 2025/2026', '2025-10-08 08:57:03', '2025-10-08 08:57:03', '2025-10-08 08:57:03'),
(2270, 23, 3, 9, 'Al-Ala', 19, 'Ganjil 2025/2026', '2025-10-15 08:57:03', '2025-10-15 08:57:03', '2025-10-15 08:57:03'),
(2271, 23, 3, 9, 'Asy-Syams', 16, 'Ganjil 2025/2026', '2025-10-22 08:57:03', '2025-10-22 08:57:03', '2025-10-22 08:57:03'),
(2272, 23, 3, 7, 'Al-Fatihah', 7, 'Ganjil 2025/2026', '2025-10-29 08:57:03', '2025-10-29 08:57:03', '2025-10-29 08:57:03'),
(2273, 23, 3, 9, 'Al-Lail', 21, 'Ganjil 2025/2026', '2025-11-05 08:57:03', '2025-11-05 08:57:03', '2025-11-05 08:57:03'),
(2274, 23, 3, 9, 'At-Tariq', 17, 'Ganjil 2025/2026', '2025-11-12 08:57:03', '2025-11-12 08:57:03', '2025-11-12 08:57:03'),
(2275, 23, 3, 9, 'Al-Insyiqaq', 25, 'Ganjil 2025/2026', '2025-11-19 08:57:03', '2025-11-19 08:57:03', '2025-11-19 08:57:03'),
(2276, 23, 3, 7, 'Ad-Duha', 12, 'Ganjil 2025/2026', '2025-11-26 08:57:03', '2025-11-26 08:57:03', '2025-11-26 08:57:03'),
(2277, 23, 3, 7, 'Al-Falaq', 5, 'Ganjil 2025/2026', '2025-12-03 08:57:03', '2025-12-03 08:57:03', '2025-12-03 08:57:03'),
(2278, 23, 3, 9, 'Al-Balad', 20, 'Ganjil 2025/2026', '2025-12-10 08:57:03', '2025-12-10 08:57:03', '2025-12-10 08:57:03'),
(2279, 23, 3, 7, 'Al-Buruj', 22, 'Ganjil 2025/2026', '2025-12-17 08:57:03', '2025-12-17 08:57:03', '2025-12-17 08:57:03'),
(2280, 23, 3, 9, 'Ad-Duha', 13, 'Ganjil 2025/2026', '2025-12-24 08:57:03', '2025-12-24 08:57:03', '2025-12-24 08:57:03'),
(2281, 23, 3, 7, 'Al-Ala', 19, 'Ganjil 2025/2026', '2025-12-31 08:57:03', '2025-12-31 08:57:03', '2025-12-31 08:57:03'),
(2282, 23, 3, 9, 'Al-Insyiqaq', 24, 'Ganjil 2025/2026', '2026-01-07 08:57:03', '2026-01-07 08:57:03', '2026-01-07 08:57:03'),
(2283, 23, 3, 7, 'Al-Balad', 20, 'Ganjil 2025/2026', '2026-01-14 08:57:03', '2026-01-14 08:57:03', '2026-01-14 08:57:03'),
(2284, 23, 3, 7, 'Az-Zalzalah', 8, 'Ganjil 2025/2026', '2026-01-21 08:57:03', '2026-01-21 08:57:03', '2026-01-21 08:57:03'),
(2285, 23, 3, 9, 'Al-Fatihah', 7, 'Ganjil 2025/2026', '2026-01-28 08:57:03', '2026-01-28 08:57:03', '2026-01-28 08:57:03'),
(2286, 23, 3, 9, 'Al-Humazah', 10, 'Ganjil 2025/2026', '2026-02-04 08:57:03', '2026-02-04 08:57:03', '2026-02-04 08:57:03'),
(2287, 23, 3, 9, 'Al-Fatihah', 7, 'Ganjil 2025/2026', '2026-02-11 08:57:03', '2026-02-11 08:57:03', '2026-02-11 08:57:03'),
(2288, 23, 3, 7, 'Asy-Syams', 16, 'Ganjil 2025/2026', '2026-02-18 08:57:03', '2026-02-18 08:57:03', '2026-02-18 08:57:03'),
(2289, 23, 3, 9, 'Al-Buruj', 22, 'Ganjil 2025/2026', '2026-02-25 08:57:03', '2026-02-25 08:57:03', '2026-02-25 08:57:03'),
(2290, 23, 3, 7, 'Asy-Syams', 14, 'Ganjil 2025/2026', '2026-03-04 08:57:03', '2026-03-04 08:57:03', '2026-03-04 08:57:03'),
(2291, 24, 4, 7, 'Al-Lail', 21, 'Ganjil 2025/2026', '2025-07-30 08:57:03', '2025-07-30 08:57:03', '2025-07-30 08:57:03'),
(2292, 24, 4, 7, 'Az-Zalzalah', 8, 'Ganjil 2025/2026', '2025-08-06 08:57:03', '2025-08-06 08:57:03', '2025-08-06 08:57:03'),
(2293, 24, 4, 7, 'Asy-Syams', 14, 'Ganjil 2025/2026', '2025-08-13 08:57:03', '2025-08-13 08:57:03', '2025-08-13 08:57:03'),
(2294, 24, 4, 9, 'Al-Humazah', 10, 'Ganjil 2025/2026', '2025-08-20 08:57:03', '2025-08-20 08:57:03', '2025-08-20 08:57:03'),
(2295, 24, 4, 9, 'Ad-Duha', 12, 'Ganjil 2025/2026', '2025-08-27 08:57:03', '2025-08-27 08:57:03', '2025-08-27 08:57:03'),
(2296, 24, 4, 9, 'Al-Lail', 21, 'Ganjil 2025/2026', '2025-09-03 08:57:03', '2025-09-03 08:57:03', '2025-09-03 08:57:03'),
(2297, 24, 4, 9, 'Al-Fatihah', 7, 'Ganjil 2025/2026', '2025-09-10 08:57:03', '2025-09-10 08:57:03', '2025-09-10 08:57:03'),
(2298, 24, 4, 9, 'Ad-Duha', 11, 'Ganjil 2025/2026', '2025-09-17 08:57:03', '2025-09-17 08:57:03', '2025-09-17 08:57:03'),
(2299, 24, 4, 9, 'Al-Humazah', 9, 'Ganjil 2025/2026', '2025-09-24 08:57:03', '2025-09-24 08:57:03', '2025-09-24 08:57:03'),
(2300, 24, 4, 7, 'Al-Insyiqaq', 24, 'Ganjil 2025/2026', '2025-10-01 08:57:03', '2025-10-01 08:57:03', '2025-10-01 08:57:03'),
(2301, 24, 4, 7, 'Al-Lail', 21, 'Ganjil 2025/2026', '2025-10-08 08:57:03', '2025-10-08 08:57:03', '2025-10-08 08:57:03'),
(2302, 24, 4, 7, 'Al-Buruj', 23, 'Ganjil 2025/2026', '2025-10-15 08:57:03', '2025-10-15 08:57:03', '2025-10-15 08:57:03'),
(2303, 24, 4, 9, 'Al-Humazah', 10, 'Ganjil 2025/2026', '2025-10-22 08:57:03', '2025-10-22 08:57:03', '2025-10-22 08:57:03'),
(2304, 24, 4, 7, 'Al-Buruj', 23, 'Ganjil 2025/2026', '2025-10-29 08:57:03', '2025-10-29 08:57:03', '2025-10-29 08:57:03'),
(2305, 24, 4, 7, 'Al-Falaq', 5, 'Ganjil 2025/2026', '2025-11-05 08:57:03', '2025-11-05 08:57:03', '2025-11-05 08:57:03'),
(2306, 24, 4, 9, 'An-Nas', 6, 'Ganjil 2025/2026', '2025-11-12 08:57:03', '2025-11-12 08:57:03', '2025-11-12 08:57:03'),
(2307, 24, 4, 7, 'Al-Insyiqaq', 25, 'Ganjil 2025/2026', '2025-11-19 08:57:03', '2025-11-19 08:57:03', '2025-11-19 08:57:03'),
(2308, 24, 4, 9, 'Al-Buruj', 23, 'Ganjil 2025/2026', '2025-11-26 08:57:03', '2025-11-26 08:57:03', '2025-11-26 08:57:03'),
(2309, 24, 4, 7, 'Al-Insyiqaq', 24, 'Ganjil 2025/2026', '2025-12-03 08:57:03', '2025-12-03 08:57:03', '2025-12-03 08:57:03'),
(2310, 24, 4, 9, 'Al-Balad', 20, 'Ganjil 2025/2026', '2025-12-10 08:57:03', '2025-12-10 08:57:03', '2025-12-10 08:57:03'),
(2311, 24, 4, 9, 'Al-Insyiqaq', 25, 'Ganjil 2025/2026', '2025-12-17 08:57:03', '2025-12-17 08:57:03', '2025-12-17 08:57:03'),
(2312, 24, 4, 7, 'Al-Balad', 20, 'Ganjil 2025/2026', '2025-12-24 08:57:03', '2025-12-24 08:57:03', '2025-12-24 08:57:03'),
(2313, 24, 4, 9, 'At-Tariq', 17, 'Ganjil 2025/2026', '2025-12-31 08:57:03', '2025-12-31 08:57:03', '2025-12-31 08:57:03'),
(2314, 24, 4, 7, 'Al-Ala', 19, 'Ganjil 2025/2026', '2026-01-07 08:57:03', '2026-01-07 08:57:03', '2026-01-07 08:57:03'),
(2315, 24, 4, 7, 'An-Nas', 6, 'Ganjil 2025/2026', '2026-01-14 08:57:03', '2026-01-14 08:57:03', '2026-01-14 08:57:03'),
(2316, 25, 5, 7, 'An-Nas', 6, 'Ganjil 2025/2026', '2025-07-30 08:57:04', '2025-07-30 08:57:04', '2025-07-30 08:57:04'),
(2317, 25, 5, 9, 'Asy-Syams', 14, 'Ganjil 2025/2026', '2025-08-06 08:57:04', '2025-08-06 08:57:04', '2025-08-06 08:57:04'),
(2318, 25, 5, 9, 'Al-Insyiqaq', 24, 'Ganjil 2025/2026', '2025-08-13 08:57:04', '2025-08-13 08:57:04', '2025-08-13 08:57:04'),
(2319, 25, 5, 7, 'Asy-Syams', 14, 'Ganjil 2025/2026', '2025-08-20 08:57:04', '2025-08-20 08:57:04', '2025-08-20 08:57:04'),
(2320, 25, 5, 9, 'Az-Zalzalah', 8, 'Ganjil 2025/2026', '2025-08-27 08:57:04', '2025-08-27 08:57:04', '2025-08-27 08:57:04'),
(2321, 25, 5, 9, 'Al-Humazah', 9, 'Ganjil 2025/2026', '2025-09-03 08:57:04', '2025-09-03 08:57:04', '2025-09-03 08:57:04'),
(2322, 25, 5, 9, 'Asy-Syams', 16, 'Ganjil 2025/2026', '2025-09-10 08:57:04', '2025-09-10 08:57:04', '2025-09-10 08:57:04'),
(2323, 25, 5, 7, 'Asy-Syams', 16, 'Ganjil 2025/2026', '2025-09-17 08:57:04', '2025-09-17 08:57:04', '2025-09-17 08:57:04'),
(2324, 25, 5, 7, 'At-Tariq', 17, 'Ganjil 2025/2026', '2025-09-24 08:57:04', '2025-09-24 08:57:04', '2025-09-24 08:57:04'),
(2325, 25, 5, 7, 'Al-Buruj', 23, 'Ganjil 2025/2026', '2025-10-01 08:57:04', '2025-10-01 08:57:04', '2025-10-01 08:57:04'),
(2326, 25, 5, 9, 'Asy-Syams', 16, 'Ganjil 2025/2026', '2025-10-08 08:57:04', '2025-10-08 08:57:04', '2025-10-08 08:57:04'),
(2327, 25, 5, 9, 'Al-Fatihah', 7, 'Ganjil 2025/2026', '2025-10-15 08:57:04', '2025-10-15 08:57:04', '2025-10-15 08:57:04'),
(2328, 25, 5, 9, 'Al-Lail', 21, 'Ganjil 2025/2026', '2025-10-22 08:57:04', '2025-10-22 08:57:04', '2025-10-22 08:57:04'),
(2329, 25, 5, 9, 'Al-Buruj', 22, 'Ganjil 2025/2026', '2025-10-29 08:57:04', '2025-10-29 08:57:04', '2025-10-29 08:57:04'),
(2330, 25, 5, 7, 'Al-Insyiqaq', 24, 'Ganjil 2025/2026', '2025-11-05 08:57:04', '2025-11-05 08:57:04', '2025-11-05 08:57:04'),
(2331, 25, 5, 7, 'Al-Humazah', 9, 'Ganjil 2025/2026', '2025-11-12 08:57:04', '2025-11-12 08:57:04', '2025-11-12 08:57:04'),
(2332, 25, 5, 9, 'At-Tariq', 17, 'Ganjil 2025/2026', '2025-11-19 08:57:04', '2025-11-19 08:57:04', '2025-11-19 08:57:04'),
(2333, 25, 5, 9, 'Asy-Syams', 15, 'Ganjil 2025/2026', '2025-11-26 08:57:04', '2025-11-26 08:57:04', '2025-11-26 08:57:04'),
(2334, 25, 5, 7, 'Al-Humazah', 9, 'Ganjil 2025/2026', '2025-12-03 08:57:04', '2025-12-03 08:57:04', '2025-12-03 08:57:04'),
(2335, 25, 5, 9, 'Al-Insyiqaq', 24, 'Ganjil 2025/2026', '2025-12-10 08:57:04', '2025-12-10 08:57:04', '2025-12-10 08:57:04'),
(2336, 25, 5, 7, 'Al-Lail', 21, 'Ganjil 2025/2026', '2025-12-17 08:57:04', '2025-12-17 08:57:04', '2025-12-17 08:57:04'),
(2337, 25, 5, 7, 'An-Nas', 6, 'Ganjil 2025/2026', '2025-12-24 08:57:04', '2025-12-24 08:57:04', '2025-12-24 08:57:04'),
(2338, 25, 5, 9, 'Al-Humazah', 9, 'Ganjil 2025/2026', '2025-12-31 08:57:04', '2025-12-31 08:57:04', '2025-12-31 08:57:04'),
(2339, 25, 5, 9, 'Al-Balad', 20, 'Ganjil 2025/2026', '2026-01-07 08:57:04', '2026-01-07 08:57:04', '2026-01-07 08:57:04'),
(2340, 25, 5, 7, 'Al-Humazah', 9, 'Ganjil 2025/2026', '2026-01-14 08:57:04', '2026-01-14 08:57:04', '2026-01-14 08:57:04'),
(2341, 25, 5, 9, 'Asy-Syams', 15, 'Ganjil 2025/2026', '2026-01-21 08:57:04', '2026-01-21 08:57:04', '2026-01-21 08:57:04'),
(2342, 25, 5, 9, 'Al-Humazah', 10, 'Ganjil 2025/2026', '2026-01-28 08:57:04', '2026-01-28 08:57:04', '2026-01-28 08:57:04'),
(2343, 25, 5, 9, 'Al-Insyiqaq', 24, 'Ganjil 2025/2026', '2026-02-04 08:57:04', '2026-02-04 08:57:04', '2026-02-04 08:57:04'),
(2344, 25, 5, 9, 'Al-Buruj', 23, 'Ganjil 2025/2026', '2026-02-11 08:57:04', '2026-02-11 08:57:04', '2026-02-11 08:57:04'),
(2345, 25, 5, 9, 'Al-Lail', 21, 'Ganjil 2025/2026', '2026-02-18 08:57:04', '2026-02-18 08:57:04', '2026-02-18 08:57:04'),
(2346, 25, 5, 9, 'Al-Buruj', 23, 'Ganjil 2025/2026', '2026-02-25 08:57:04', '2026-02-25 08:57:04', '2026-02-25 08:57:04'),
(2347, 25, 5, 7, 'Al-Balad', 20, 'Ganjil 2025/2026', '2026-03-04 08:57:04', '2026-03-04 08:57:04', '2026-03-04 08:57:04'),
(2348, 26, 1, 9, 'Al-Balad', 20, 'Ganjil 2025/2026', '2025-07-30 08:57:04', '2025-07-30 08:57:04', '2025-07-30 08:57:04'),
(2349, 26, 1, 7, 'Asy-Syams', 15, 'Ganjil 2025/2026', '2025-08-06 08:57:04', '2025-08-06 08:57:04', '2025-08-06 08:57:04'),
(2350, 26, 1, 9, 'Al-Ala', 19, 'Ganjil 2025/2026', '2025-08-13 08:57:04', '2025-08-13 08:57:04', '2025-08-13 08:57:04'),
(2351, 26, 1, 9, 'Al-Buruj', 22, 'Ganjil 2025/2026', '2025-08-20 08:57:04', '2025-08-20 08:57:04', '2025-08-20 08:57:04'),
(2352, 26, 1, 9, 'Al-Insyiqaq', 25, 'Ganjil 2025/2026', '2025-08-27 08:57:04', '2025-08-27 08:57:04', '2025-08-27 08:57:04'),
(2353, 26, 1, 9, 'Al-Insyiqaq', 24, 'Ganjil 2025/2026', '2025-09-03 08:57:04', '2025-09-03 08:57:04', '2025-09-03 08:57:04'),
(2354, 26, 1, 7, 'Ad-Duha', 11, 'Ganjil 2025/2026', '2025-09-10 08:57:04', '2025-09-10 08:57:04', '2025-09-10 08:57:04'),
(2355, 26, 1, 9, 'Ad-Duha', 13, 'Ganjil 2025/2026', '2025-09-17 08:57:04', '2025-09-17 08:57:04', '2025-09-17 08:57:04'),
(2356, 26, 1, 9, 'Ad-Duha', 12, 'Ganjil 2025/2026', '2025-09-24 08:57:04', '2025-09-24 08:57:04', '2025-09-24 08:57:04'),
(2357, 26, 1, 7, 'Asy-Syams', 14, 'Ganjil 2025/2026', '2025-10-01 08:57:04', '2025-10-01 08:57:04', '2025-10-01 08:57:04'),
(2358, 26, 1, 9, 'Al-Balad', 20, 'Ganjil 2025/2026', '2025-10-08 08:57:04', '2025-10-08 08:57:04', '2025-10-08 08:57:04'),
(2359, 26, 1, 9, 'Al-Balad', 20, 'Ganjil 2025/2026', '2025-10-15 08:57:04', '2025-10-15 08:57:04', '2025-10-15 08:57:04'),
(2360, 26, 1, 9, 'Al-Buruj', 22, 'Ganjil 2025/2026', '2025-10-22 08:57:04', '2025-10-22 08:57:04', '2025-10-22 08:57:04'),
(2361, 26, 1, 7, 'Asy-Syams', 14, 'Ganjil 2025/2026', '2025-10-29 08:57:04', '2025-10-29 08:57:04', '2025-10-29 08:57:04'),
(2362, 26, 1, 9, 'Al-Buruj', 23, 'Ganjil 2025/2026', '2025-11-05 08:57:04', '2025-11-05 08:57:04', '2025-11-05 08:57:04'),
(2363, 26, 1, 9, 'At-Tariq', 17, 'Ganjil 2025/2026', '2025-11-12 08:57:04', '2025-11-12 08:57:04', '2025-11-12 08:57:04'),
(2364, 26, 1, 9, 'Al-Humazah', 9, 'Ganjil 2025/2026', '2025-11-19 08:57:04', '2025-11-19 08:57:04', '2025-11-19 08:57:04'),
(2365, 26, 1, 9, 'An-Nas', 6, 'Ganjil 2025/2026', '2025-11-26 08:57:04', '2025-11-26 08:57:04', '2025-11-26 08:57:04'),
(2366, 26, 1, 9, 'Al-Fatihah', 7, 'Ganjil 2025/2026', '2025-12-03 08:57:04', '2025-12-03 08:57:04', '2025-12-03 08:57:04'),
(2367, 26, 1, 9, 'Al-Ala', 19, 'Ganjil 2025/2026', '2025-12-10 08:57:04', '2025-12-10 08:57:04', '2025-12-10 08:57:04'),
(2368, 26, 1, 7, 'Al-Balad', 20, 'Ganjil 2025/2026', '2025-12-17 08:57:04', '2025-12-17 08:57:04', '2025-12-17 08:57:04'),
(2369, 26, 1, 9, 'Ad-Duha', 11, 'Ganjil 2025/2026', '2025-12-24 08:57:04', '2025-12-24 08:57:04', '2025-12-24 08:57:04'),
(2370, 26, 1, 9, 'Al-Buruj', 22, 'Ganjil 2025/2026', '2025-12-31 08:57:04', '2025-12-31 08:57:04', '2025-12-31 08:57:04'),
(2371, 26, 1, 7, 'Al-Humazah', 9, 'Ganjil 2025/2026', '2026-01-07 08:57:04', '2026-01-07 08:57:04', '2026-01-07 08:57:04'),
(2372, 26, 1, 7, 'Al-Insyiqaq', 24, 'Ganjil 2025/2026', '2026-01-14 08:57:04', '2026-01-14 08:57:04', '2026-01-14 08:57:04'),
(2373, 26, 1, 7, 'Ad-Duha', 12, 'Ganjil 2025/2026', '2026-01-21 08:57:04', '2026-01-21 08:57:04', '2026-01-21 08:57:04'),
(2374, 26, 1, 7, 'Al-Lail', 21, 'Ganjil 2025/2026', '2026-01-28 08:57:04', '2026-01-28 08:57:04', '2026-01-28 08:57:04'),
(2375, 26, 1, 7, 'Al-Insyiqaq', 25, 'Ganjil 2025/2026', '2026-02-04 08:57:04', '2026-02-04 08:57:04', '2026-02-04 08:57:04'),
(2376, 26, 1, 7, 'An-Nas', 6, 'Ganjil 2025/2026', '2026-02-11 08:57:04', '2026-02-11 08:57:04', '2026-02-11 08:57:04'),
(2377, 26, 1, 9, 'At-Tariq', 18, 'Ganjil 2025/2026', '2026-02-18 08:57:04', '2026-02-18 08:57:04', '2026-02-18 08:57:04'),
(2378, 26, 1, 7, 'Al-Balad', 20, 'Ganjil 2025/2026', '2026-02-25 08:57:04', '2026-02-25 08:57:04', '2026-02-25 08:57:04'),
(2379, 26, 1, 7, 'Al-Humazah', 9, 'Ganjil 2025/2026', '2026-03-04 08:57:04', '2026-03-04 08:57:04', '2026-03-04 08:57:04'),
(2380, 27, 2, 9, 'Al-Humazah', 10, 'Ganjil 2025/2026', '2025-07-30 08:57:10', '2025-07-30 08:57:10', '2025-07-30 08:57:10'),
(2381, 27, 2, 9, 'Al-Insyiqaq', 25, 'Ganjil 2025/2026', '2025-08-06 08:57:10', '2025-08-06 08:57:10', '2025-08-06 08:57:10'),
(2382, 27, 2, 7, 'Al-Humazah', 10, 'Ganjil 2025/2026', '2025-08-13 08:57:10', '2025-08-13 08:57:10', '2025-08-13 08:57:10'),
(2383, 27, 2, 9, 'Asy-Syams', 15, 'Ganjil 2025/2026', '2025-08-20 08:57:10', '2025-08-20 08:57:10', '2025-08-20 08:57:10'),
(2384, 27, 2, 7, 'Al-Buruj', 23, 'Ganjil 2025/2026', '2025-08-27 08:57:10', '2025-08-27 08:57:10', '2025-08-27 08:57:10'),
(2385, 27, 2, 9, 'Al-Humazah', 10, 'Ganjil 2025/2026', '2025-09-03 08:57:10', '2025-09-03 08:57:10', '2025-09-03 08:57:10'),
(2386, 27, 2, 9, 'At-Tariq', 18, 'Ganjil 2025/2026', '2025-09-10 08:57:10', '2025-09-10 08:57:10', '2025-09-10 08:57:10'),
(2387, 27, 2, 9, 'Al-Fatihah', 7, 'Ganjil 2025/2026', '2025-09-17 08:57:10', '2025-09-17 08:57:10', '2025-09-17 08:57:10'),
(2388, 27, 2, 7, 'Az-Zalzalah', 8, 'Ganjil 2025/2026', '2025-09-24 08:57:10', '2025-09-24 08:57:10', '2025-09-24 08:57:10'),
(2389, 27, 2, 9, 'Al-Humazah', 9, 'Ganjil 2025/2026', '2025-10-01 08:57:10', '2025-10-01 08:57:10', '2025-10-01 08:57:10'),
(2390, 27, 2, 7, 'Asy-Syams', 15, 'Ganjil 2025/2026', '2025-10-08 08:57:10', '2025-10-08 08:57:10', '2025-10-08 08:57:10'),
(2391, 27, 2, 9, 'Al-Falaq', 5, 'Ganjil 2025/2026', '2025-10-15 08:57:10', '2025-10-15 08:57:10', '2025-10-15 08:57:10'),
(2392, 27, 2, 7, 'At-Tariq', 17, 'Ganjil 2025/2026', '2025-10-22 08:57:10', '2025-10-22 08:57:10', '2025-10-22 08:57:10'),
(2393, 27, 2, 9, 'Al-Ala', 19, 'Ganjil 2025/2026', '2025-10-29 08:57:10', '2025-10-29 08:57:10', '2025-10-29 08:57:10'),
(2394, 27, 2, 9, 'Asy-Syams', 15, 'Ganjil 2025/2026', '2025-11-05 08:57:10', '2025-11-05 08:57:10', '2025-11-05 08:57:10'),
(2395, 27, 2, 7, 'Al-Buruj', 23, 'Ganjil 2025/2026', '2025-11-12 08:57:10', '2025-11-12 08:57:10', '2025-11-12 08:57:10'),
(2396, 27, 2, 9, 'Ad-Duha', 13, 'Ganjil 2025/2026', '2025-11-19 08:57:10', '2025-11-19 08:57:10', '2025-11-19 08:57:10'),
(2397, 27, 2, 7, 'Ad-Duha', 12, 'Ganjil 2025/2026', '2025-11-26 08:57:10', '2025-11-26 08:57:10', '2025-11-26 08:57:10'),
(2398, 27, 2, 9, 'Az-Zalzalah', 8, 'Ganjil 2025/2026', '2025-12-03 08:57:10', '2025-12-03 08:57:10', '2025-12-03 08:57:10'),
(2399, 27, 2, 7, 'Asy-Syams', 14, 'Ganjil 2025/2026', '2025-12-10 08:57:10', '2025-12-10 08:57:10', '2025-12-10 08:57:10'),
(2400, 27, 2, 9, 'At-Tariq', 17, 'Ganjil 2025/2026', '2025-12-17 08:57:10', '2025-12-17 08:57:10', '2025-12-17 08:57:10'),
(2401, 27, 2, 9, 'Az-Zalzalah', 8, 'Ganjil 2025/2026', '2025-12-24 08:57:10', '2025-12-24 08:57:10', '2025-12-24 08:57:10'),
(2402, 27, 2, 7, 'Asy-Syams', 16, 'Ganjil 2025/2026', '2025-12-31 08:57:10', '2025-12-31 08:57:10', '2025-12-31 08:57:10'),
(2403, 27, 2, 7, 'Ad-Duha', 12, 'Ganjil 2025/2026', '2026-01-07 08:57:10', '2026-01-07 08:57:10', '2026-01-07 08:57:10'),
(2404, 27, 2, 7, 'Al-Balad', 20, 'Ganjil 2025/2026', '2026-01-14 08:57:10', '2026-01-14 08:57:10', '2026-01-14 08:57:10'),
(2405, 27, 2, 9, 'Al-Ala', 19, 'Ganjil 2025/2026', '2026-01-21 08:57:10', '2026-01-21 08:57:10', '2026-01-21 08:57:10'),
(2406, 27, 2, 9, 'At-Tariq', 18, 'Ganjil 2025/2026', '2026-01-28 08:57:10', '2026-01-28 08:57:10', '2026-01-28 08:57:10'),
(2407, 27, 2, 7, 'Al-Buruj', 22, 'Ganjil 2025/2026', '2026-02-04 08:57:10', '2026-02-04 08:57:10', '2026-02-04 08:57:10'),
(2408, 27, 2, 7, 'Ad-Duha', 12, 'Ganjil 2025/2026', '2026-02-11 08:57:10', '2026-02-11 08:57:10', '2026-02-11 08:57:10'),
(2409, 27, 2, 9, 'Al-Lail', 21, 'Ganjil 2025/2026', '2026-02-18 08:57:10', '2026-02-18 08:57:10', '2026-02-18 08:57:10'),
(2410, 27, 2, 9, 'Al-Lail', 21, 'Ganjil 2025/2026', '2026-02-25 08:57:10', '2026-02-25 08:57:10', '2026-02-25 08:57:10'),
(2411, 27, 2, 7, 'Al-Fatihah', 7, 'Ganjil 2025/2026', '2026-03-04 08:57:10', '2026-03-04 08:57:10', '2026-03-04 08:57:10'),
(2412, 28, 3, 9, 'Al-Fatihah', 7, 'Ganjil 2025/2026', '2025-07-30 08:57:10', '2025-07-30 08:57:10', '2025-07-30 08:57:10'),
(2413, 28, 3, 9, 'An-Nas', 6, 'Ganjil 2025/2026', '2025-08-06 08:57:10', '2025-08-06 08:57:10', '2025-08-06 08:57:10'),
(2414, 28, 3, 7, 'At-Tariq', 18, 'Ganjil 2025/2026', '2025-08-13 08:57:10', '2025-08-13 08:57:10', '2025-08-13 08:57:10'),
(2415, 28, 3, 9, 'Al-Humazah', 9, 'Ganjil 2025/2026', '2025-08-20 08:57:10', '2025-08-20 08:57:10', '2025-08-20 08:57:10'),
(2416, 28, 3, 9, 'Asy-Syams', 16, 'Ganjil 2025/2026', '2025-08-27 08:57:10', '2025-08-27 08:57:10', '2025-08-27 08:57:10'),
(2417, 28, 3, 9, 'Al-Ala', 19, 'Ganjil 2025/2026', '2025-09-03 08:57:10', '2025-09-03 08:57:10', '2025-09-03 08:57:10'),
(2418, 28, 3, 7, 'At-Tariq', 17, 'Ganjil 2025/2026', '2025-09-10 08:57:10', '2025-09-10 08:57:10', '2025-09-10 08:57:10'),
(2419, 28, 3, 7, 'Al-Buruj', 22, 'Ganjil 2025/2026', '2025-09-17 08:57:10', '2025-09-17 08:57:10', '2025-09-17 08:57:10'),
(2420, 28, 3, 9, 'Al-Insyiqaq', 25, 'Ganjil 2025/2026', '2025-09-24 08:57:10', '2025-09-24 08:57:10', '2025-09-24 08:57:10'),
(2421, 28, 3, 7, 'Az-Zalzalah', 8, 'Ganjil 2025/2026', '2025-10-01 08:57:10', '2025-10-01 08:57:10', '2025-10-01 08:57:10'),
(2422, 28, 3, 9, 'Al-Buruj', 22, 'Ganjil 2025/2026', '2025-10-08 08:57:10', '2025-10-08 08:57:10', '2025-10-08 08:57:10'),
(2423, 28, 3, 7, 'Al-Lail', 21, 'Ganjil 2025/2026', '2025-10-15 08:57:10', '2025-10-15 08:57:10', '2025-10-15 08:57:10'),
(2424, 28, 3, 7, 'Ad-Duha', 12, 'Ganjil 2025/2026', '2025-10-22 08:57:10', '2025-10-22 08:57:10', '2025-10-22 08:57:10'),
(2425, 28, 3, 9, 'Al-Falaq', 5, 'Ganjil 2025/2026', '2025-10-29 08:57:10', '2025-10-29 08:57:10', '2025-10-29 08:57:10'),
(2426, 28, 3, 9, 'Al-Ala', 19, 'Ganjil 2025/2026', '2025-11-05 08:57:10', '2025-11-05 08:57:10', '2025-11-05 08:57:10'),
(2427, 28, 3, 9, 'Al-Buruj', 22, 'Ganjil 2025/2026', '2025-11-12 08:57:10', '2025-11-12 08:57:10', '2025-11-12 08:57:10'),
(2428, 28, 3, 7, 'Ad-Duha', 12, 'Ganjil 2025/2026', '2025-11-19 08:57:10', '2025-11-19 08:57:10', '2025-11-19 08:57:10'),
(2429, 28, 3, 9, 'Al-Ala', 19, 'Ganjil 2025/2026', '2025-11-26 08:57:10', '2025-11-26 08:57:10', '2025-11-26 08:57:10'),
(2430, 28, 3, 9, 'Al-Humazah', 9, 'Ganjil 2025/2026', '2025-12-03 08:57:10', '2025-12-03 08:57:10', '2025-12-03 08:57:10'),
(2431, 28, 3, 7, 'Ad-Duha', 11, 'Ganjil 2025/2026', '2025-12-10 08:57:10', '2025-12-10 08:57:10', '2025-12-10 08:57:10'),
(2432, 28, 3, 9, 'An-Nas', 6, 'Ganjil 2025/2026', '2025-12-17 08:57:10', '2025-12-17 08:57:10', '2025-12-17 08:57:10'),
(2433, 28, 3, 7, 'Al-Insyiqaq', 24, 'Ganjil 2025/2026', '2025-12-24 08:57:10', '2025-12-24 08:57:10', '2025-12-24 08:57:10'),
(2434, 28, 3, 7, 'Ad-Duha', 12, 'Ganjil 2025/2026', '2025-12-31 08:57:10', '2025-12-31 08:57:10', '2025-12-31 08:57:10'),
(2435, 28, 3, 7, 'Al-Fatihah', 7, 'Ganjil 2025/2026', '2026-01-07 08:57:10', '2026-01-07 08:57:10', '2026-01-07 08:57:10'),
(2436, 28, 3, 7, 'Al-Insyiqaq', 24, 'Ganjil 2025/2026', '2026-01-14 08:57:10', '2026-01-14 08:57:10', '2026-01-14 08:57:10'),
(2437, 28, 3, 7, 'Al-Ala', 19, 'Ganjil 2025/2026', '2026-01-21 08:57:10', '2026-01-21 08:57:10', '2026-01-21 08:57:10'),
(2438, 28, 3, 7, 'Ad-Duha', 12, 'Ganjil 2025/2026', '2026-01-28 08:57:10', '2026-01-28 08:57:10', '2026-01-28 08:57:10'),
(2439, 28, 3, 9, 'At-Tariq', 17, 'Ganjil 2025/2026', '2026-02-04 08:57:10', '2026-02-04 08:57:10', '2026-02-04 08:57:10'),
(2440, 28, 3, 7, 'Ad-Duha', 12, 'Ganjil 2025/2026', '2026-02-11 08:57:10', '2026-02-11 08:57:10', '2026-02-11 08:57:10'),
(2441, 28, 3, 7, 'An-Nas', 6, 'Ganjil 2025/2026', '2026-02-18 08:57:10', '2026-02-18 08:57:10', '2026-02-18 08:57:10'),
(2442, 28, 3, 9, 'Al-Lail', 21, 'Ganjil 2025/2026', '2026-02-25 08:57:10', '2026-02-25 08:57:10', '2026-02-25 08:57:10'),
(2443, 28, 3, 9, 'Ad-Duha', 12, 'Ganjil 2025/2026', '2026-03-04 08:57:10', '2026-03-04 08:57:10', '2026-03-04 08:57:10'),
(2444, 29, 4, 9, 'Al-Buruj', 22, 'Ganjil 2025/2026', '2025-07-30 08:57:10', '2025-07-30 08:57:10', '2025-07-30 08:57:10'),
(2445, 29, 4, 7, 'At-Tariq', 18, 'Ganjil 2025/2026', '2025-08-06 08:57:10', '2025-08-06 08:57:10', '2025-08-06 08:57:10'),
(2446, 29, 4, 7, 'At-Tariq', 17, 'Ganjil 2025/2026', '2025-08-13 08:57:10', '2025-08-13 08:57:10', '2025-08-13 08:57:10'),
(2447, 29, 4, 7, 'Ad-Duha', 13, 'Ganjil 2025/2026', '2025-08-20 08:57:10', '2025-08-20 08:57:10', '2025-08-20 08:57:10'),
(2448, 29, 4, 7, 'Asy-Syams', 15, 'Ganjil 2025/2026', '2025-08-27 08:57:10', '2025-08-27 08:57:10', '2025-08-27 08:57:10'),
(2449, 29, 4, 9, 'Al-Ala', 19, 'Ganjil 2025/2026', '2025-09-03 08:57:10', '2025-09-03 08:57:10', '2025-09-03 08:57:10'),
(2450, 29, 4, 7, 'Al-Fatihah', 7, 'Ganjil 2025/2026', '2025-09-10 08:57:10', '2025-09-10 08:57:10', '2025-09-10 08:57:10'),
(2451, 29, 4, 9, 'An-Nas', 6, 'Ganjil 2025/2026', '2025-09-17 08:57:10', '2025-09-17 08:57:10', '2025-09-17 08:57:10'),
(2452, 29, 4, 7, 'At-Tariq', 17, 'Ganjil 2025/2026', '2025-09-24 08:57:10', '2025-09-24 08:57:10', '2025-09-24 08:57:10'),
(2453, 29, 4, 7, 'Al-Fatihah', 7, 'Ganjil 2025/2026', '2025-10-01 08:57:10', '2025-10-01 08:57:10', '2025-10-01 08:57:10'),
(2454, 29, 4, 7, 'Al-Buruj', 23, 'Ganjil 2025/2026', '2025-10-08 08:57:10', '2025-10-08 08:57:10', '2025-10-08 08:57:10'),
(2455, 29, 4, 7, 'Al-Balad', 20, 'Ganjil 2025/2026', '2025-10-15 08:57:10', '2025-10-15 08:57:10', '2025-10-15 08:57:10'),
(2456, 29, 4, 9, 'Asy-Syams', 15, 'Ganjil 2025/2026', '2025-10-22 08:57:10', '2025-10-22 08:57:10', '2025-10-22 08:57:10'),
(2457, 29, 4, 7, 'Al-Falaq', 5, 'Ganjil 2025/2026', '2025-10-29 08:57:10', '2025-10-29 08:57:10', '2025-10-29 08:57:10'),
(2458, 29, 4, 7, 'Ad-Duha', 11, 'Ganjil 2025/2026', '2025-11-05 08:57:10', '2025-11-05 08:57:10', '2025-11-05 08:57:10'),
(2459, 29, 4, 7, 'Al-Balad', 20, 'Ganjil 2025/2026', '2025-11-12 08:57:10', '2025-11-12 08:57:10', '2025-11-12 08:57:10'),
(2460, 29, 4, 7, 'Al-Insyiqaq', 24, 'Ganjil 2025/2026', '2025-11-19 08:57:10', '2025-11-19 08:57:10', '2025-11-19 08:57:10'),
(2461, 29, 4, 7, 'At-Tariq', 17, 'Ganjil 2025/2026', '2025-11-26 08:57:10', '2025-11-26 08:57:10', '2025-11-26 08:57:10'),
(2462, 29, 4, 9, 'Al-Buruj', 22, 'Ganjil 2025/2026', '2025-12-03 08:57:10', '2025-12-03 08:57:10', '2025-12-03 08:57:10'),
(2463, 29, 4, 9, 'Asy-Syams', 14, 'Ganjil 2025/2026', '2025-12-10 08:57:10', '2025-12-10 08:57:10', '2025-12-10 08:57:10'),
(2464, 29, 4, 9, 'Al-Ala', 19, 'Ganjil 2025/2026', '2025-12-17 08:57:10', '2025-12-17 08:57:10', '2025-12-17 08:57:10'),
(2465, 29, 4, 9, 'Asy-Syams', 14, 'Ganjil 2025/2026', '2025-12-24 08:57:10', '2025-12-24 08:57:10', '2025-12-24 08:57:10'),
(2466, 29, 4, 9, 'Asy-Syams', 16, 'Ganjil 2025/2026', '2025-12-31 08:57:10', '2025-12-31 08:57:10', '2025-12-31 08:57:10'),
(2467, 29, 4, 7, 'Al-Ala', 19, 'Ganjil 2025/2026', '2026-01-07 08:57:10', '2026-01-07 08:57:10', '2026-01-07 08:57:10'),
(2468, 29, 4, 9, 'Al-Balad', 20, 'Ganjil 2025/2026', '2026-01-14 08:57:10', '2026-01-14 08:57:10', '2026-01-14 08:57:10'),
(2469, 29, 4, 9, 'Ad-Duha', 11, 'Ganjil 2025/2026', '2026-01-21 08:57:10', '2026-01-21 08:57:10', '2026-01-21 08:57:10'),
(2470, 29, 4, 9, 'Asy-Syams', 15, 'Ganjil 2025/2026', '2026-01-28 08:57:10', '2026-01-28 08:57:10', '2026-01-28 08:57:10'),
(2471, 29, 4, 7, 'An-Nas', 6, 'Ganjil 2025/2026', '2026-02-04 08:57:10', '2026-02-04 08:57:10', '2026-02-04 08:57:10'),
(2472, 29, 4, 7, 'Al-Humazah', 9, 'Ganjil 2025/2026', '2026-02-11 08:57:10', '2026-02-11 08:57:10', '2026-02-11 08:57:10'),
(2473, 29, 4, 9, 'Ad-Duha', 13, 'Ganjil 2025/2026', '2026-02-18 08:57:10', '2026-02-18 08:57:10', '2026-02-18 08:57:10'),
(2474, 29, 4, 7, 'Asy-Syams', 14, 'Ganjil 2025/2026', '2026-02-25 08:57:10', '2026-02-25 08:57:10', '2026-02-25 08:57:10'),
(2475, 29, 4, 9, 'Ad-Duha', 11, 'Ganjil 2025/2026', '2026-03-04 08:57:10', '2026-03-04 08:57:10', '2026-03-04 08:57:10'),
(2476, 30, 5, 7, 'Al-Balad', 20, 'Ganjil 2025/2026', '2025-07-30 08:57:11', '2025-07-30 08:57:11', '2025-07-30 08:57:11'),
(2477, 30, 5, 9, 'Al-Falaq', 5, 'Ganjil 2025/2026', '2025-08-06 08:57:11', '2025-08-06 08:57:11', '2025-08-06 08:57:11'),
(2478, 30, 5, 7, 'Al-Falaq', 5, 'Ganjil 2025/2026', '2025-08-13 08:57:11', '2025-08-13 08:57:11', '2025-08-13 08:57:11'),
(2479, 30, 5, 9, 'Al-Lail', 21, 'Ganjil 2025/2026', '2025-08-20 08:57:11', '2025-08-20 08:57:11', '2025-08-20 08:57:11'),
(2480, 30, 5, 9, 'Al-Buruj', 22, 'Ganjil 2025/2026', '2025-08-27 08:57:11', '2025-08-27 08:57:11', '2025-08-27 08:57:11'),
(2481, 30, 5, 9, 'Al-Falaq', 5, 'Ganjil 2025/2026', '2025-09-03 08:57:11', '2025-09-03 08:57:11', '2025-09-03 08:57:11'),
(2482, 30, 5, 7, 'Al-Humazah', 10, 'Ganjil 2025/2026', '2025-09-10 08:57:11', '2025-09-10 08:57:11', '2025-09-10 08:57:11'),
(2483, 30, 5, 7, 'Az-Zalzalah', 8, 'Ganjil 2025/2026', '2025-09-17 08:57:11', '2025-09-17 08:57:11', '2025-09-17 08:57:11'),
(2484, 30, 5, 7, 'Ad-Duha', 12, 'Ganjil 2025/2026', '2025-09-24 08:57:11', '2025-09-24 08:57:11', '2025-09-24 08:57:11'),
(2485, 30, 5, 9, 'Al-Insyiqaq', 24, 'Ganjil 2025/2026', '2025-10-01 08:57:11', '2025-10-01 08:57:11', '2025-10-01 08:57:11'),
(2486, 30, 5, 9, 'Asy-Syams', 16, 'Ganjil 2025/2026', '2025-10-08 08:57:11', '2025-10-08 08:57:11', '2025-10-08 08:57:11'),
(2487, 30, 5, 7, 'At-Tariq', 17, 'Ganjil 2025/2026', '2025-10-15 08:57:11', '2025-10-15 08:57:11', '2025-10-15 08:57:11'),
(2488, 30, 5, 9, 'Asy-Syams', 16, 'Ganjil 2025/2026', '2025-10-22 08:57:11', '2025-10-22 08:57:11', '2025-10-22 08:57:11'),
(2489, 30, 5, 7, 'Al-Ala', 19, 'Ganjil 2025/2026', '2025-10-29 08:57:11', '2025-10-29 08:57:11', '2025-10-29 08:57:11'),
(2490, 30, 5, 9, 'Ad-Duha', 12, 'Ganjil 2025/2026', '2025-11-05 08:57:11', '2025-11-05 08:57:11', '2025-11-05 08:57:11'),
(2491, 30, 5, 7, 'Al-Fatihah', 7, 'Ganjil 2025/2026', '2025-11-12 08:57:11', '2025-11-12 08:57:11', '2025-11-12 08:57:11'),
(2492, 30, 5, 9, 'Al-Fatihah', 7, 'Ganjil 2025/2026', '2025-11-19 08:57:11', '2025-11-19 08:57:11', '2025-11-19 08:57:11'),
(2493, 30, 5, 9, 'At-Tariq', 17, 'Ganjil 2025/2026', '2025-11-26 08:57:11', '2025-11-26 08:57:11', '2025-11-26 08:57:11'),
(2494, 30, 5, 9, 'Al-Buruj', 22, 'Ganjil 2025/2026', '2025-12-03 08:57:11', '2025-12-03 08:57:11', '2025-12-03 08:57:11'),
(2495, 30, 5, 7, 'An-Nas', 6, 'Ganjil 2025/2026', '2025-12-10 08:57:11', '2025-12-10 08:57:11', '2025-12-10 08:57:11'),
(2496, 30, 5, 7, 'Al-Humazah', 10, 'Ganjil 2025/2026', '2025-12-17 08:57:11', '2025-12-17 08:57:11', '2025-12-17 08:57:11'),
(2497, 30, 5, 9, 'Al-Balad', 20, 'Ganjil 2025/2026', '2025-12-24 08:57:11', '2025-12-24 08:57:11', '2025-12-24 08:57:11'),
(2498, 30, 5, 9, 'Al-Insyiqaq', 25, 'Ganjil 2025/2026', '2025-12-31 08:57:11', '2025-12-31 08:57:11', '2025-12-31 08:57:11'),
(2499, 30, 5, 7, 'Al-Buruj', 23, 'Ganjil 2025/2026', '2026-01-07 08:57:11', '2026-01-07 08:57:11', '2026-01-07 08:57:11'),
(2500, 30, 5, 7, 'Al-Lail', 21, 'Ganjil 2025/2026', '2026-01-14 08:57:11', '2026-01-14 08:57:11', '2026-01-14 08:57:11'),
(2501, 30, 5, 7, 'Ad-Duha', 12, 'Ganjil 2025/2026', '2026-01-21 08:57:11', '2026-01-21 08:57:11', '2026-01-21 08:57:11'),
(2502, 30, 5, 9, 'Al-Buruj', 23, 'Ganjil 2025/2026', '2026-01-28 08:57:11', '2026-01-28 08:57:11', '2026-01-28 08:57:11'),
(2503, 30, 5, 7, 'Ad-Duha', 13, 'Ganjil 2025/2026', '2026-02-04 08:57:11', '2026-02-04 08:57:11', '2026-02-04 08:57:11'),
(2504, 30, 5, 9, 'Al-Fatihah', 7, 'Ganjil 2025/2026', '2026-02-11 08:57:11', '2026-02-11 08:57:11', '2026-02-11 08:57:11'),
(2505, 30, 5, 7, 'Al-Buruj', 22, 'Ganjil 2025/2026', '2026-02-18 08:57:11', '2026-02-18 08:57:11', '2026-02-18 08:57:11'),
(2506, 30, 5, 9, 'Al-Humazah', 10, 'Ganjil 2025/2026', '2026-02-25 08:57:11', '2026-02-25 08:57:11', '2026-02-25 08:57:11'),
(2507, 30, 5, 7, 'Al-Falaq', 5, 'Ganjil 2025/2026', '2026-03-04 08:57:11', '2026-03-04 08:57:11', '2026-03-04 08:57:11'),
(2508, 31, 1, 9, 'Al-Buruj', 23, 'Ganjil 2025/2026', '2025-07-30 08:57:11', '2025-07-30 08:57:11', '2025-07-30 08:57:11'),
(2509, 31, 1, 9, 'Al-Fatihah', 7, 'Ganjil 2025/2026', '2025-08-06 08:57:11', '2025-08-06 08:57:11', '2025-08-06 08:57:11'),
(2510, 31, 1, 7, 'Ad-Duha', 12, 'Ganjil 2025/2026', '2025-08-13 08:57:11', '2025-08-13 08:57:11', '2025-08-13 08:57:11'),
(2511, 31, 1, 9, 'Al-Fatihah', 7, 'Ganjil 2025/2026', '2025-08-20 08:57:11', '2025-08-20 08:57:11', '2025-08-20 08:57:11'),
(2512, 31, 1, 9, 'Al-Humazah', 9, 'Ganjil 2025/2026', '2025-08-27 08:57:11', '2025-08-27 08:57:11', '2025-08-27 08:57:11'),
(2513, 31, 1, 7, 'Al-Insyiqaq', 25, 'Ganjil 2025/2026', '2025-09-03 08:57:11', '2025-09-03 08:57:11', '2025-09-03 08:57:11'),
(2514, 31, 1, 9, 'At-Tariq', 17, 'Ganjil 2025/2026', '2025-09-10 08:57:11', '2025-09-10 08:57:11', '2025-09-10 08:57:11'),
(2515, 31, 1, 7, 'Asy-Syams', 16, 'Ganjil 2025/2026', '2025-09-17 08:57:11', '2025-09-17 08:57:11', '2025-09-17 08:57:11'),
(2516, 31, 1, 7, 'Al-Fatihah', 7, 'Ganjil 2025/2026', '2025-09-24 08:57:11', '2025-09-24 08:57:11', '2025-09-24 08:57:11'),
(2517, 31, 1, 9, 'Asy-Syams', 14, 'Ganjil 2025/2026', '2025-10-01 08:57:11', '2025-10-01 08:57:11', '2025-10-01 08:57:11'),
(2518, 31, 1, 9, 'Asy-Syams', 16, 'Ganjil 2025/2026', '2025-10-08 08:57:11', '2025-10-08 08:57:11', '2025-10-08 08:57:11'),
(2519, 31, 1, 7, 'Az-Zalzalah', 8, 'Ganjil 2025/2026', '2025-10-15 08:57:11', '2025-10-15 08:57:11', '2025-10-15 08:57:11'),
(2520, 31, 1, 7, 'Al-Fatihah', 7, 'Ganjil 2025/2026', '2025-10-22 08:57:11', '2025-10-22 08:57:11', '2025-10-22 08:57:11'),
(2521, 31, 1, 9, 'At-Tariq', 18, 'Ganjil 2025/2026', '2025-10-29 08:57:11', '2025-10-29 08:57:11', '2025-10-29 08:57:11'),
(2522, 31, 1, 9, 'Al-Buruj', 22, 'Ganjil 2025/2026', '2025-11-05 08:57:11', '2025-11-05 08:57:11', '2025-11-05 08:57:11'),
(2523, 31, 1, 7, 'Az-Zalzalah', 8, 'Ganjil 2025/2026', '2025-11-12 08:57:11', '2025-11-12 08:57:11', '2025-11-12 08:57:11'),
(2524, 31, 1, 9, 'Al-Fatihah', 7, 'Ganjil 2025/2026', '2025-11-19 08:57:11', '2025-11-19 08:57:11', '2025-11-19 08:57:11'),
(2525, 31, 1, 7, 'Al-Buruj', 22, 'Ganjil 2025/2026', '2025-11-26 08:57:11', '2025-11-26 08:57:11', '2025-11-26 08:57:11'),
(2526, 31, 1, 9, 'Al-Insyiqaq', 24, 'Ganjil 2025/2026', '2025-12-03 08:57:11', '2025-12-03 08:57:11', '2025-12-03 08:57:11'),
(2527, 31, 1, 7, 'At-Tariq', 17, 'Ganjil 2025/2026', '2025-12-10 08:57:11', '2025-12-10 08:57:11', '2025-12-10 08:57:11'),
(2528, 31, 1, 9, 'Asy-Syams', 14, 'Ganjil 2025/2026', '2025-12-17 08:57:11', '2025-12-17 08:57:11', '2025-12-17 08:57:11'),
(2529, 31, 1, 7, 'At-Tariq', 17, 'Ganjil 2025/2026', '2025-12-24 08:57:11', '2025-12-24 08:57:11', '2025-12-24 08:57:11'),
(2530, 31, 1, 7, 'Al-Buruj', 22, 'Ganjil 2025/2026', '2025-12-31 08:57:11', '2025-12-31 08:57:11', '2025-12-31 08:57:11'),
(2531, 31, 1, 7, 'Al-Buruj', 23, 'Ganjil 2025/2026', '2026-01-07 08:57:11', '2026-01-07 08:57:11', '2026-01-07 08:57:11'),
(2532, 31, 1, 7, 'At-Tariq', 17, 'Ganjil 2025/2026', '2026-01-14 08:57:11', '2026-01-14 08:57:11', '2026-01-14 08:57:11'),
(2533, 31, 1, 9, 'Al-Humazah', 9, 'Ganjil 2025/2026', '2026-01-21 08:57:11', '2026-01-21 08:57:11', '2026-01-21 08:57:11'),
(2534, 31, 1, 9, 'Asy-Syams', 14, 'Ganjil 2025/2026', '2026-01-28 08:57:11', '2026-01-28 08:57:11', '2026-01-28 08:57:11'),
(2535, 31, 1, 7, 'Al-Balad', 20, 'Ganjil 2025/2026', '2026-02-04 08:57:11', '2026-02-04 08:57:11', '2026-02-04 08:57:11'),
(2536, 31, 1, 7, 'Al-Fatihah', 7, 'Ganjil 2025/2026', '2026-02-11 08:57:11', '2026-02-11 08:57:11', '2026-02-11 08:57:11'),
(2537, 31, 1, 9, 'At-Tariq', 18, 'Ganjil 2025/2026', '2026-02-18 08:57:11', '2026-02-18 08:57:11', '2026-02-18 08:57:11'),
(2538, 31, 1, 9, 'At-Tariq', 18, 'Ganjil 2025/2026', '2026-02-25 08:57:11', '2026-02-25 08:57:11', '2026-02-25 08:57:11'),
(2539, 31, 1, 7, 'Al-Balad', 20, 'Ganjil 2025/2026', '2026-03-04 08:57:11', '2026-03-04 08:57:11', '2026-03-04 08:57:11'),
(2540, 32, 2, 9, 'Ad-Duha', 13, 'Ganjil 2025/2026', '2025-07-30 08:57:12', '2025-07-30 08:57:12', '2025-07-30 08:57:12'),
(2541, 32, 2, 7, 'Asy-Syams', 16, 'Ganjil 2025/2026', '2025-08-06 08:57:12', '2025-08-06 08:57:12', '2025-08-06 08:57:12'),
(2542, 32, 2, 7, 'Al-Buruj', 23, 'Ganjil 2025/2026', '2025-08-13 08:57:12', '2025-08-13 08:57:12', '2025-08-13 08:57:12'),
(2543, 32, 2, 7, 'Al-Buruj', 23, 'Ganjil 2025/2026', '2025-08-20 08:57:12', '2025-08-20 08:57:12', '2025-08-20 08:57:12'),
(2544, 32, 2, 7, 'Al-Buruj', 22, 'Ganjil 2025/2026', '2025-08-27 08:57:12', '2025-08-27 08:57:12', '2025-08-27 08:57:12'),
(2545, 32, 2, 7, 'Al-Ala', 19, 'Ganjil 2025/2026', '2025-09-03 08:57:12', '2025-09-03 08:57:12', '2025-09-03 08:57:12'),
(2546, 32, 2, 9, 'Al-Ala', 19, 'Ganjil 2025/2026', '2025-09-10 08:57:12', '2025-09-10 08:57:12', '2025-09-10 08:57:12'),
(2547, 32, 2, 9, 'Al-Fatihah', 7, 'Ganjil 2025/2026', '2025-09-17 08:57:12', '2025-09-17 08:57:12', '2025-09-17 08:57:12'),
(2548, 32, 2, 7, 'Al-Balad', 20, 'Ganjil 2025/2026', '2025-09-24 08:57:12', '2025-09-24 08:57:12', '2025-09-24 08:57:12'),
(2549, 32, 2, 9, 'Al-Insyiqaq', 25, 'Ganjil 2025/2026', '2025-10-01 08:57:12', '2025-10-01 08:57:12', '2025-10-01 08:57:12'),
(2550, 32, 2, 9, 'Ad-Duha', 12, 'Ganjil 2025/2026', '2025-10-08 08:57:12', '2025-10-08 08:57:12', '2025-10-08 08:57:12'),
(2551, 32, 2, 9, 'Al-Humazah', 9, 'Ganjil 2025/2026', '2025-10-15 08:57:12', '2025-10-15 08:57:12', '2025-10-15 08:57:12'),
(2552, 32, 2, 7, 'At-Tariq', 17, 'Ganjil 2025/2026', '2025-10-22 08:57:12', '2025-10-22 08:57:12', '2025-10-22 08:57:12'),
(2553, 32, 2, 9, 'Al-Ala', 19, 'Ganjil 2025/2026', '2025-10-29 08:57:12', '2025-10-29 08:57:12', '2025-10-29 08:57:12'),
(2554, 32, 2, 9, 'Al-Buruj', 23, 'Ganjil 2025/2026', '2025-11-05 08:57:12', '2025-11-05 08:57:12', '2025-11-05 08:57:12'),
(2555, 32, 2, 9, 'Al-Buruj', 22, 'Ganjil 2025/2026', '2025-11-12 08:57:12', '2025-11-12 08:57:12', '2025-11-12 08:57:12'),
(2556, 32, 2, 7, 'Al-Buruj', 22, 'Ganjil 2025/2026', '2025-11-19 08:57:12', '2025-11-19 08:57:12', '2025-11-19 08:57:12'),
(2557, 32, 2, 7, 'Asy-Syams', 16, 'Ganjil 2025/2026', '2025-11-26 08:57:12', '2025-11-26 08:57:12', '2025-11-26 08:57:12'),
(2558, 32, 2, 7, 'Az-Zalzalah', 8, 'Ganjil 2025/2026', '2025-12-03 08:57:12', '2025-12-03 08:57:12', '2025-12-03 08:57:12'),
(2559, 32, 2, 7, 'Asy-Syams', 16, 'Ganjil 2025/2026', '2025-12-10 08:57:12', '2025-12-10 08:57:12', '2025-12-10 08:57:12'),
(2560, 32, 2, 7, 'Al-Insyiqaq', 25, 'Ganjil 2025/2026', '2025-12-17 08:57:12', '2025-12-17 08:57:12', '2025-12-17 08:57:12'),
(2561, 32, 2, 9, 'Al-Buruj', 23, 'Ganjil 2025/2026', '2025-12-24 08:57:12', '2025-12-24 08:57:12', '2025-12-24 08:57:12'),
(2562, 32, 2, 9, 'Asy-Syams', 15, 'Ganjil 2025/2026', '2025-12-31 08:57:12', '2025-12-31 08:57:12', '2025-12-31 08:57:12'),
(2563, 32, 2, 7, 'Az-Zalzalah', 8, 'Ganjil 2025/2026', '2026-01-07 08:57:12', '2026-01-07 08:57:12', '2026-01-07 08:57:12'),
(2564, 32, 2, 9, 'Az-Zalzalah', 8, 'Ganjil 2025/2026', '2026-01-14 08:57:12', '2026-01-14 08:57:12', '2026-01-14 08:57:12'),
(2565, 32, 2, 7, 'Ad-Duha', 12, 'Ganjil 2025/2026', '2026-01-21 08:57:12', '2026-01-21 08:57:12', '2026-01-21 08:57:12'),
(2566, 32, 2, 9, 'Al-Ala', 19, 'Ganjil 2025/2026', '2026-01-28 08:57:12', '2026-01-28 08:57:12', '2026-01-28 08:57:12'),
(2567, 32, 2, 9, 'At-Tariq', 17, 'Ganjil 2025/2026', '2026-02-04 08:57:12', '2026-02-04 08:57:12', '2026-02-04 08:57:12'),
(2568, 32, 2, 7, 'Al-Buruj', 23, 'Ganjil 2025/2026', '2026-02-11 08:57:12', '2026-02-11 08:57:12', '2026-02-11 08:57:12'),
(2569, 32, 2, 7, 'Asy-Syams', 16, 'Ganjil 2025/2026', '2026-02-18 08:57:12', '2026-02-18 08:57:12', '2026-02-18 08:57:12'),
(2570, 32, 2, 7, 'Al-Balad', 20, 'Ganjil 2025/2026', '2026-02-25 08:57:12', '2026-02-25 08:57:12', '2026-02-25 08:57:12'),
(2571, 32, 2, 9, 'Asy-Syams', 14, 'Ganjil 2025/2026', '2026-03-04 08:57:12', '2026-03-04 08:57:12', '2026-03-04 08:57:12'),
(2572, 33, 3, 9, 'Al-Humazah', 10, 'Ganjil 2025/2026', '2025-07-30 08:57:12', '2025-07-30 08:57:12', '2025-07-30 08:57:12'),
(2573, 33, 3, 7, 'At-Tariq', 17, 'Ganjil 2025/2026', '2025-08-06 08:57:12', '2025-08-06 08:57:12', '2025-08-06 08:57:12'),
(2574, 33, 3, 7, 'Al-Insyiqaq', 24, 'Ganjil 2025/2026', '2025-08-13 08:57:12', '2025-08-13 08:57:12', '2025-08-13 08:57:12'),
(2575, 33, 3, 9, 'Al-Ala', 19, 'Ganjil 2025/2026', '2025-08-20 08:57:12', '2025-08-20 08:57:12', '2025-08-20 08:57:12'),
(2576, 33, 3, 7, 'At-Tariq', 17, 'Ganjil 2025/2026', '2025-08-27 08:57:12', '2025-08-27 08:57:12', '2025-08-27 08:57:12'),
(2577, 33, 3, 7, 'Ad-Duha', 11, 'Ganjil 2025/2026', '2025-09-03 08:57:12', '2025-09-03 08:57:12', '2025-09-03 08:57:12'),
(2578, 33, 3, 7, 'Ad-Duha', 13, 'Ganjil 2025/2026', '2025-09-10 08:57:12', '2025-09-10 08:57:12', '2025-09-10 08:57:12'),
(2579, 33, 3, 7, 'Al-Buruj', 23, 'Ganjil 2025/2026', '2025-09-17 08:57:12', '2025-09-17 08:57:12', '2025-09-17 08:57:12');
INSERT INTO `tb_data_hafalan` (`id`, `id_siswa`, `id_guru`, `id_media`, `nama_surah`, `jumlah_ayat`, `periode_semester`, `tanggal_input`, `created_at`, `updated_at`) VALUES
(2580, 33, 3, 7, 'Al-Buruj', 22, 'Ganjil 2025/2026', '2025-09-24 08:57:12', '2025-09-24 08:57:12', '2025-09-24 08:57:12'),
(2581, 33, 3, 9, 'Asy-Syams', 16, 'Ganjil 2025/2026', '2025-10-01 08:57:12', '2025-10-01 08:57:12', '2025-10-01 08:57:12'),
(2582, 33, 3, 9, 'Ad-Duha', 11, 'Ganjil 2025/2026', '2025-10-08 08:57:12', '2025-10-08 08:57:12', '2025-10-08 08:57:12'),
(2583, 33, 3, 9, 'Az-Zalzalah', 8, 'Ganjil 2025/2026', '2025-10-15 08:57:12', '2025-10-15 08:57:12', '2025-10-15 08:57:12'),
(2584, 33, 3, 9, 'Al-Balad', 20, 'Ganjil 2025/2026', '2025-10-22 08:57:12', '2025-10-22 08:57:12', '2025-10-22 08:57:12'),
(2585, 33, 3, 9, 'Al-Insyiqaq', 24, 'Ganjil 2025/2026', '2025-10-29 08:57:12', '2025-10-29 08:57:12', '2025-10-29 08:57:12'),
(2586, 33, 3, 9, 'Al-Insyiqaq', 24, 'Ganjil 2025/2026', '2025-11-05 08:57:12', '2025-11-05 08:57:12', '2025-11-05 08:57:12'),
(2587, 33, 3, 7, 'Al-Buruj', 23, 'Ganjil 2025/2026', '2025-11-12 08:57:12', '2025-11-12 08:57:12', '2025-11-12 08:57:12'),
(2588, 33, 3, 9, 'Asy-Syams', 16, 'Ganjil 2025/2026', '2025-11-19 08:57:12', '2025-11-19 08:57:12', '2025-11-19 08:57:12'),
(2589, 33, 3, 7, 'Al-Ala', 19, 'Ganjil 2025/2026', '2025-11-26 08:57:12', '2025-11-26 08:57:12', '2025-11-26 08:57:12'),
(2590, 33, 3, 7, 'Asy-Syams', 14, 'Ganjil 2025/2026', '2025-12-03 08:57:12', '2025-12-03 08:57:12', '2025-12-03 08:57:12'),
(2591, 33, 3, 9, 'Al-Humazah', 9, 'Ganjil 2025/2026', '2025-12-10 08:57:12', '2025-12-10 08:57:12', '2025-12-10 08:57:12'),
(2592, 33, 3, 7, 'Az-Zalzalah', 8, 'Ganjil 2025/2026', '2025-12-17 08:57:12', '2025-12-17 08:57:12', '2025-12-17 08:57:12'),
(2593, 33, 3, 7, 'Asy-Syams', 14, 'Ganjil 2025/2026', '2025-12-24 08:57:12', '2025-12-24 08:57:12', '2025-12-24 08:57:12'),
(2594, 33, 3, 9, 'Al-Humazah', 10, 'Ganjil 2025/2026', '2025-12-31 08:57:12', '2025-12-31 08:57:12', '2025-12-31 08:57:12'),
(2595, 33, 3, 9, 'Al-Humazah', 9, 'Ganjil 2025/2026', '2026-01-07 08:57:12', '2026-01-07 08:57:12', '2026-01-07 08:57:12'),
(2596, 33, 3, 7, 'At-Tariq', 18, 'Ganjil 2025/2026', '2026-01-14 08:57:12', '2026-01-14 08:57:12', '2026-01-14 08:57:12'),
(2597, 33, 3, 9, 'Al-Buruj', 23, 'Ganjil 2025/2026', '2026-01-21 08:57:12', '2026-01-21 08:57:12', '2026-01-21 08:57:12'),
(2598, 33, 3, 7, 'At-Tariq', 18, 'Ganjil 2025/2026', '2026-01-28 08:57:12', '2026-01-28 08:57:12', '2026-01-28 08:57:12'),
(2599, 33, 3, 7, 'Al-Balad', 20, 'Ganjil 2025/2026', '2026-02-04 08:57:12', '2026-02-04 08:57:12', '2026-02-04 08:57:12'),
(2600, 33, 3, 7, 'Al-Buruj', 22, 'Ganjil 2025/2026', '2026-02-11 08:57:12', '2026-02-11 08:57:12', '2026-02-11 08:57:12'),
(2601, 33, 3, 9, 'Al-Balad', 20, 'Ganjil 2025/2026', '2026-02-18 08:57:12', '2026-02-18 08:57:12', '2026-02-18 08:57:12'),
(2602, 33, 3, 7, 'Al-Humazah', 9, 'Ganjil 2025/2026', '2026-02-25 08:57:12', '2026-02-25 08:57:12', '2026-02-25 08:57:12'),
(2603, 33, 3, 9, 'Asy-Syams', 15, 'Ganjil 2025/2026', '2026-03-04 08:57:12', '2026-03-04 08:57:12', '2026-03-04 08:57:12'),
(2604, 34, 4, 7, 'Al-Ala', 19, 'Ganjil 2025/2026', '2025-07-30 08:57:13', '2025-07-30 08:57:13', '2025-07-30 08:57:13'),
(2605, 34, 4, 7, 'At-Tariq', 18, 'Ganjil 2025/2026', '2025-08-06 08:57:13', '2025-08-06 08:57:13', '2025-08-06 08:57:13'),
(2606, 34, 4, 7, 'Al-Insyiqaq', 25, 'Ganjil 2025/2026', '2025-08-13 08:57:13', '2025-08-13 08:57:13', '2025-08-13 08:57:13'),
(2607, 34, 4, 7, 'Asy-Syams', 14, 'Ganjil 2025/2026', '2025-08-20 08:57:13', '2025-08-20 08:57:13', '2025-08-20 08:57:13'),
(2608, 34, 4, 9, 'Al-Ala', 19, 'Ganjil 2025/2026', '2025-08-27 08:57:13', '2025-08-27 08:57:13', '2025-08-27 08:57:13'),
(2609, 34, 4, 7, 'Asy-Syams', 16, 'Ganjil 2025/2026', '2025-09-03 08:57:13', '2025-09-03 08:57:13', '2025-09-03 08:57:13'),
(2610, 34, 4, 7, 'Al-Ala', 19, 'Ganjil 2025/2026', '2025-09-10 08:57:13', '2025-09-10 08:57:13', '2025-09-10 08:57:13'),
(2611, 34, 4, 7, 'Ad-Duha', 12, 'Ganjil 2025/2026', '2025-09-17 08:57:13', '2025-09-17 08:57:13', '2025-09-17 08:57:13'),
(2612, 34, 4, 9, 'Al-Buruj', 23, 'Ganjil 2025/2026', '2025-09-24 08:57:13', '2025-09-24 08:57:13', '2025-09-24 08:57:13'),
(2613, 34, 4, 9, 'Al-Insyiqaq', 24, 'Ganjil 2025/2026', '2025-10-01 08:57:13', '2025-10-01 08:57:13', '2025-10-01 08:57:13'),
(2614, 34, 4, 7, 'Al-Humazah', 10, 'Ganjil 2025/2026', '2025-10-08 08:57:13', '2025-10-08 08:57:13', '2025-10-08 08:57:13'),
(2615, 34, 4, 7, 'Ad-Duha', 11, 'Ganjil 2025/2026', '2025-10-15 08:57:13', '2025-10-15 08:57:13', '2025-10-15 08:57:13'),
(2616, 34, 4, 9, 'An-Nas', 6, 'Ganjil 2025/2026', '2025-10-22 08:57:13', '2025-10-22 08:57:13', '2025-10-22 08:57:13'),
(2617, 34, 4, 9, 'Al-Buruj', 22, 'Ganjil 2025/2026', '2025-10-29 08:57:13', '2025-10-29 08:57:13', '2025-10-29 08:57:13'),
(2618, 34, 4, 7, 'Al-Insyiqaq', 24, 'Ganjil 2025/2026', '2025-11-05 08:57:13', '2025-11-05 08:57:13', '2025-11-05 08:57:13'),
(2619, 34, 4, 9, 'Asy-Syams', 15, 'Ganjil 2025/2026', '2025-11-12 08:57:13', '2025-11-12 08:57:13', '2025-11-12 08:57:13'),
(2620, 34, 4, 9, 'Asy-Syams', 14, 'Ganjil 2025/2026', '2025-11-19 08:57:13', '2025-11-19 08:57:13', '2025-11-19 08:57:13'),
(2621, 34, 4, 7, 'Al-Lail', 21, 'Ganjil 2025/2026', '2025-11-26 08:57:13', '2025-11-26 08:57:13', '2025-11-26 08:57:13'),
(2622, 34, 4, 9, 'Al-Humazah', 9, 'Ganjil 2025/2026', '2025-12-03 08:57:13', '2025-12-03 08:57:13', '2025-12-03 08:57:13'),
(2623, 34, 4, 9, 'An-Nas', 6, 'Ganjil 2025/2026', '2025-12-10 08:57:13', '2025-12-10 08:57:13', '2025-12-10 08:57:13'),
(2624, 34, 4, 7, 'Al-Insyiqaq', 25, 'Ganjil 2025/2026', '2025-12-17 08:57:13', '2025-12-17 08:57:13', '2025-12-17 08:57:13'),
(2625, 34, 4, 7, 'Al-Humazah', 9, 'Ganjil 2025/2026', '2025-12-24 08:57:13', '2025-12-24 08:57:13', '2025-12-24 08:57:13'),
(2626, 34, 4, 9, 'Al-Humazah', 9, 'Ganjil 2025/2026', '2025-12-31 08:57:13', '2025-12-31 08:57:13', '2025-12-31 08:57:13'),
(2627, 34, 4, 9, 'Ad-Duha', 12, 'Ganjil 2025/2026', '2026-01-07 08:57:13', '2026-01-07 08:57:13', '2026-01-07 08:57:13'),
(2628, 34, 4, 7, 'Al-Balad', 20, 'Ganjil 2025/2026', '2026-01-14 08:57:13', '2026-01-14 08:57:13', '2026-01-14 08:57:13'),
(2629, 34, 4, 9, 'Al-Buruj', 23, 'Ganjil 2025/2026', '2026-01-21 08:57:13', '2026-01-21 08:57:13', '2026-01-21 08:57:13'),
(2630, 35, 5, 9, 'Al-Humazah', 10, 'Ganjil 2025/2026', '2025-07-30 08:57:13', '2025-07-30 08:57:13', '2025-07-30 08:57:13'),
(2631, 35, 5, 9, 'Al-Fatihah', 7, 'Ganjil 2025/2026', '2025-08-06 08:57:13', '2025-08-06 08:57:13', '2025-08-06 08:57:13'),
(2632, 35, 5, 7, 'Ad-Duha', 13, 'Ganjil 2025/2026', '2025-08-13 08:57:13', '2025-08-13 08:57:13', '2025-08-13 08:57:13'),
(2633, 35, 5, 7, 'Asy-Syams', 16, 'Ganjil 2025/2026', '2025-08-20 08:57:13', '2025-08-20 08:57:13', '2025-08-20 08:57:13'),
(2634, 35, 5, 9, 'An-Nas', 6, 'Ganjil 2025/2026', '2025-08-27 08:57:13', '2025-08-27 08:57:13', '2025-08-27 08:57:13'),
(2635, 35, 5, 9, 'Al-Insyiqaq', 25, 'Ganjil 2025/2026', '2025-09-03 08:57:13', '2025-09-03 08:57:13', '2025-09-03 08:57:13'),
(2636, 35, 5, 9, 'Ad-Duha', 12, 'Ganjil 2025/2026', '2025-09-10 08:57:13', '2025-09-10 08:57:13', '2025-09-10 08:57:13'),
(2637, 35, 5, 7, 'Al-Insyiqaq', 25, 'Ganjil 2025/2026', '2025-09-17 08:57:13', '2025-09-17 08:57:13', '2025-09-17 08:57:13'),
(2638, 35, 5, 7, 'Az-Zalzalah', 8, 'Ganjil 2025/2026', '2025-09-24 08:57:13', '2025-09-24 08:57:13', '2025-09-24 08:57:13'),
(2639, 35, 5, 9, 'Ad-Duha', 11, 'Ganjil 2025/2026', '2025-10-01 08:57:13', '2025-10-01 08:57:13', '2025-10-01 08:57:13'),
(2640, 35, 5, 7, 'Al-Fatihah', 7, 'Ganjil 2025/2026', '2025-10-08 08:57:13', '2025-10-08 08:57:13', '2025-10-08 08:57:13'),
(2641, 35, 5, 7, 'Al-Buruj', 23, 'Ganjil 2025/2026', '2025-10-15 08:57:13', '2025-10-15 08:57:13', '2025-10-15 08:57:13'),
(2642, 35, 5, 9, 'Al-Lail', 21, 'Ganjil 2025/2026', '2025-10-22 08:57:13', '2025-10-22 08:57:13', '2025-10-22 08:57:13'),
(2643, 35, 5, 7, 'Al-Falaq', 5, 'Ganjil 2025/2026', '2025-10-29 08:57:13', '2025-10-29 08:57:13', '2025-10-29 08:57:13'),
(2644, 35, 5, 7, 'Asy-Syams', 15, 'Ganjil 2025/2026', '2025-11-05 08:57:13', '2025-11-05 08:57:13', '2025-11-05 08:57:13'),
(2645, 35, 5, 7, 'At-Tariq', 18, 'Ganjil 2025/2026', '2025-11-12 08:57:13', '2025-11-12 08:57:13', '2025-11-12 08:57:13'),
(2646, 35, 5, 7, 'Al-Balad', 20, 'Ganjil 2025/2026', '2025-11-19 08:57:13', '2025-11-19 08:57:13', '2025-11-19 08:57:13'),
(2647, 35, 5, 9, 'Ad-Duha', 12, 'Ganjil 2025/2026', '2025-11-26 08:57:13', '2025-11-26 08:57:13', '2025-11-26 08:57:13'),
(2648, 35, 5, 7, 'Al-Fatihah', 7, 'Ganjil 2025/2026', '2025-12-03 08:57:13', '2025-12-03 08:57:13', '2025-12-03 08:57:13'),
(2649, 35, 5, 9, 'Az-Zalzalah', 8, 'Ganjil 2025/2026', '2025-12-10 08:57:13', '2025-12-10 08:57:13', '2025-12-10 08:57:13'),
(2650, 35, 5, 9, 'Asy-Syams', 16, 'Ganjil 2025/2026', '2025-12-17 08:57:13', '2025-12-17 08:57:13', '2025-12-17 08:57:13'),
(2651, 35, 5, 9, 'Al-Humazah', 9, 'Ganjil 2025/2026', '2025-12-24 08:57:13', '2025-12-24 08:57:13', '2025-12-24 08:57:13'),
(2652, 35, 5, 7, 'Al-Humazah', 9, 'Ganjil 2025/2026', '2025-12-31 08:57:13', '2025-12-31 08:57:13', '2025-12-31 08:57:13'),
(2653, 35, 5, 7, 'Al-Fatihah', 7, 'Ganjil 2025/2026', '2026-01-07 08:57:13', '2026-01-07 08:57:13', '2026-01-07 08:57:13'),
(2654, 35, 5, 7, 'Al-Insyiqaq', 24, 'Ganjil 2025/2026', '2026-01-14 08:57:13', '2026-01-14 08:57:13', '2026-01-14 08:57:13'),
(2655, 35, 5, 9, 'Al-Ala', 19, 'Ganjil 2025/2026', '2026-01-21 08:57:13', '2026-01-21 08:57:13', '2026-01-21 08:57:13'),
(2656, 35, 5, 7, 'Ad-Duha', 11, 'Ganjil 2025/2026', '2026-01-28 08:57:13', '2026-01-28 08:57:13', '2026-01-28 08:57:13'),
(2657, 35, 5, 9, 'At-Tariq', 18, 'Ganjil 2025/2026', '2026-02-04 08:57:13', '2026-02-04 08:57:13', '2026-02-04 08:57:13'),
(2658, 35, 5, 7, 'Ad-Duha', 11, 'Ganjil 2025/2026', '2026-02-11 08:57:13', '2026-02-11 08:57:13', '2026-02-11 08:57:13'),
(2659, 35, 5, 7, 'Az-Zalzalah', 8, 'Ganjil 2025/2026', '2026-02-18 08:57:13', '2026-02-18 08:57:13', '2026-02-18 08:57:13'),
(2660, 35, 5, 9, 'Az-Zalzalah', 8, 'Ganjil 2025/2026', '2026-02-25 08:57:13', '2026-02-25 08:57:13', '2026-02-25 08:57:13'),
(2661, 35, 5, 9, 'Asy-Syams', 16, 'Ganjil 2025/2026', '2026-03-04 08:57:13', '2026-03-04 08:57:13', '2026-03-04 08:57:13'),
(2662, 36, 1, 7, 'Al-Falaq', 5, 'Ganjil 2025/2026', '2025-07-30 08:57:13', '2025-07-30 08:57:13', '2025-07-30 08:57:13'),
(2663, 36, 1, 9, 'Al-Falaq', 5, 'Ganjil 2025/2026', '2025-08-06 08:57:13', '2025-08-06 08:57:13', '2025-08-06 08:57:13'),
(2664, 36, 1, 7, 'Ad-Duha', 11, 'Ganjil 2025/2026', '2025-08-13 08:57:13', '2025-08-13 08:57:13', '2025-08-13 08:57:13'),
(2665, 36, 1, 9, 'An-Nas', 6, 'Ganjil 2025/2026', '2025-08-20 08:57:13', '2025-08-20 08:57:13', '2025-08-20 08:57:13'),
(2666, 36, 1, 9, 'Al-Lail', 21, 'Ganjil 2025/2026', '2025-08-27 08:57:13', '2025-08-27 08:57:13', '2025-08-27 08:57:13'),
(2667, 36, 1, 9, 'Al-Insyiqaq', 25, 'Ganjil 2025/2026', '2025-09-03 08:57:13', '2025-09-03 08:57:13', '2025-09-03 08:57:13'),
(2668, 36, 1, 9, 'At-Tariq', 18, 'Ganjil 2025/2026', '2025-09-10 08:57:13', '2025-09-10 08:57:13', '2025-09-10 08:57:13'),
(2669, 36, 1, 7, 'Al-Fatihah', 7, 'Ganjil 2025/2026', '2025-09-17 08:57:13', '2025-09-17 08:57:13', '2025-09-17 08:57:13'),
(2670, 36, 1, 7, 'Ad-Duha', 13, 'Ganjil 2025/2026', '2025-09-24 08:57:13', '2025-09-24 08:57:13', '2025-09-24 08:57:13'),
(2671, 36, 1, 7, 'Asy-Syams', 14, 'Ganjil 2025/2026', '2025-10-01 08:57:13', '2025-10-01 08:57:13', '2025-10-01 08:57:13'),
(2672, 36, 1, 7, 'Al-Lail', 21, 'Ganjil 2025/2026', '2025-10-08 08:57:13', '2025-10-08 08:57:13', '2025-10-08 08:57:13'),
(2673, 36, 1, 9, 'Al-Humazah', 9, 'Ganjil 2025/2026', '2025-10-15 08:57:13', '2025-10-15 08:57:13', '2025-10-15 08:57:13'),
(2674, 36, 1, 7, 'At-Tariq', 17, 'Ganjil 2025/2026', '2025-10-22 08:57:13', '2025-10-22 08:57:13', '2025-10-22 08:57:13'),
(2675, 36, 1, 9, 'Asy-Syams', 14, 'Ganjil 2025/2026', '2025-10-29 08:57:13', '2025-10-29 08:57:13', '2025-10-29 08:57:13'),
(2676, 36, 1, 7, 'Ad-Duha', 12, 'Ganjil 2025/2026', '2025-11-05 08:57:13', '2025-11-05 08:57:13', '2025-11-05 08:57:13'),
(2677, 36, 1, 7, 'Ad-Duha', 12, 'Ganjil 2025/2026', '2025-11-12 08:57:13', '2025-11-12 08:57:13', '2025-11-12 08:57:13'),
(2678, 36, 1, 7, 'At-Tariq', 18, 'Ganjil 2025/2026', '2025-11-19 08:57:13', '2025-11-19 08:57:13', '2025-11-19 08:57:13'),
(2679, 36, 1, 7, 'Al-Ala', 19, 'Ganjil 2025/2026', '2025-11-26 08:57:13', '2025-11-26 08:57:13', '2025-11-26 08:57:13'),
(2680, 36, 1, 7, 'Asy-Syams', 14, 'Ganjil 2025/2026', '2025-12-03 08:57:13', '2025-12-03 08:57:13', '2025-12-03 08:57:13'),
(2681, 36, 1, 7, 'Az-Zalzalah', 8, 'Ganjil 2025/2026', '2025-12-10 08:57:13', '2025-12-10 08:57:13', '2025-12-10 08:57:13'),
(2682, 36, 1, 7, 'Al-Humazah', 9, 'Ganjil 2025/2026', '2025-12-17 08:57:13', '2025-12-17 08:57:13', '2025-12-17 08:57:13'),
(2683, 36, 1, 9, 'Al-Humazah', 10, 'Ganjil 2025/2026', '2025-12-24 08:57:13', '2025-12-24 08:57:13', '2025-12-24 08:57:13'),
(2684, 36, 1, 9, 'Asy-Syams', 16, 'Ganjil 2025/2026', '2025-12-31 08:57:13', '2025-12-31 08:57:13', '2025-12-31 08:57:13'),
(2685, 36, 1, 9, 'Al-Humazah', 10, 'Ganjil 2025/2026', '2026-01-07 08:57:13', '2026-01-07 08:57:13', '2026-01-07 08:57:13'),
(2686, 36, 1, 9, 'Al-Humazah', 9, 'Ganjil 2025/2026', '2026-01-14 08:57:13', '2026-01-14 08:57:13', '2026-01-14 08:57:13'),
(2687, 36, 1, 7, 'Az-Zalzalah', 8, 'Ganjil 2025/2026', '2026-01-21 08:57:13', '2026-01-21 08:57:13', '2026-01-21 08:57:13'),
(2688, 36, 1, 9, 'Asy-Syams', 15, 'Ganjil 2025/2026', '2026-01-28 08:57:13', '2026-01-28 08:57:13', '2026-01-28 08:57:13'),
(2689, 36, 1, 7, 'Ad-Duha', 13, 'Ganjil 2025/2026', '2026-02-04 08:57:13', '2026-02-04 08:57:13', '2026-02-04 08:57:13'),
(2690, 36, 1, 7, 'Ad-Duha', 13, 'Ganjil 2025/2026', '2026-02-11 08:57:13', '2026-02-11 08:57:13', '2026-02-11 08:57:13'),
(2691, 36, 1, 9, 'Al-Balad', 20, 'Ganjil 2025/2026', '2026-02-18 08:57:13', '2026-02-18 08:57:13', '2026-02-18 08:57:13'),
(2692, 36, 1, 9, 'Al-Lail', 21, 'Ganjil 2025/2026', '2026-02-25 08:57:13', '2026-02-25 08:57:13', '2026-02-25 08:57:13'),
(2693, 36, 1, 9, 'An-Nas', 6, 'Ganjil 2025/2026', '2026-03-04 08:57:13', '2026-03-04 08:57:13', '2026-03-04 08:57:13'),
(2694, 37, 2, 7, 'At-Tariq', 17, 'Ganjil 2025/2026', '2025-07-30 08:57:14', '2025-07-30 08:57:14', '2025-07-30 08:57:14'),
(2695, 37, 2, 9, 'Al-Ala', 19, 'Ganjil 2025/2026', '2025-08-06 08:57:14', '2025-08-06 08:57:14', '2025-08-06 08:57:14'),
(2696, 37, 2, 9, 'Asy-Syams', 14, 'Ganjil 2025/2026', '2025-08-13 08:57:14', '2025-08-13 08:57:14', '2025-08-13 08:57:14'),
(2697, 37, 2, 9, 'Al-Fatihah', 7, 'Ganjil 2025/2026', '2025-08-20 08:57:14', '2025-08-20 08:57:14', '2025-08-20 08:57:14'),
(2698, 37, 2, 9, 'Al-Falaq', 5, 'Ganjil 2025/2026', '2025-08-27 08:57:14', '2025-08-27 08:57:14', '2025-08-27 08:57:14'),
(2699, 37, 2, 9, 'Ad-Duha', 11, 'Ganjil 2025/2026', '2025-09-03 08:57:14', '2025-09-03 08:57:14', '2025-09-03 08:57:14'),
(2700, 37, 2, 9, 'Al-Buruj', 23, 'Ganjil 2025/2026', '2025-09-10 08:57:14', '2025-09-10 08:57:14', '2025-09-10 08:57:14'),
(2701, 37, 2, 7, 'Al-Insyiqaq', 24, 'Ganjil 2025/2026', '2025-09-17 08:57:14', '2025-09-17 08:57:14', '2025-09-17 08:57:14'),
(2702, 37, 2, 9, 'Al-Ala', 19, 'Ganjil 2025/2026', '2025-09-24 08:57:14', '2025-09-24 08:57:14', '2025-09-24 08:57:14'),
(2703, 37, 2, 9, 'Al-Buruj', 23, 'Ganjil 2025/2026', '2025-10-01 08:57:14', '2025-10-01 08:57:14', '2025-10-01 08:57:14'),
(2704, 37, 2, 7, 'Ad-Duha', 11, 'Ganjil 2025/2026', '2025-10-08 08:57:14', '2025-10-08 08:57:14', '2025-10-08 08:57:14'),
(2705, 37, 2, 7, 'Al-Humazah', 9, 'Ganjil 2025/2026', '2025-10-15 08:57:14', '2025-10-15 08:57:14', '2025-10-15 08:57:14'),
(2706, 37, 2, 7, 'At-Tariq', 18, 'Ganjil 2025/2026', '2025-10-22 08:57:14', '2025-10-22 08:57:14', '2025-10-22 08:57:14'),
(2707, 37, 2, 9, 'Ad-Duha', 12, 'Ganjil 2025/2026', '2025-10-29 08:57:14', '2025-10-29 08:57:14', '2025-10-29 08:57:14'),
(2708, 37, 2, 7, 'Al-Insyiqaq', 25, 'Ganjil 2025/2026', '2025-11-05 08:57:14', '2025-11-05 08:57:14', '2025-11-05 08:57:14'),
(2709, 37, 2, 7, 'Asy-Syams', 15, 'Ganjil 2025/2026', '2025-11-12 08:57:14', '2025-11-12 08:57:14', '2025-11-12 08:57:14'),
(2710, 37, 2, 9, 'At-Tariq', 17, 'Ganjil 2025/2026', '2025-11-19 08:57:14', '2025-11-19 08:57:14', '2025-11-19 08:57:14'),
(2711, 37, 2, 7, 'Az-Zalzalah', 8, 'Ganjil 2025/2026', '2025-11-26 08:57:14', '2025-11-26 08:57:14', '2025-11-26 08:57:14'),
(2712, 37, 2, 7, 'Al-Lail', 21, 'Ganjil 2025/2026', '2025-12-03 08:57:14', '2025-12-03 08:57:14', '2025-12-03 08:57:14'),
(2713, 37, 2, 9, 'At-Tariq', 18, 'Ganjil 2025/2026', '2025-12-10 08:57:14', '2025-12-10 08:57:14', '2025-12-10 08:57:14'),
(2714, 37, 2, 7, 'An-Nas', 6, 'Ganjil 2025/2026', '2025-12-17 08:57:14', '2025-12-17 08:57:14', '2025-12-17 08:57:14'),
(2715, 37, 2, 7, 'Ad-Duha', 13, 'Ganjil 2025/2026', '2025-12-24 08:57:14', '2025-12-24 08:57:14', '2025-12-24 08:57:14'),
(2716, 37, 2, 7, 'An-Nas', 6, 'Ganjil 2025/2026', '2025-12-31 08:57:14', '2025-12-31 08:57:14', '2025-12-31 08:57:14'),
(2717, 37, 2, 9, 'Al-Lail', 21, 'Ganjil 2025/2026', '2026-01-07 08:57:14', '2026-01-07 08:57:14', '2026-01-07 08:57:14'),
(2718, 37, 2, 9, 'Asy-Syams', 16, 'Ganjil 2025/2026', '2026-01-14 08:57:14', '2026-01-14 08:57:14', '2026-01-14 08:57:14'),
(2719, 37, 2, 7, 'Al-Fatihah', 7, 'Ganjil 2025/2026', '2026-01-21 08:57:14', '2026-01-21 08:57:14', '2026-01-21 08:57:14'),
(2720, 37, 2, 7, 'Al-Lail', 21, 'Ganjil 2025/2026', '2026-01-28 08:57:14', '2026-01-28 08:57:14', '2026-01-28 08:57:14'),
(2721, 37, 2, 9, 'Al-Insyiqaq', 25, 'Ganjil 2025/2026', '2026-02-04 08:57:14', '2026-02-04 08:57:14', '2026-02-04 08:57:14'),
(2722, 37, 2, 7, 'Al-Fatihah', 7, 'Ganjil 2025/2026', '2026-02-11 08:57:14', '2026-02-11 08:57:14', '2026-02-11 08:57:14'),
(2723, 37, 2, 7, 'At-Tariq', 18, 'Ganjil 2025/2026', '2026-02-18 08:57:14', '2026-02-18 08:57:14', '2026-02-18 08:57:14'),
(2724, 37, 2, 9, 'Ad-Duha', 12, 'Ganjil 2025/2026', '2026-02-25 08:57:14', '2026-02-25 08:57:14', '2026-02-25 08:57:14'),
(2725, 37, 2, 9, 'Ad-Duha', 13, 'Ganjil 2025/2026', '2026-03-04 08:57:14', '2026-03-04 08:57:14', '2026-03-04 08:57:14'),
(2726, 38, 3, 7, 'At-Tariq', 17, 'Ganjil 2025/2026', '2025-07-30 08:57:14', '2025-07-30 08:57:14', '2025-07-30 08:57:14'),
(2727, 38, 3, 9, 'Asy-Syams', 14, 'Ganjil 2025/2026', '2025-08-06 08:57:14', '2025-08-06 08:57:14', '2025-08-06 08:57:14'),
(2728, 38, 3, 7, 'Al-Humazah', 10, 'Ganjil 2025/2026', '2025-08-13 08:57:14', '2025-08-13 08:57:14', '2025-08-13 08:57:14'),
(2729, 38, 3, 9, 'At-Tariq', 17, 'Ganjil 2025/2026', '2025-08-20 08:57:14', '2025-08-20 08:57:14', '2025-08-20 08:57:14'),
(2730, 38, 3, 7, 'Al-Buruj', 22, 'Ganjil 2025/2026', '2025-08-27 08:57:14', '2025-08-27 08:57:14', '2025-08-27 08:57:14'),
(2731, 38, 3, 9, 'Az-Zalzalah', 8, 'Ganjil 2025/2026', '2025-09-03 08:57:14', '2025-09-03 08:57:14', '2025-09-03 08:57:14'),
(2732, 38, 3, 7, 'Az-Zalzalah', 8, 'Ganjil 2025/2026', '2025-09-10 08:57:14', '2025-09-10 08:57:14', '2025-09-10 08:57:14'),
(2733, 38, 3, 7, 'Az-Zalzalah', 8, 'Ganjil 2025/2026', '2025-09-17 08:57:14', '2025-09-17 08:57:14', '2025-09-17 08:57:14'),
(2734, 38, 3, 7, 'An-Nas', 6, 'Ganjil 2025/2026', '2025-09-24 08:57:14', '2025-09-24 08:57:14', '2025-09-24 08:57:14'),
(2735, 38, 3, 7, 'Al-Humazah', 9, 'Ganjil 2025/2026', '2025-10-01 08:57:14', '2025-10-01 08:57:14', '2025-10-01 08:57:14'),
(2736, 38, 3, 9, 'At-Tariq', 17, 'Ganjil 2025/2026', '2025-10-08 08:57:14', '2025-10-08 08:57:14', '2025-10-08 08:57:14'),
(2737, 38, 3, 7, 'Al-Insyiqaq', 25, 'Ganjil 2025/2026', '2025-10-15 08:57:14', '2025-10-15 08:57:14', '2025-10-15 08:57:14'),
(2738, 38, 3, 9, 'Al-Buruj', 23, 'Ganjil 2025/2026', '2025-10-22 08:57:14', '2025-10-22 08:57:14', '2025-10-22 08:57:14'),
(2739, 38, 3, 7, 'Al-Fatihah', 7, 'Ganjil 2025/2026', '2025-10-29 08:57:14', '2025-10-29 08:57:14', '2025-10-29 08:57:14'),
(2740, 38, 3, 7, 'Al-Fatihah', 7, 'Ganjil 2025/2026', '2025-11-05 08:57:14', '2025-11-05 08:57:14', '2025-11-05 08:57:14'),
(2741, 38, 3, 9, 'Al-Insyiqaq', 25, 'Ganjil 2025/2026', '2025-11-12 08:57:14', '2025-11-12 08:57:14', '2025-11-12 08:57:14'),
(2742, 38, 3, 7, 'Al-Humazah', 9, 'Ganjil 2025/2026', '2025-11-19 08:57:14', '2025-11-19 08:57:14', '2025-11-19 08:57:14'),
(2743, 38, 3, 7, 'Asy-Syams', 15, 'Ganjil 2025/2026', '2025-11-26 08:57:14', '2025-11-26 08:57:14', '2025-11-26 08:57:14'),
(2744, 38, 3, 9, 'An-Nas', 6, 'Ganjil 2025/2026', '2025-12-03 08:57:14', '2025-12-03 08:57:14', '2025-12-03 08:57:14'),
(2745, 38, 3, 7, 'An-Nas', 6, 'Ganjil 2025/2026', '2025-12-10 08:57:14', '2025-12-10 08:57:14', '2025-12-10 08:57:14'),
(2746, 38, 3, 9, 'Al-Buruj', 23, 'Ganjil 2025/2026', '2025-12-17 08:57:14', '2025-12-17 08:57:14', '2025-12-17 08:57:14'),
(2747, 38, 3, 9, 'At-Tariq', 17, 'Ganjil 2025/2026', '2025-12-24 08:57:14', '2025-12-24 08:57:14', '2025-12-24 08:57:14'),
(2748, 38, 3, 9, 'Al-Falaq', 5, 'Ganjil 2025/2026', '2025-12-31 08:57:14', '2025-12-31 08:57:14', '2025-12-31 08:57:14'),
(2749, 38, 3, 7, 'At-Tariq', 18, 'Ganjil 2025/2026', '2026-01-07 08:57:14', '2026-01-07 08:57:14', '2026-01-07 08:57:14'),
(2750, 38, 3, 7, 'Asy-Syams', 16, 'Ganjil 2025/2026', '2026-01-14 08:57:14', '2026-01-14 08:57:14', '2026-01-14 08:57:14'),
(2751, 38, 3, 9, 'Al-Humazah', 10, 'Ganjil 2025/2026', '2026-01-21 08:57:14', '2026-01-21 08:57:14', '2026-01-21 08:57:14'),
(2752, 38, 3, 9, 'Ad-Duha', 13, 'Ganjil 2025/2026', '2026-01-28 08:57:14', '2026-01-28 08:57:14', '2026-01-28 08:57:14'),
(2753, 38, 3, 7, 'Al-Humazah', 9, 'Ganjil 2025/2026', '2026-02-04 08:57:14', '2026-02-04 08:57:14', '2026-02-04 08:57:14'),
(2754, 38, 3, 7, 'Al-Insyiqaq', 24, 'Ganjil 2025/2026', '2026-02-11 08:57:14', '2026-02-11 08:57:14', '2026-02-11 08:57:14'),
(2755, 38, 3, 9, 'Al-Insyiqaq', 25, 'Ganjil 2025/2026', '2026-02-18 08:57:14', '2026-02-18 08:57:14', '2026-02-18 08:57:14'),
(2756, 38, 3, 9, 'Al-Balad', 20, 'Ganjil 2025/2026', '2026-02-25 08:57:14', '2026-02-25 08:57:14', '2026-02-25 08:57:14'),
(2757, 38, 3, 9, 'Al-Buruj', 22, 'Ganjil 2025/2026', '2026-03-04 08:57:14', '2026-03-04 08:57:14', '2026-03-04 08:57:14'),
(2758, 39, 4, 7, 'Az-Zalzalah', 8, 'Ganjil 2025/2026', '2025-07-30 08:57:15', '2025-07-30 08:57:15', '2025-07-30 08:57:15'),
(2759, 39, 4, 9, 'Asy-Syams', 15, 'Ganjil 2025/2026', '2025-08-06 08:57:15', '2025-08-06 08:57:15', '2025-08-06 08:57:15'),
(2760, 39, 4, 7, 'An-Nas', 6, 'Ganjil 2025/2026', '2025-08-13 08:57:15', '2025-08-13 08:57:15', '2025-08-13 08:57:15'),
(2761, 39, 4, 9, 'Ad-Duha', 12, 'Ganjil 2025/2026', '2025-08-20 08:57:15', '2025-08-20 08:57:15', '2025-08-20 08:57:15'),
(2762, 39, 4, 7, 'At-Tariq', 18, 'Ganjil 2025/2026', '2025-08-27 08:57:15', '2025-08-27 08:57:15', '2025-08-27 08:57:15'),
(2763, 39, 4, 9, 'Al-Humazah', 10, 'Ganjil 2025/2026', '2025-09-03 08:57:15', '2025-09-03 08:57:15', '2025-09-03 08:57:15'),
(2764, 39, 4, 7, 'Al-Buruj', 22, 'Ganjil 2025/2026', '2025-09-10 08:57:15', '2025-09-10 08:57:15', '2025-09-10 08:57:15'),
(2765, 39, 4, 9, 'Asy-Syams', 14, 'Ganjil 2025/2026', '2025-09-17 08:57:15', '2025-09-17 08:57:15', '2025-09-17 08:57:15'),
(2766, 39, 4, 7, 'Al-Humazah', 9, 'Ganjil 2025/2026', '2025-09-24 08:57:15', '2025-09-24 08:57:15', '2025-09-24 08:57:15'),
(2767, 39, 4, 9, 'At-Tariq', 17, 'Ganjil 2025/2026', '2025-10-01 08:57:15', '2025-10-01 08:57:15', '2025-10-01 08:57:15'),
(2768, 39, 4, 7, 'Ad-Duha', 11, 'Ganjil 2025/2026', '2025-10-08 08:57:15', '2025-10-08 08:57:15', '2025-10-08 08:57:15'),
(2769, 39, 4, 9, 'Al-Balad', 20, 'Ganjil 2025/2026', '2025-10-15 08:57:15', '2025-10-15 08:57:15', '2025-10-15 08:57:15'),
(2770, 39, 4, 7, 'Al-Fatihah', 7, 'Ganjil 2025/2026', '2025-10-22 08:57:15', '2025-10-22 08:57:15', '2025-10-22 08:57:15'),
(2771, 39, 4, 9, 'Asy-Syams', 16, 'Ganjil 2025/2026', '2025-10-29 08:57:15', '2025-10-29 08:57:15', '2025-10-29 08:57:15'),
(2772, 39, 4, 7, 'Ad-Duha', 13, 'Ganjil 2025/2026', '2025-11-05 08:57:15', '2025-11-05 08:57:15', '2025-11-05 08:57:15'),
(2773, 39, 4, 9, 'Al-Ala', 19, 'Ganjil 2025/2026', '2025-11-12 08:57:15', '2025-11-12 08:57:15', '2025-11-12 08:57:15'),
(2774, 39, 4, 7, 'Al-Falaq', 5, 'Ganjil 2025/2026', '2025-11-19 08:57:15', '2025-11-19 08:57:15', '2025-11-19 08:57:15'),
(2775, 39, 4, 9, 'Al-Insyiqaq', 24, 'Ganjil 2025/2026', '2025-11-26 08:57:15', '2025-11-26 08:57:15', '2025-11-26 08:57:15'),
(2776, 39, 4, 7, 'Az-Zalzalah', 8, 'Ganjil 2025/2026', '2025-12-03 08:57:15', '2025-12-03 08:57:15', '2025-12-03 08:57:15'),
(2777, 39, 4, 9, 'Asy-Syams', 15, 'Ganjil 2025/2026', '2025-12-10 08:57:15', '2025-12-10 08:57:15', '2025-12-10 08:57:15'),
(2778, 39, 4, 7, 'Al-Lail', 21, 'Ganjil 2025/2026', '2025-12-17 08:57:15', '2025-12-17 08:57:15', '2025-12-17 08:57:15'),
(2779, 39, 4, 9, 'Al-Humazah', 10, 'Ganjil 2025/2026', '2025-12-24 08:57:15', '2025-12-24 08:57:15', '2025-12-24 08:57:15'),
(2780, 39, 4, 7, 'Asy-Syams', 14, 'Ganjil 2025/2026', '2025-12-31 08:57:15', '2025-12-31 08:57:15', '2025-12-31 08:57:15'),
(2781, 39, 4, 9, 'At-Tariq', 18, 'Ganjil 2025/2026', '2026-01-07 08:57:15', '2026-01-07 08:57:15', '2026-01-07 08:57:15'),
(2782, 39, 4, 7, 'Al-Humazah', 9, 'Ganjil 2025/2026', '2026-01-14 08:57:15', '2026-01-14 08:57:15', '2026-01-14 08:57:15'),
(2783, 39, 4, 9, 'Ad-Duha', 12, 'Ganjil 2025/2026', '2026-01-21 08:57:15', '2026-01-21 08:57:15', '2026-01-21 08:57:15'),
(2784, 39, 4, 7, 'Asy-Syams', 16, 'Ganjil 2025/2026', '2026-01-28 08:57:15', '2026-01-28 08:57:15', '2026-01-28 08:57:15'),
(2785, 39, 4, 9, 'Al-Buruj', 23, 'Ganjil 2025/2026', '2026-02-04 08:57:15', '2026-02-04 08:57:15', '2026-02-04 08:57:15'),
(2786, 39, 4, 7, 'Al-Fatihah', 7, 'Ganjil 2025/2026', '2026-02-11 08:57:15', '2026-02-11 08:57:15', '2026-02-11 08:57:15'),
(2787, 39, 4, 9, 'Al-Balad', 20, 'Ganjil 2025/2026', '2026-02-18 08:57:15', '2026-02-18 08:57:15', '2026-02-18 08:57:15'),
(2788, 39, 4, 7, 'Ad-Duha', 11, 'Ganjil 2025/2026', '2026-02-25 08:57:15', '2026-02-25 08:57:15', '2026-02-25 08:57:15'),
(2789, 39, 4, 9, 'At-Tariq', 17, 'Ganjil 2025/2026', '2026-03-04 08:57:15', '2026-03-04 08:57:15', '2026-03-04 08:57:15'),
(2790, 40, 5, 9, 'Ad-Duha', 12, 'Ganjil 2025/2026', '2025-07-30 08:57:15', '2025-07-30 08:57:15', '2025-07-30 08:57:15'),
(2791, 40, 5, 7, 'Az-Zalzalah', 8, 'Ganjil 2025/2026', '2025-08-06 08:57:15', '2025-08-06 08:57:15', '2025-08-06 08:57:15'),
(2792, 40, 5, 9, 'Asy-Syams', 15, 'Ganjil 2025/2026', '2025-08-13 08:57:15', '2025-08-13 08:57:15', '2025-08-13 08:57:15'),
(2793, 40, 5, 7, 'Al-Humazah', 10, 'Ganjil 2025/2026', '2025-08-20 08:57:15', '2025-08-20 08:57:15', '2025-08-20 08:57:15'),
(2794, 40, 5, 9, 'At-Tariq', 18, 'Ganjil 2025/2026', '2025-08-27 08:57:15', '2025-08-27 08:57:15', '2025-08-27 08:57:15'),
(2795, 40, 5, 7, 'Al-Fatihah', 7, 'Ganjil 2025/2026', '2025-09-03 08:57:15', '2025-09-03 08:57:15', '2025-09-03 08:57:15'),
(2796, 40, 5, 9, 'Asy-Syams', 14, 'Ganjil 2025/2026', '2025-09-10 08:57:15', '2025-09-10 08:57:15', '2025-09-10 08:57:15'),
(2797, 40, 5, 7, 'Al-Balad', 20, 'Ganjil 2025/2026', '2025-09-17 08:57:15', '2025-09-17 08:57:15', '2025-09-17 08:57:15'),
(2798, 40, 5, 9, 'Al-Humazah', 9, 'Ganjil 2025/2026', '2025-09-24 08:57:15', '2025-09-24 08:57:15', '2025-09-24 08:57:15'),
(2799, 40, 5, 7, 'Asy-Syams', 16, 'Ganjil 2025/2026', '2025-10-01 08:57:15', '2025-10-01 08:57:15', '2025-10-01 08:57:15'),
(2800, 40, 5, 9, 'Ad-Duha', 11, 'Ganjil 2025/2026', '2025-10-08 08:57:15', '2025-10-08 08:57:15', '2025-10-08 08:57:15'),
(2801, 40, 5, 7, 'Al-Buruj', 22, 'Ganjil 2025/2026', '2025-10-15 08:57:15', '2025-10-15 08:57:15', '2025-10-15 08:57:15'),
(2802, 40, 5, 9, 'Ad-Duha', 13, 'Ganjil 2025/2026', '2025-10-22 08:57:15', '2025-10-22 08:57:15', '2025-10-22 08:57:15'),
(2803, 40, 5, 7, 'An-Nas', 6, 'Ganjil 2025/2026', '2025-10-29 08:57:15', '2025-10-29 08:57:15', '2025-10-29 08:57:15'),
(2804, 40, 5, 9, 'At-Tariq', 17, 'Ganjil 2025/2026', '2025-11-05 08:57:15', '2025-11-05 08:57:15', '2025-11-05 08:57:15'),
(2805, 40, 5, 7, 'Al-Ala', 19, 'Ganjil 2025/2026', '2025-11-12 08:57:15', '2025-11-12 08:57:15', '2025-11-12 08:57:15'),
(2806, 40, 5, 9, 'Az-Zalzalah', 8, 'Ganjil 2025/2026', '2025-11-19 08:57:15', '2025-11-19 08:57:15', '2025-11-19 08:57:15'),
(2807, 40, 5, 7, 'Al-Insyiqaq', 24, 'Ganjil 2025/2026', '2025-11-26 08:57:15', '2025-11-26 08:57:15', '2025-11-26 08:57:15'),
(2808, 40, 5, 9, 'Al-Humazah', 10, 'Ganjil 2025/2026', '2025-12-03 08:57:15', '2025-12-03 08:57:15', '2025-12-03 08:57:15'),
(2809, 40, 5, 7, 'Asy-Syams', 15, 'Ganjil 2025/2026', '2025-12-10 08:57:15', '2025-12-10 08:57:15', '2025-12-10 08:57:15'),
(2810, 40, 5, 9, 'Al-Lail', 21, 'Ganjil 2025/2026', '2025-12-17 08:57:15', '2025-12-17 08:57:15', '2025-12-17 08:57:15'),
(2811, 40, 5, 7, 'Ad-Duha', 12, 'Ganjil 2025/2026', '2025-12-24 08:57:15', '2025-12-24 08:57:15', '2025-12-24 08:57:15'),
(2812, 40, 5, 9, 'Al-Humazah', 9, 'Ganjil 2025/2026', '2025-12-31 08:57:15', '2025-12-31 08:57:15', '2025-12-31 08:57:15'),
(2813, 40, 5, 7, 'At-Tariq', 18, 'Ganjil 2025/2026', '2026-01-07 08:57:15', '2026-01-07 08:57:15', '2026-01-07 08:57:15'),
(2814, 40, 5, 9, 'Asy-Syams', 14, 'Ganjil 2025/2026', '2026-01-14 08:57:15', '2026-01-14 08:57:15', '2026-01-14 08:57:15'),
(2815, 40, 5, 7, 'Al-Fatihah', 7, 'Ganjil 2025/2026', '2026-01-21 08:57:15', '2026-01-21 08:57:15', '2026-01-21 08:57:15'),
(2816, 40, 5, 9, 'Asy-Syams', 16, 'Ganjil 2025/2026', '2026-01-28 08:57:15', '2026-01-28 08:57:15', '2026-01-28 08:57:15'),
(2817, 40, 5, 7, 'Al-Buruj', 23, 'Ganjil 2025/2026', '2026-02-04 08:57:15', '2026-02-04 08:57:15', '2026-02-04 08:57:15'),
(2818, 40, 5, 9, 'Ad-Duha', 11, 'Ganjil 2025/2026', '2026-02-11 08:57:15', '2026-02-11 08:57:15', '2026-02-11 08:57:15'),
(2819, 40, 5, 7, 'Al-Balad', 20, 'Ganjil 2025/2026', '2026-02-18 08:57:15', '2026-02-18 08:57:15', '2026-02-18 08:57:15'),
(2820, 40, 5, 9, 'Ad-Duha', 13, 'Ganjil 2025/2026', '2026-02-25 08:57:15', '2026-02-25 08:57:15', '2026-02-25 08:57:15'),
(2821, 40, 5, 7, 'Al-Insyiqaq', 25, 'Ganjil 2025/2026', '2026-03-04 08:57:15', '2026-03-04 08:57:15', '2026-03-04 08:57:15');

-- --------------------------------------------------------

--
-- Struktur dari tabel `tb_data_training`
--

CREATE TABLE `tb_data_training` (
  `id` bigint(20) UNSIGNED NOT NULL,
  `fitur_total_surah` int(10) UNSIGNED NOT NULL DEFAULT 0 COMMENT 'Jumlah ayat yang dihafal dalam satu sesi',
  `fitur_usia` tinyint(3) UNSIGNED NOT NULL DEFAULT 0 COMMENT 'Usia siswa dalam tahun saat data direkam',
  `id_media` bigint(20) UNSIGNED DEFAULT NULL COMMENT 'FK ke tb_media_hafalan',
  `label_kelas` enum('Lulus','Tidak Lulus') NOT NULL,
  `sumber_data` varchar(150) DEFAULT NULL,
  `is_valid` tinyint(1) NOT NULL DEFAULT 1,
  `tanggal_input` timestamp NOT NULL DEFAULT current_timestamp()
) ENGINE=InnoDB DEFAULT CHARSET=utf8mb4 COLLATE=utf8mb4_general_ci;

--
-- Dumping data untuk tabel `tb_data_training`
--

INSERT INTO `tb_data_training` (`id`, `fitur_total_surah`, `fitur_usia`, `id_media`, `label_kelas`, `sumber_data`, `is_valid`, `tanggal_input`) VALUES
(1, 22, 15, NULL, 'Lulus', 'seeder_dummy', 1, '2026-04-21 07:32:16'),
(2, 20, 16, NULL, 'Lulus', 'seeder_dummy', 1, '2026-05-09 07:32:16'),
(3, 15, 15, NULL, 'Lulus', 'seeder_dummy', 1, '2026-04-29 07:32:16'),
(4, 14, 16, NULL, 'Lulus', 'seeder_dummy', 1, '2026-06-05 07:32:16'),
(5, 13, 17, NULL, 'Lulus', 'seeder_dummy', 1, '2026-05-25 07:32:16'),
(6, 8, 15, NULL, 'Tidak Lulus', 'seeder_dummy', 1, '2026-05-12 07:32:16'),
(7, 9, 16, NULL, 'Tidak Lulus', 'seeder_dummy', 1, '2026-05-10 07:32:16'),
(8, 6, 17, NULL, 'Tidak Lulus', 'seeder_dummy', 1, '2026-05-21 07:32:16'),
(9, 24, 15, NULL, 'Lulus', 'seeder_dummy', 1, '2026-05-13 07:32:16'),
(10, 12, 16, NULL, 'Lulus', 'seeder_dummy', 1, '2026-05-31 07:32:16'),
(11, 15, 17, 1, 'Lulus', 'csv_real_lulus', 1, '2026-07-14 07:32:18'),
(12, 16, 17, 1, 'Lulus', 'csv_real_lulus', 1, '2026-07-14 07:32:18'),
(13, 14, 17, 1, 'Lulus', 'csv_real_lulus', 1, '2026-07-14 07:32:18'),
(14, 14, 17, 1, 'Lulus', 'csv_real_lulus', 1, '2026-07-14 07:32:19'),
(15, 15, 16, 4, 'Lulus', 'csv_real_lulus', 1, '2026-07-14 07:32:19'),
(16, 16, 16, 4, 'Lulus', 'csv_real_lulus', 1, '2026-07-14 07:32:20'),
(17, 16, 15, 4, 'Lulus', 'csv_real_lulus', 1, '2026-07-14 07:32:20'),
(18, 15, 16, 1, 'Lulus', 'csv_real_lulus', 1, '2026-07-14 07:32:20'),
(19, 16, 17, 4, 'Lulus', 'csv_real_lulus', 1, '2026-07-14 07:32:21'),
(20, 16, 15, 4, 'Lulus', 'csv_real_lulus', 1, '2026-07-14 07:32:21'),
(21, 16, 17, 4, 'Lulus', 'csv_real_lulus', 1, '2026-07-14 07:32:22'),
(22, 14, 16, 1, 'Lulus', 'csv_real_lulus', 1, '2026-07-14 07:32:22'),
(23, 14, 16, 4, 'Lulus', 'csv_real_lulus', 1, '2026-07-14 07:32:22'),
(24, 15, 16, 4, 'Lulus', 'csv_real_lulus', 1, '2026-07-14 07:32:23'),
(25, 16, 16, 4, 'Lulus', 'csv_real_lulus', 1, '2026-07-14 07:32:23'),
(26, 16, 15, 1, 'Lulus', 'csv_real_lulus', 1, '2026-07-14 07:32:23'),
(27, 15, 15, 4, 'Lulus', 'csv_real_lulus', 1, '2026-07-14 07:32:24'),
(28, 16, 15, 1, 'Lulus', 'csv_real_lulus', 1, '2026-07-14 07:32:24'),
(29, 16, 16, 4, 'Lulus', 'csv_real_lulus', 1, '2026-07-14 07:32:25'),
(30, 16, 17, 4, 'Lulus', 'csv_real_lulus', 1, '2026-07-14 07:32:25'),
(31, 16, 16, 4, 'Lulus', 'csv_real_lulus', 1, '2026-07-14 07:32:26'),
(32, 15, 15, 4, 'Lulus', 'csv_real_lulus', 1, '2026-07-14 07:32:26'),
(33, 16, 15, 4, 'Lulus', 'csv_real_lulus', 1, '2026-07-14 07:32:26'),
(34, 15, 17, 1, 'Lulus', 'csv_real_lulus', 1, '2026-07-14 07:32:27'),
(35, 15, 15, 1, 'Lulus', 'csv_real_lulus', 1, '2026-07-14 07:32:27'),
(36, 16, 16, 4, 'Lulus', 'csv_real_lulus', 1, '2026-07-14 07:32:28'),
(37, 16, 17, 1, 'Lulus', 'csv_real_lulus', 1, '2026-07-14 07:32:28'),
(38, 17, 17, 1, 'Lulus', 'csv_real_lulus', 1, '2026-07-14 07:32:28'),
(39, 16, 17, 4, 'Lulus', 'csv_real_lulus', 1, '2026-07-14 07:32:29'),
(40, 14, 17, 1, 'Lulus', 'csv_real_lulus', 1, '2026-07-14 07:32:29'),
(41, 14, 15, 1, 'Lulus', 'csv_real_lulus', 1, '2026-07-14 07:32:30'),
(42, 14, 16, 1, 'Lulus', 'csv_real_lulus', 1, '2026-07-14 07:32:30'),
(43, 14, 17, 1, 'Lulus', 'csv_real_lulus', 1, '2026-07-14 07:32:31'),
(44, 14, 15, 1, 'Lulus', 'csv_real_lulus', 1, '2026-07-14 07:32:31'),
(45, 15, 15, 1, 'Lulus', 'csv_real_lulus', 1, '2026-07-14 07:32:31');

-- --------------------------------------------------------

--
-- Struktur dari tabel `tb_guru`
--

CREATE TABLE `tb_guru` (
  `id` bigint(20) UNSIGNED NOT NULL,
  `id_user` bigint(20) UNSIGNED NOT NULL,
  `nip` varchar(50) DEFAULT NULL,
  `mata_pelajaran` varchar(100) DEFAULT NULL,
  `no_telp` varchar(20) DEFAULT NULL,
  `is_active` tinyint(1) NOT NULL DEFAULT 1,
  `created_at` timestamp NULL DEFAULT NULL,
  `updated_at` timestamp NULL DEFAULT NULL
) ENGINE=InnoDB DEFAULT CHARSET=utf8mb4 COLLATE=utf8mb4_general_ci;

--
-- Dumping data untuk tabel `tb_guru`
--

INSERT INTO `tb_guru` (`id`, `id_user`, `nip`, `mata_pelajaran`, `no_telp`, `is_active`, `created_at`, `updated_at`) VALUES
(1, 2, '19850101001', 'Tahfidz Al-Qur\'an', '081234567001', 1, '2026-07-14 07:32:14', '2026-07-14 07:32:14'),
(2, 3, '19900215002', 'Tajwid', '081234567002', 1, '2026-07-14 07:32:15', '2026-07-14 07:32:15'),
(3, 4, '19880320003', 'Tahfidz & Tilawah', '081234567003', 1, '2026-07-14 07:32:15', '2026-07-14 07:32:15'),
(4, 10, '199507110004', 'Tahfidz Al-Qur\'an', '081234560004', 1, '2026-07-14 07:32:17', '2026-07-14 07:32:17'),
(5, 11, '198612280005', 'Tahfidz Al-Qur\'an', '081234560005', 1, '2026-07-14 07:32:17', '2026-07-14 07:32:17');

-- --------------------------------------------------------

--
-- Struktur dari tabel `tb_hasil_klasifikasi`
--

CREATE TABLE `tb_hasil_klasifikasi` (
  `id` bigint(20) UNSIGNED NOT NULL,
  `id_siswa` bigint(20) UNSIGNED NOT NULL,
  `periode_semester` varchar(50) NOT NULL,
  `total_surah` int(11) NOT NULL DEFAULT 0,
  `id_model` bigint(20) UNSIGNED NOT NULL,
  `kelas_prediksi` enum('Lulus','Tidak Lulus') NOT NULL,
  `confidence_score` double DEFAULT NULL,
  `media_input` text DEFAULT NULL,
  `notifikasi_terkirim` tinyint(1) NOT NULL DEFAULT 0,
  `tanggal_klasifikasi` timestamp NOT NULL DEFAULT current_timestamp(),
  `vector_svm` longtext CHARACTER SET utf8mb4 COLLATE utf8mb4_bin DEFAULT NULL CHECK (json_valid(`vector_svm`)),
  `created_at` timestamp NULL DEFAULT NULL,
  `updated_at` timestamp NULL DEFAULT NULL
) ENGINE=InnoDB DEFAULT CHARSET=utf8mb4 COLLATE=utf8mb4_general_ci;

--
-- Dumping data untuk tabel `tb_hasil_klasifikasi`
--

INSERT INTO `tb_hasil_klasifikasi` (`id`, `id_siswa`, `periode_semester`, `total_surah`, `id_model`, `kelas_prediksi`, `confidence_score`, `media_input`, `notifikasi_terkirim`, `tanggal_klasifikasi`, `vector_svm`, `created_at`, `updated_at`) VALUES
(9, 16, 'Ganjil 2025/2026', 10, 1, 'Tidak Lulus', 100, '{\"total_surah\":10,\"usia\":17,\"id_media\":9,\"total_setoran\":23}', 0, '2026-07-15 09:31:02', '{\"total_surah\":10,\"usia\":17,\"id_media\":9,\"total_setoran\":23}', NULL, NULL),
(10, 26, 'Ganjil 2025/2026', 7, 1, 'Tidak Lulus', 100, '{\"total_surah\":7,\"usia\":16,\"id_media\":7,\"total_setoran\":9}', 0, '2026-07-15 09:31:29', '{\"total_surah\":7,\"usia\":16,\"id_media\":7,\"total_setoran\":9}', NULL, NULL),
(11, 26, 'Ganjil 2025/2026', 10, 1, 'Tidak Lulus', 100, '{\"total_surah\":10,\"usia\":16,\"id_media\":9,\"total_setoran\":23}', 0, '2026-07-15 09:31:50', '{\"total_surah\":10,\"usia\":16,\"id_media\":9,\"total_setoran\":23}', NULL, NULL),
(12, 36, 'Ganjil 2025/2026', 12, 1, 'Lulus', 100, '{\"total_surah\":12,\"usia\":15,\"id_media\":7,\"total_setoran_semester\":32,\"total_setoran_keseluruhan\":32}', 0, '2026-07-15 09:43:03', '{\"total_surah\":12,\"usia\":15,\"id_media\":7,\"total_setoran_semester\":32,\"total_setoran_keseluruhan\":32}', NULL, NULL);

-- --------------------------------------------------------

--
-- Struktur dari tabel `tb_laporan`
--

CREATE TABLE `tb_laporan` (
  `id` bigint(20) UNSIGNED NOT NULL,
  `id_siswa` bigint(20) UNSIGNED NOT NULL,
  `id_guru` bigint(20) UNSIGNED NOT NULL,
  `judul_laporan` varchar(200) NOT NULL,
  `periode` varchar(50) DEFAULT NULL,
  `file_path` varchar(500) DEFAULT NULL,
  `tanggal_cetak` timestamp NOT NULL DEFAULT current_timestamp(),
  `created_at` timestamp NULL DEFAULT NULL,
  `updated_at` timestamp NULL DEFAULT NULL
) ENGINE=InnoDB DEFAULT CHARSET=utf8mb4 COLLATE=utf8mb4_general_ci;

-- --------------------------------------------------------

--
-- Struktur dari tabel `tb_log_evaluasi_model`
--

CREATE TABLE `tb_log_evaluasi_model` (
  `id` bigint(20) UNSIGNED NOT NULL,
  `id_model` bigint(20) UNSIGNED NOT NULL,
  `akurasi` double DEFAULT NULL,
  `precision` double DEFAULT NULL,
  `recall` double DEFAULT NULL,
  `f1_score` double DEFAULT NULL,
  `confusion_matrix` longtext CHARACTER SET utf8mb4 COLLATE utf8mb4_bin DEFAULT NULL CHECK (json_valid(`confusion_matrix`)),
  `tanggal_evaluasi` timestamp NOT NULL DEFAULT current_timestamp(),
  `created_at` timestamp NULL DEFAULT NULL,
  `updated_at` timestamp NULL DEFAULT NULL
) ENGINE=InnoDB DEFAULT CHARSET=utf8mb4 COLLATE=utf8mb4_general_ci;

--
-- Dumping data untuk tabel `tb_log_evaluasi_model`
--

INSERT INTO `tb_log_evaluasi_model` (`id`, `id_model`, `akurasi`, `precision`, `recall`, `f1_score`, `confusion_matrix`, `tanggal_evaluasi`, `created_at`, `updated_at`) VALUES
(1, 1, 0.875, 0.863, 0.871, 0.867, '{\"A\":{\"A\":8,\"B\":1,\"C\":0},\"B\":{\"A\":1,\"B\":7,\"C\":1},\"C\":{\"A\":0,\"B\":2,\"C\":6}}', '2026-06-19 07:32:16', NULL, NULL);

-- --------------------------------------------------------

--
-- Struktur dari tabel `tb_media_hafalan`
--

CREATE TABLE `tb_media_hafalan` (
  `id` bigint(20) UNSIGNED NOT NULL,
  `nama_media` varchar(200) NOT NULL,
  `jenis_media` enum('cetak','digital') NOT NULL,
  `url_link` varchar(500) DEFAULT NULL COMMENT 'Link Aplikasi jika jenis_media = digital',
  `deskripsi` text DEFAULT NULL,
  `tips_belajar` text DEFAULT NULL,
  `alasan_rekomendasi` text DEFAULT NULL,
  `is_active` tinyint(1) NOT NULL DEFAULT 1,
  `tanggal_input` timestamp NOT NULL DEFAULT current_timestamp(),
  `created_at` timestamp NULL DEFAULT NULL,
  `updated_at` timestamp NULL DEFAULT NULL
) ENGINE=InnoDB DEFAULT CHARSET=utf8mb4 COLLATE=utf8mb4_general_ci;

--
-- Dumping data untuk tabel `tb_media_hafalan`
--

INSERT INTO `tb_media_hafalan` (`id`, `nama_media`, `jenis_media`, `url_link`, `deskripsi`, `tips_belajar`, `alasan_rekomendasi`, `is_active`, `tanggal_input`, `created_at`, `updated_at`) VALUES
(1, 'Mushaf Tajwid Warna', 'cetak', NULL, 'Mushaf Al-Qur\'an dengan penanda tajwid berwarna untuk memudahkan pemula.', 'Baca 1 halaman per hari dengan memperhatikan warna tajwid. Ulangi bacaan yang sulit dua kali.', 'Cocok untuk siswa yang masih perlu perbaikan dasar tajwid dan makhraj.', 1, '2026-05-15 07:32:16', NULL, NULL),
(2, 'Buku Panduan Makhraj Huruf', 'cetak', NULL, 'Panduan lengkap makhraj 28 huruf hijaiyah disertai ilustrasi posisi lidah.', 'Fokus pada huruf ح خ ع غ yang sering salah. Latih di depan cermin setiap hari.', 'Membantu siswa menyempurnakan makhraj huruf.', 1, '2026-05-15 07:32:16', NULL, NULL),
(3, 'Juz Amma Terjemah', 'cetak', NULL, 'Juz Amma dilengkapi terjemah, asbabun nuzul, dan panduan hafalan per surah.', 'Pahami makna setiap ayat sebelum menghafal. Ini akan memperkuat hafalan jangka panjang.', 'Untuk siswa berprestasi yang ingin memperdalam pemahaman makna hafalan.', 1, '2026-05-15 07:32:16', NULL, NULL),
(4, 'Video Tajwid Pemula (YouTube)', 'digital', 'https://www.youtube.com/watch?v=example1', 'Serial video pembelajaran tajwid dari dasar untuk pemula, total 20 episode.', 'Tonton sambil mengulang bacaan. Aktifkan subtitle untuk membantu pemahaman.', 'Media visual interaktif untuk siswa yang butuh bimbingan tajwid intensif.', 1, '2026-05-20 07:32:16', NULL, NULL),
(5, 'Aplikasi Hafalan Qur\'an (Web)', 'digital', 'https://quran.com', 'Platform web Quran.com dengan fitur audio, terjemah, dan mode hafalan.', 'Gunakan fitur repeat ayat dan aktifkan mode Tafsir untuk pemahaman lebih dalam.', 'Mendukung latihan mandiri dengan umpan balik audio berkualitas tinggi.', 1, '2026-05-20 07:32:16', NULL, NULL),
(6, 'Audio Murottal Syaikh Sudais', 'digital', 'https://download.quranicaudio.com/example', 'Murottal lengkap 30 juz oleh Syaikh Abdurrahman As-Sudais dengan kualitas HD.', 'Dengarkan dan ikuti bacaan beliau. Perhatikan tempo dan nafas pada ayat panjang.', 'Referensi bacaan fasih level tinggi untuk siswa yang sudah menguasai dasar.', 1, '2026-05-20 07:32:16', NULL, NULL),
(7, 'Media Cetak', 'cetak', NULL, NULL, NULL, NULL, 1, '2026-07-15 16:52:46', NULL, NULL),
(8, 'Media Digital', 'cetak', NULL, NULL, NULL, NULL, 1, '2026-07-15 16:52:46', NULL, NULL),
(9, 'Media Aplikasi', 'cetak', NULL, NULL, NULL, NULL, 1, '2026-07-15 16:52:46', NULL, NULL);

-- --------------------------------------------------------

--
-- Struktur dari tabel `tb_model_svm`
--

CREATE TABLE `tb_model_svm` (
  `id` bigint(20) UNSIGNED NOT NULL,
  `versi_model` varchar(50) NOT NULL,
  `kernel_type` enum('rbf','linear') NOT NULL DEFAULT 'rbf',
  `parameter_C` double NOT NULL DEFAULT 1,
  `parameter_gamma` double NOT NULL DEFAULT 0.1,
  `akurasi_model` double DEFAULT NULL,
  `is_active` tinyint(1) NOT NULL DEFAULT 0,
  `tanggal_training` timestamp NOT NULL DEFAULT current_timestamp()
) ENGINE=InnoDB DEFAULT CHARSET=utf8mb4 COLLATE=utf8mb4_general_ci;

--
-- Dumping data untuk tabel `tb_model_svm`
--

INSERT INTO `tb_model_svm` (`id`, `versi_model`, `kernel_type`, `parameter_C`, `parameter_gamma`, `akurasi_model`, `is_active`, `tanggal_training`) VALUES
(1, 'v1.0.0-dummy', 'rbf', 1, 0.1, 0.875, 1, '2026-06-14 07:32:16');

-- --------------------------------------------------------

--
-- Struktur dari tabel `tb_nilai_evaluasi`
--

CREATE TABLE `tb_nilai_evaluasi` (
  `id` bigint(20) UNSIGNED NOT NULL,
  `id_hafalan` bigint(20) UNSIGNED NOT NULL,
  `catatan_guru` text DEFAULT NULL,
  `tanggal_evaluasi` timestamp NOT NULL DEFAULT current_timestamp(),
  `created_at` timestamp NULL DEFAULT NULL,
  `updated_at` timestamp NULL DEFAULT NULL
) ENGINE=InnoDB DEFAULT CHARSET=utf8mb4 COLLATE=utf8mb4_general_ci;

--
-- Dumping data untuk tabel `tb_nilai_evaluasi`
--

INSERT INTO `tb_nilai_evaluasi` (`id`, `id_hafalan`, `catatan_guru`, `tanggal_evaluasi`, `created_at`, `updated_at`) VALUES
(1759, 1759, 'Bacaan sangat baik, makhraj sudah tepat!', '2025-07-31 08:56:57', NULL, NULL),
(1760, 1760, 'Perlu perbaikan mendasar pada tajwid dan kelancaran.', '2025-08-07 08:56:57', NULL, NULL),
(1761, 1761, 'Sudah cukup bagus, tingkatkan jumlah surah hafalan.', '2025-08-14 08:56:57', NULL, NULL),
(1762, 1762, 'Perlu perbaikan mendasar pada tajwid dan kelancaran.', '2025-08-21 08:56:57', NULL, NULL),
(1763, 1763, 'Hafalan lancar dan fasih, terus pertahankan semangat!', '2025-08-28 08:56:57', NULL, NULL),
(1764, 1764, 'Hafalan lancar dan fasih, terus pertahankan semangat!', '2025-09-04 08:56:57', NULL, NULL),
(1765, 1765, 'Jumlah hafalan masih sedikit, tingkatkan intensitas belajar.', '2025-09-11 08:56:57', NULL, NULL),
(1766, 1766, 'Bacaan masih terbata-bata, mohon lebih rajin berlatih.', '2025-09-18 08:56:57', NULL, NULL),
(1767, 1767, 'Bacaan cukup baik, perlu sedikit perbaikan di tajwid.', '2025-09-25 08:56:57', NULL, NULL),
(1768, 1768, 'Makhraj huruf sudah sangat tepat, kualitas bacaan excellent.', '2025-10-02 08:56:57', NULL, NULL),
(1769, 1769, 'Hafalan lancar dan fasih, terus pertahankan semangat!', '2025-10-09 08:56:57', NULL, NULL),
(1770, 1770, 'Fashohah sudah lumayan, latih konsistensi bacaan.', '2025-10-16 08:56:57', NULL, NULL),
(1771, 1771, 'Sangat bagus! Tajwid memuaskan, kelancaran terjaga.', '2025-10-23 08:56:57', NULL, NULL),
(1772, 1772, 'Jumlah hafalan masih sedikit, tingkatkan intensitas belajar.', '2025-10-30 08:56:57', NULL, NULL),
(1773, 1773, 'Prestasi luar biasa! Konsistensi hafalan sangat membanggakan.', '2025-11-06 08:56:57', NULL, NULL),
(1774, 1774, 'Ada kemajuan, pertahankan dan tingkatkan kualitasnya.', '2025-11-13 08:56:57', NULL, NULL),
(1775, 1775, 'Jumlah hafalan masih sedikit, tingkatkan intensitas belajar.', '2025-11-20 08:56:57', NULL, NULL),
(1776, 1776, 'Perlu pendampingan guru secara lebih intensif.', '2025-11-27 08:56:57', NULL, NULL),
(1777, 1777, 'Fashohah sudah lumayan, latih konsistensi bacaan.', '2025-12-04 08:56:57', NULL, NULL),
(1778, 1778, 'Kelancaran baik, fokus perbaikan panjang-pendek (mad).', '2025-12-11 08:56:57', NULL, NULL),
(1779, 1779, 'Makhraj huruf sudah sangat tepat, kualitas bacaan excellent.', '2025-12-18 08:56:57', NULL, NULL),
(1780, 1780, 'Perlu perbaikan mendasar pada tajwid dan kelancaran.', '2025-12-25 08:56:57', NULL, NULL),
(1781, 1781, 'Prestasi luar biasa! Konsistensi hafalan sangat membanggakan.', '2026-01-01 08:56:57', NULL, NULL),
(1782, 1782, 'Kelancaran baik, fokus perbaikan panjang-pendek (mad).', '2026-01-08 08:56:57', NULL, NULL),
(1783, 1783, 'Hafalan lancar dan fasih, terus pertahankan semangat!', '2026-01-15 08:56:57', NULL, NULL),
(1784, 1784, 'Hafalan lancar dan fasih, terus pertahankan semangat!', '2026-01-22 08:56:57', NULL, NULL),
(1785, 1785, 'Prestasi luar biasa! Konsistensi hafalan sangat membanggakan.', '2026-01-29 08:56:57', NULL, NULL),
(1786, 1786, 'Prestasi luar biasa! Konsistensi hafalan sangat membanggakan.', '2025-07-31 08:56:57', NULL, NULL),
(1787, 1787, 'Sangat bagus! Tajwid memuaskan, kelancaran terjaga.', '2025-08-07 08:56:57', NULL, NULL),
(1788, 1788, 'Makhraj huruf sudah sangat tepat, kualitas bacaan excellent.', '2025-08-14 08:56:57', NULL, NULL),
(1789, 1789, 'Ada kemajuan, pertahankan dan tingkatkan kualitasnya.', '2025-08-21 08:56:57', NULL, NULL),
(1790, 1790, 'Perlu pendampingan guru secara lebih intensif.', '2025-08-28 08:56:57', NULL, NULL),
(1791, 1791, 'Masih perlu banyak latihan, hafalan belum begitu lancar.', '2025-09-04 08:56:57', NULL, NULL),
(1792, 1792, 'Perlu pendampingan guru secara lebih intensif.', '2025-09-11 08:56:57', NULL, NULL),
(1793, 1793, 'Hafalan lancar dan fasih, terus pertahankan semangat!', '2025-09-18 08:56:57', NULL, NULL),
(1794, 1794, 'Prestasi luar biasa! Konsistensi hafalan sangat membanggakan.', '2025-09-25 08:56:57', NULL, NULL),
(1795, 1795, 'Kelancaran baik, fokus perbaikan panjang-pendek (mad).', '2025-10-02 08:56:57', NULL, NULL),
(1796, 1796, 'Hafalan lancar dan fasih, terus pertahankan semangat!', '2025-10-09 08:56:57', NULL, NULL),
(1797, 1797, 'Makhraj huruf sudah sangat tepat, kualitas bacaan excellent.', '2025-10-16 08:56:57', NULL, NULL),
(1798, 1798, 'Prestasi luar biasa! Konsistensi hafalan sangat membanggakan.', '2025-10-23 08:56:57', NULL, NULL),
(1799, 1799, 'Bacaan masih terbata-bata, mohon lebih rajin berlatih.', '2025-10-30 08:56:57', NULL, NULL),
(1800, 1800, 'Bacaan sangat baik, makhraj sudah tepat!', '2025-11-06 08:56:57', NULL, NULL),
(1801, 1801, 'Bacaan masih terbata-bata, mohon lebih rajin berlatih.', '2025-11-13 08:56:57', NULL, NULL),
(1802, 1802, 'Prestasi luar biasa! Konsistensi hafalan sangat membanggakan.', '2025-11-20 08:56:57', NULL, NULL),
(1803, 1803, 'Makhraj huruf sudah sangat tepat, kualitas bacaan excellent.', '2025-11-27 08:56:57', NULL, NULL),
(1804, 1804, 'Fashohah sudah lumayan, latih konsistensi bacaan.', '2025-12-04 08:56:57', NULL, NULL),
(1805, 1805, 'Bacaan sangat baik, makhraj sudah tepat!', '2025-12-11 08:56:57', NULL, NULL),
(1806, 1806, 'Makhraj huruf sudah sangat tepat, kualitas bacaan excellent.', '2025-12-18 08:56:57', NULL, NULL),
(1807, 1807, 'Makhraj huruf sudah sangat tepat, kualitas bacaan excellent.', '2025-12-25 08:56:57', NULL, NULL),
(1808, 1808, 'Perlu pendampingan guru secara lebih intensif.', '2026-01-01 08:56:57', NULL, NULL),
(1809, 1809, 'Bacaan masih terbata-bata, mohon lebih rajin berlatih.', '2026-01-08 08:56:57', NULL, NULL),
(1810, 1810, 'Bacaan sangat baik, makhraj sudah tepat!', '2026-01-15 08:56:57', NULL, NULL),
(1811, 1811, 'Hafalan lancar dan fasih, terus pertahankan semangat!', '2026-01-22 08:56:57', NULL, NULL),
(1812, 1812, 'Bacaan masih terbata-bata, mohon lebih rajin berlatih.', '2026-01-29 08:56:57', NULL, NULL),
(1813, 1813, 'Ada kemajuan, pertahankan dan tingkatkan kualitasnya.', '2026-02-05 08:56:57', NULL, NULL),
(1814, 1814, 'Bacaan masih terbata-bata, mohon lebih rajin berlatih.', '2026-02-12 08:56:57', NULL, NULL),
(1815, 1815, 'Prestasi luar biasa! Konsistensi hafalan sangat membanggakan.', '2026-02-19 08:56:57', NULL, NULL),
(1816, 1816, 'Perlu pendampingan guru secara lebih intensif.', '2026-02-26 08:56:57', NULL, NULL),
(1817, 1817, 'Perlu pendampingan guru secara lebih intensif.', '2026-03-05 08:56:57', NULL, NULL),
(1818, 1818, 'Perlu perbaikan mendasar pada tajwid dan kelancaran.', '2025-07-31 08:56:58', NULL, NULL),
(1819, 1819, 'Sangat bagus! Tajwid memuaskan, kelancaran terjaga.', '2025-08-07 08:56:58', NULL, NULL),
(1820, 1820, 'Sudah cukup bagus, tingkatkan jumlah surah hafalan.', '2025-08-14 08:56:58', NULL, NULL),
(1821, 1821, 'Bacaan sangat baik, makhraj sudah tepat!', '2025-08-21 08:56:58', NULL, NULL),
(1822, 1822, 'Masih perlu banyak latihan, hafalan belum begitu lancar.', '2025-08-28 08:56:58', NULL, NULL),
(1823, 1823, 'Makhraj huruf sudah sangat tepat, kualitas bacaan excellent.', '2025-09-04 08:56:58', NULL, NULL),
(1824, 1824, 'Bacaan sangat baik, makhraj sudah tepat!', '2025-09-11 08:56:58', NULL, NULL),
(1825, 1825, 'Sangat bagus! Tajwid memuaskan, kelancaran terjaga.', '2025-09-18 08:56:58', NULL, NULL),
(1826, 1826, 'Sangat bagus! Tajwid memuaskan, kelancaran terjaga.', '2025-09-25 08:56:58', NULL, NULL),
(1827, 1827, 'Perlu pendampingan guru secara lebih intensif.', '2025-10-02 08:56:58', NULL, NULL),
(1828, 1828, 'Bacaan cukup baik, perlu sedikit perbaikan di tajwid.', '2025-10-09 08:56:58', NULL, NULL),
(1829, 1829, 'Ada kemajuan, pertahankan dan tingkatkan kualitasnya.', '2025-10-16 08:56:58', NULL, NULL),
(1830, 1830, 'Jumlah hafalan masih sedikit, tingkatkan intensitas belajar.', '2025-10-23 08:56:58', NULL, NULL),
(1831, 1831, 'Jumlah hafalan masih sedikit, tingkatkan intensitas belajar.', '2025-10-30 08:56:58', NULL, NULL),
(1832, 1832, 'Perlu pendampingan guru secara lebih intensif.', '2025-11-06 08:56:58', NULL, NULL),
(1833, 1833, 'Hafalan lancar dan fasih, terus pertahankan semangat!', '2025-11-13 08:56:58', NULL, NULL),
(1834, 1834, 'Jumlah hafalan masih sedikit, tingkatkan intensitas belajar.', '2025-11-20 08:56:58', NULL, NULL),
(1835, 1835, 'Makhraj huruf sudah sangat tepat, kualitas bacaan excellent.', '2025-11-27 08:56:58', NULL, NULL),
(1836, 1836, 'Hafalan lancar dan fasih, terus pertahankan semangat!', '2025-07-31 08:56:58', NULL, NULL),
(1837, 1837, 'Bacaan masih terbata-bata, mohon lebih rajin berlatih.', '2025-08-07 08:56:58', NULL, NULL),
(1838, 1838, 'Bacaan masih terbata-bata, mohon lebih rajin berlatih.', '2025-08-14 08:56:58', NULL, NULL),
(1839, 1839, 'Ada kemajuan, pertahankan dan tingkatkan kualitasnya.', '2025-08-21 08:56:58', NULL, NULL),
(1840, 1840, 'Perlu perbaikan mendasar pada tajwid dan kelancaran.', '2025-08-28 08:56:58', NULL, NULL),
(1841, 1841, 'Bacaan sangat baik, makhraj sudah tepat!', '2025-09-04 08:56:58', NULL, NULL),
(1842, 1842, 'Sangat bagus! Tajwid memuaskan, kelancaran terjaga.', '2025-09-11 08:56:58', NULL, NULL),
(1843, 1843, 'Makhraj huruf sudah sangat tepat, kualitas bacaan excellent.', '2025-09-18 08:56:58', NULL, NULL),
(1844, 1844, 'Perlu perbaikan mendasar pada tajwid dan kelancaran.', '2025-09-25 08:56:58', NULL, NULL),
(1845, 1845, 'Bacaan cukup baik, perlu sedikit perbaikan di tajwid.', '2025-10-02 08:56:58', NULL, NULL),
(1846, 1846, 'Masih perlu banyak latihan, hafalan belum begitu lancar.', '2025-10-09 08:56:58', NULL, NULL),
(1847, 1847, 'Fashohah sudah lumayan, latih konsistensi bacaan.', '2025-10-16 08:56:58', NULL, NULL),
(1848, 1848, 'Bacaan sangat baik, makhraj sudah tepat!', '2025-10-23 08:56:58', NULL, NULL),
(1849, 1849, 'Sudah cukup bagus, tingkatkan jumlah surah hafalan.', '2025-10-30 08:56:58', NULL, NULL),
(1850, 1850, 'Bacaan sangat baik, makhraj sudah tepat!', '2025-11-06 08:56:58', NULL, NULL),
(1851, 1851, 'Bacaan sangat baik, makhraj sudah tepat!', '2025-11-13 08:56:58', NULL, NULL),
(1852, 1852, 'Kelancaran baik, fokus perbaikan panjang-pendek (mad).', '2025-11-20 08:56:58', NULL, NULL),
(1853, 1853, 'Bacaan masih terbata-bata, mohon lebih rajin berlatih.', '2025-11-27 08:56:58', NULL, NULL),
(1854, 1854, 'Kelancaran baik, fokus perbaikan panjang-pendek (mad).', '2025-12-04 08:56:58', NULL, NULL),
(1855, 1855, 'Jumlah hafalan masih sedikit, tingkatkan intensitas belajar.', '2025-12-11 08:56:58', NULL, NULL),
(1856, 1856, 'Jumlah hafalan masih sedikit, tingkatkan intensitas belajar.', '2025-12-18 08:56:58', NULL, NULL),
(1857, 1857, 'Perlu pendampingan guru secara lebih intensif.', '2025-12-25 08:56:58', NULL, NULL),
(1858, 1858, 'Makhraj huruf sudah sangat tepat, kualitas bacaan excellent.', '2026-01-01 08:56:58', NULL, NULL),
(1859, 1859, 'Prestasi luar biasa! Konsistensi hafalan sangat membanggakan.', '2026-01-08 08:56:58', NULL, NULL),
(1860, 1860, 'Jumlah hafalan masih sedikit, tingkatkan intensitas belajar.', '2026-01-15 08:56:58', NULL, NULL),
(1861, 1861, 'Bacaan masih terbata-bata, mohon lebih rajin berlatih.', '2026-01-22 08:56:58', NULL, NULL),
(1862, 1862, 'Sudah cukup bagus, tingkatkan jumlah surah hafalan.', '2026-01-29 08:56:58', NULL, NULL),
(1863, 1863, 'Bacaan sangat baik, makhraj sudah tepat!', '2026-02-05 08:56:58', NULL, NULL),
(1864, 1864, 'Masih perlu banyak latihan, hafalan belum begitu lancar.', '2026-02-12 08:56:58', NULL, NULL),
(1865, 1865, 'Bacaan cukup baik, perlu sedikit perbaikan di tajwid.', '2026-02-19 08:56:58', NULL, NULL),
(1866, 1866, 'Fashohah sudah lumayan, latih konsistensi bacaan.', '2026-02-26 08:56:58', NULL, NULL),
(1867, 1867, 'Bacaan cukup baik, perlu sedikit perbaikan di tajwid.', '2026-03-05 08:56:58', NULL, NULL),
(1868, 1868, 'Hafalan lancar dan fasih, terus pertahankan semangat!', '2025-07-31 08:56:58', NULL, NULL),
(1869, 1869, 'Perlu pendampingan guru secara lebih intensif.', '2025-08-07 08:56:58', NULL, NULL),
(1870, 1870, 'Sudah cukup bagus, tingkatkan jumlah surah hafalan.', '2025-08-14 08:56:58', NULL, NULL),
(1871, 1871, 'Prestasi luar biasa! Konsistensi hafalan sangat membanggakan.', '2025-08-21 08:56:58', NULL, NULL),
(1872, 1872, 'Masih perlu banyak latihan, hafalan belum begitu lancar.', '2025-08-28 08:56:58', NULL, NULL),
(1873, 1873, 'Hafalan lancar dan fasih, terus pertahankan semangat!', '2025-09-04 08:56:58', NULL, NULL),
(1874, 1874, 'Fashohah sudah lumayan, latih konsistensi bacaan.', '2025-09-11 08:56:58', NULL, NULL),
(1875, 1875, 'Sangat bagus! Tajwid memuaskan, kelancaran terjaga.', '2025-09-18 08:56:58', NULL, NULL),
(1876, 1876, 'Ada kemajuan, pertahankan dan tingkatkan kualitasnya.', '2025-09-25 08:56:58', NULL, NULL),
(1877, 1877, 'Ada kemajuan, pertahankan dan tingkatkan kualitasnya.', '2025-10-02 08:56:58', NULL, NULL),
(1878, 1878, 'Prestasi luar biasa! Konsistensi hafalan sangat membanggakan.', '2025-10-09 08:56:58', NULL, NULL),
(1879, 1879, 'Makhraj huruf sudah sangat tepat, kualitas bacaan excellent.', '2025-10-16 08:56:58', NULL, NULL),
(1880, 1880, 'Sudah cukup bagus, tingkatkan jumlah surah hafalan.', '2025-10-23 08:56:58', NULL, NULL),
(1881, 1881, 'Jumlah hafalan masih sedikit, tingkatkan intensitas belajar.', '2025-10-30 08:56:58', NULL, NULL),
(1882, 1882, 'Sangat bagus! Tajwid memuaskan, kelancaran terjaga.', '2025-11-06 08:56:58', NULL, NULL),
(1883, 1883, 'Jumlah hafalan masih sedikit, tingkatkan intensitas belajar.', '2025-11-13 08:56:58', NULL, NULL),
(1884, 1884, 'Sangat bagus! Tajwid memuaskan, kelancaran terjaga.', '2025-11-20 08:56:58', NULL, NULL),
(1885, 1885, 'Prestasi luar biasa! Konsistensi hafalan sangat membanggakan.', '2025-11-27 08:56:58', NULL, NULL),
(1886, 1886, 'Fashohah sudah lumayan, latih konsistensi bacaan.', '2025-12-04 08:56:58', NULL, NULL),
(1887, 1887, 'Bacaan sangat baik, makhraj sudah tepat!', '2025-12-11 08:56:58', NULL, NULL),
(1888, 1888, 'Jumlah hafalan masih sedikit, tingkatkan intensitas belajar.', '2025-12-18 08:56:58', NULL, NULL),
(1889, 1889, 'Bacaan cukup baik, perlu sedikit perbaikan di tajwid.', '2025-12-25 08:56:58', NULL, NULL),
(1890, 1890, 'Hafalan lancar dan fasih, terus pertahankan semangat!', '2026-01-01 08:56:58', NULL, NULL),
(1891, 1891, 'Sudah cukup bagus, tingkatkan jumlah surah hafalan.', '2026-01-08 08:56:58', NULL, NULL),
(1892, 1892, 'Kelancaran baik, fokus perbaikan panjang-pendek (mad).', '2026-01-15 08:56:58', NULL, NULL),
(1893, 1893, 'Jumlah hafalan masih sedikit, tingkatkan intensitas belajar.', '2026-01-22 08:56:58', NULL, NULL),
(1894, 1894, 'Makhraj huruf sudah sangat tepat, kualitas bacaan excellent.', '2026-01-29 08:56:58', NULL, NULL),
(1895, 1895, 'Hafalan lancar dan fasih, terus pertahankan semangat!', '2026-02-05 08:56:58', NULL, NULL),
(1896, 1896, 'Prestasi luar biasa! Konsistensi hafalan sangat membanggakan.', '2026-02-12 08:56:58', NULL, NULL),
(1897, 1897, 'Prestasi luar biasa! Konsistensi hafalan sangat membanggakan.', '2026-02-19 08:56:58', NULL, NULL),
(1898, 1898, 'Perlu pendampingan guru secara lebih intensif.', '2026-02-26 08:56:58', NULL, NULL),
(1899, 1899, 'Kelancaran baik, fokus perbaikan panjang-pendek (mad).', '2026-03-05 08:56:58', NULL, NULL),
(1900, 1900, 'Makhraj huruf sudah sangat tepat, kualitas bacaan excellent.', '2025-07-31 08:56:58', NULL, NULL),
(1901, 1901, 'Hafalan lancar dan fasih, terus pertahankan semangat!', '2025-08-07 08:56:58', NULL, NULL),
(1902, 1902, 'Jumlah hafalan masih sedikit, tingkatkan intensitas belajar.', '2025-08-14 08:56:58', NULL, NULL),
(1903, 1903, 'Makhraj huruf sudah sangat tepat, kualitas bacaan excellent.', '2025-08-21 08:56:58', NULL, NULL),
(1904, 1904, 'Kelancaran baik, fokus perbaikan panjang-pendek (mad).', '2025-08-28 08:56:58', NULL, NULL),
(1905, 1905, 'Makhraj huruf sudah sangat tepat, kualitas bacaan excellent.', '2025-09-04 08:56:58', NULL, NULL),
(1906, 1906, 'Makhraj huruf sudah sangat tepat, kualitas bacaan excellent.', '2025-09-11 08:56:58', NULL, NULL),
(1907, 1907, 'Fashohah sudah lumayan, latih konsistensi bacaan.', '2025-09-18 08:56:58', NULL, NULL),
(1908, 1908, 'Perlu perbaikan mendasar pada tajwid dan kelancaran.', '2025-09-25 08:56:58', NULL, NULL),
(1909, 1909, 'Fashohah sudah lumayan, latih konsistensi bacaan.', '2025-10-02 08:56:58', NULL, NULL),
(1910, 1910, 'Sudah cukup bagus, tingkatkan jumlah surah hafalan.', '2025-10-09 08:56:58', NULL, NULL),
(1911, 1911, 'Makhraj huruf sudah sangat tepat, kualitas bacaan excellent.', '2025-10-16 08:56:58', NULL, NULL),
(1912, 1912, 'Jumlah hafalan masih sedikit, tingkatkan intensitas belajar.', '2025-10-23 08:56:58', NULL, NULL),
(1913, 1913, 'Fashohah sudah lumayan, latih konsistensi bacaan.', '2025-10-30 08:56:58', NULL, NULL),
(1914, 1914, 'Masih perlu banyak latihan, hafalan belum begitu lancar.', '2025-11-06 08:56:58', NULL, NULL),
(1915, 1915, 'Bacaan masih terbata-bata, mohon lebih rajin berlatih.', '2025-11-13 08:56:58', NULL, NULL),
(1916, 1916, 'Prestasi luar biasa! Konsistensi hafalan sangat membanggakan.', '2025-11-20 08:56:58', NULL, NULL),
(1917, 1917, 'Prestasi luar biasa! Konsistensi hafalan sangat membanggakan.', '2025-11-27 08:56:58', NULL, NULL),
(1918, 1918, 'Hafalan lancar dan fasih, terus pertahankan semangat!', '2025-12-04 08:56:58', NULL, NULL),
(1919, 1919, 'Perlu pendampingan guru secara lebih intensif.', '2025-12-11 08:56:58', NULL, NULL),
(1920, 1920, 'Fashohah sudah lumayan, latih konsistensi bacaan.', '2025-12-18 08:56:58', NULL, NULL),
(1921, 1921, 'Makhraj huruf sudah sangat tepat, kualitas bacaan excellent.', '2025-12-25 08:56:58', NULL, NULL),
(1922, 1922, 'Bacaan sangat baik, makhraj sudah tepat!', '2026-01-01 08:56:58', NULL, NULL),
(1923, 1923, 'Kelancaran baik, fokus perbaikan panjang-pendek (mad).', '2026-01-08 08:56:58', NULL, NULL),
(1924, 1924, 'Bacaan cukup baik, perlu sedikit perbaikan di tajwid.', '2026-01-15 08:56:58', NULL, NULL),
(1925, 1925, 'Prestasi luar biasa! Konsistensi hafalan sangat membanggakan.', '2025-07-31 08:56:59', NULL, NULL),
(1926, 1926, 'Sudah cukup bagus, tingkatkan jumlah surah hafalan.', '2025-08-07 08:56:59', NULL, NULL),
(1927, 1927, 'Bacaan sangat baik, makhraj sudah tepat!', '2025-08-14 08:56:59', NULL, NULL),
(1928, 1928, 'Sangat bagus! Tajwid memuaskan, kelancaran terjaga.', '2025-08-21 08:56:59', NULL, NULL),
(1929, 1929, 'Sangat bagus! Tajwid memuaskan, kelancaran terjaga.', '2025-08-28 08:56:59', NULL, NULL),
(1930, 1930, 'Sudah cukup bagus, tingkatkan jumlah surah hafalan.', '2025-09-04 08:56:59', NULL, NULL),
(1931, 1931, 'Sangat bagus! Tajwid memuaskan, kelancaran terjaga.', '2025-09-11 08:56:59', NULL, NULL),
(1932, 1932, 'Perlu perbaikan mendasar pada tajwid dan kelancaran.', '2025-09-18 08:56:59', NULL, NULL),
(1933, 1933, 'Perlu pendampingan guru secara lebih intensif.', '2025-09-25 08:56:59', NULL, NULL),
(1934, 1934, 'Sudah cukup bagus, tingkatkan jumlah surah hafalan.', '2025-10-02 08:56:59', NULL, NULL),
(1935, 1935, 'Bacaan cukup baik, perlu sedikit perbaikan di tajwid.', '2025-10-09 08:56:59', NULL, NULL),
(1936, 1936, 'Masih perlu banyak latihan, hafalan belum begitu lancar.', '2025-10-16 08:56:59', NULL, NULL),
(1937, 1937, 'Bacaan masih terbata-bata, mohon lebih rajin berlatih.', '2025-10-23 08:56:59', NULL, NULL),
(1938, 1938, 'Prestasi luar biasa! Konsistensi hafalan sangat membanggakan.', '2025-10-30 08:56:59', NULL, NULL),
(1939, 1939, 'Prestasi luar biasa! Konsistensi hafalan sangat membanggakan.', '2025-11-06 08:56:59', NULL, NULL),
(1940, 1940, 'Ada kemajuan, pertahankan dan tingkatkan kualitasnya.', '2025-11-13 08:56:59', NULL, NULL),
(1941, 1941, 'Fashohah sudah lumayan, latih konsistensi bacaan.', '2025-11-20 08:56:59', NULL, NULL),
(1942, 1942, 'Prestasi luar biasa! Konsistensi hafalan sangat membanggakan.', '2025-11-27 08:56:59', NULL, NULL),
(1943, 1943, 'Perlu pendampingan guru secara lebih intensif.', '2025-12-04 08:56:59', NULL, NULL),
(1944, 1944, 'Bacaan sangat baik, makhraj sudah tepat!', '2025-12-11 08:56:59', NULL, NULL),
(1945, 1945, 'Sangat bagus! Tajwid memuaskan, kelancaran terjaga.', '2025-12-18 08:56:59', NULL, NULL),
(1946, 1946, 'Sangat bagus! Tajwid memuaskan, kelancaran terjaga.', '2025-12-25 08:56:59', NULL, NULL),
(1947, 1947, 'Bacaan masih terbata-bata, mohon lebih rajin berlatih.', '2026-01-01 08:56:59', NULL, NULL),
(1948, 1948, 'Bacaan masih terbata-bata, mohon lebih rajin berlatih.', '2026-01-08 08:56:59', NULL, NULL),
(1949, 1949, 'Bacaan sangat baik, makhraj sudah tepat!', '2026-01-15 08:56:59', NULL, NULL),
(1950, 1950, 'Hafalan lancar dan fasih, terus pertahankan semangat!', '2026-01-22 08:56:59', NULL, NULL),
(1951, 1951, 'Makhraj huruf sudah sangat tepat, kualitas bacaan excellent.', '2026-01-29 08:56:59', NULL, NULL),
(1952, 1952, 'Sudah cukup bagus, tingkatkan jumlah surah hafalan.', '2026-02-05 08:56:59', NULL, NULL),
(1953, 1953, 'Masih perlu banyak latihan, hafalan belum begitu lancar.', '2026-02-12 08:56:59', NULL, NULL),
(1954, 1954, 'Kelancaran baik, fokus perbaikan panjang-pendek (mad).', '2025-07-31 08:56:59', NULL, NULL),
(1955, 1955, 'Sudah cukup bagus, tingkatkan jumlah surah hafalan.', '2025-08-07 08:56:59', NULL, NULL),
(1956, 1956, 'Sudah cukup bagus, tingkatkan jumlah surah hafalan.', '2025-08-14 08:56:59', NULL, NULL),
(1957, 1957, 'Bacaan masih terbata-bata, mohon lebih rajin berlatih.', '2025-08-21 08:56:59', NULL, NULL),
(1958, 1958, 'Ada kemajuan, pertahankan dan tingkatkan kualitasnya.', '2025-08-28 08:56:59', NULL, NULL),
(1959, 1959, 'Bacaan sangat baik, makhraj sudah tepat!', '2025-09-04 08:56:59', NULL, NULL),
(1960, 1960, 'Masih perlu banyak latihan, hafalan belum begitu lancar.', '2025-09-11 08:56:59', NULL, NULL),
(1961, 1961, 'Sangat bagus! Tajwid memuaskan, kelancaran terjaga.', '2025-09-18 08:56:59', NULL, NULL),
(1962, 1962, 'Makhraj huruf sudah sangat tepat, kualitas bacaan excellent.', '2025-09-25 08:56:59', NULL, NULL),
(1963, 1963, 'Perlu perbaikan mendasar pada tajwid dan kelancaran.', '2025-10-02 08:56:59', NULL, NULL),
(1964, 1964, 'Kelancaran baik, fokus perbaikan panjang-pendek (mad).', '2025-10-09 08:56:59', NULL, NULL),
(1965, 1965, 'Fashohah sudah lumayan, latih konsistensi bacaan.', '2025-10-16 08:56:59', NULL, NULL),
(1966, 1966, 'Kelancaran baik, fokus perbaikan panjang-pendek (mad).', '2025-10-23 08:56:59', NULL, NULL),
(1967, 1967, 'Bacaan sangat baik, makhraj sudah tepat!', '2025-10-30 08:56:59', NULL, NULL),
(1968, 1968, 'Ada kemajuan, pertahankan dan tingkatkan kualitasnya.', '2025-11-06 08:56:59', NULL, NULL),
(1969, 1969, 'Masih perlu banyak latihan, hafalan belum begitu lancar.', '2025-11-13 08:56:59', NULL, NULL),
(1970, 1970, 'Jumlah hafalan masih sedikit, tingkatkan intensitas belajar.', '2025-11-20 08:56:59', NULL, NULL),
(1971, 1971, 'Masih perlu banyak latihan, hafalan belum begitu lancar.', '2025-11-27 08:56:59', NULL, NULL),
(1972, 1972, 'Sangat bagus! Tajwid memuaskan, kelancaran terjaga.', '2025-12-04 08:56:59', NULL, NULL),
(1973, 1973, 'Sangat bagus! Tajwid memuaskan, kelancaran terjaga.', '2025-12-11 08:56:59', NULL, NULL),
(1974, 1974, 'Hafalan lancar dan fasih, terus pertahankan semangat!', '2025-12-18 08:56:59', NULL, NULL),
(1975, 1975, 'Bacaan masih terbata-bata, mohon lebih rajin berlatih.', '2025-12-25 08:56:59', NULL, NULL),
(1976, 1976, 'Bacaan cukup baik, perlu sedikit perbaikan di tajwid.', '2026-01-01 08:56:59', NULL, NULL),
(1977, 1977, 'Jumlah hafalan masih sedikit, tingkatkan intensitas belajar.', '2026-01-08 08:56:59', NULL, NULL),
(1978, 1978, 'Kelancaran baik, fokus perbaikan panjang-pendek (mad).', '2026-01-15 08:56:59', NULL, NULL),
(1979, 1979, 'Masih perlu banyak latihan, hafalan belum begitu lancar.', '2026-01-22 08:56:59', NULL, NULL),
(1980, 1980, 'Perlu pendampingan guru secara lebih intensif.', '2026-01-29 08:56:59', NULL, NULL),
(1981, 1981, 'Sangat bagus! Tajwid memuaskan, kelancaran terjaga.', '2026-02-05 08:56:59', NULL, NULL),
(1982, 1982, 'Jumlah hafalan masih sedikit, tingkatkan intensitas belajar.', '2026-02-12 08:56:59', NULL, NULL),
(1983, 1983, 'Perlu perbaikan mendasar pada tajwid dan kelancaran.', '2026-02-19 08:56:59', NULL, NULL),
(1984, 1984, 'Makhraj huruf sudah sangat tepat, kualitas bacaan excellent.', '2026-02-26 08:56:59', NULL, NULL),
(1985, 1985, 'Sangat bagus! Tajwid memuaskan, kelancaran terjaga.', '2026-03-05 08:56:59', NULL, NULL),
(1986, 1986, 'Bacaan sangat baik, makhraj sudah tepat!', '2025-07-31 08:56:59', NULL, NULL),
(1987, 1987, 'Sudah cukup bagus, tingkatkan jumlah surah hafalan.', '2025-08-07 08:56:59', NULL, NULL),
(1988, 1988, 'Perlu pendampingan guru secara lebih intensif.', '2025-08-14 08:56:59', NULL, NULL),
(1989, 1989, 'Perlu perbaikan mendasar pada tajwid dan kelancaran.', '2025-08-21 08:56:59', NULL, NULL),
(1990, 1990, 'Sangat bagus! Tajwid memuaskan, kelancaran terjaga.', '2025-08-28 08:56:59', NULL, NULL),
(1991, 1991, 'Makhraj huruf sudah sangat tepat, kualitas bacaan excellent.', '2025-09-04 08:56:59', NULL, NULL),
(1992, 1992, 'Makhraj huruf sudah sangat tepat, kualitas bacaan excellent.', '2025-09-11 08:56:59', NULL, NULL),
(1993, 1993, 'Kelancaran baik, fokus perbaikan panjang-pendek (mad).', '2025-09-18 08:56:59', NULL, NULL),
(1994, 1994, 'Hafalan lancar dan fasih, terus pertahankan semangat!', '2025-09-25 08:56:59', NULL, NULL),
(1995, 1995, 'Prestasi luar biasa! Konsistensi hafalan sangat membanggakan.', '2025-10-02 08:56:59', NULL, NULL),
(1996, 1996, 'Sangat bagus! Tajwid memuaskan, kelancaran terjaga.', '2025-10-09 08:56:59', NULL, NULL),
(1997, 1997, 'Prestasi luar biasa! Konsistensi hafalan sangat membanggakan.', '2025-10-16 08:56:59', NULL, NULL),
(1998, 1998, 'Prestasi luar biasa! Konsistensi hafalan sangat membanggakan.', '2025-10-23 08:56:59', NULL, NULL),
(1999, 1999, 'Masih perlu banyak latihan, hafalan belum begitu lancar.', '2025-10-30 08:56:59', NULL, NULL),
(2000, 2000, 'Fashohah sudah lumayan, latih konsistensi bacaan.', '2025-11-06 08:56:59', NULL, NULL),
(2001, 2001, 'Fashohah sudah lumayan, latih konsistensi bacaan.', '2025-11-13 08:56:59', NULL, NULL),
(2002, 2002, 'Masih perlu banyak latihan, hafalan belum begitu lancar.', '2025-11-20 08:56:59', NULL, NULL),
(2003, 2003, 'Bacaan sangat baik, makhraj sudah tepat!', '2025-11-27 08:56:59', NULL, NULL),
(2004, 2004, 'Ada kemajuan, pertahankan dan tingkatkan kualitasnya.', '2025-12-04 08:56:59', NULL, NULL),
(2005, 2005, 'Prestasi luar biasa! Konsistensi hafalan sangat membanggakan.', '2025-12-11 08:56:59', NULL, NULL),
(2006, 2006, 'Sangat bagus! Tajwid memuaskan, kelancaran terjaga.', '2025-12-18 08:56:59', NULL, NULL),
(2007, 2007, 'Perlu perbaikan mendasar pada tajwid dan kelancaran.', '2025-12-25 08:56:59', NULL, NULL),
(2008, 2008, 'Ada kemajuan, pertahankan dan tingkatkan kualitasnya.', '2026-01-01 08:56:59', NULL, NULL),
(2009, 2009, 'Bacaan cukup baik, perlu sedikit perbaikan di tajwid.', '2026-01-08 08:56:59', NULL, NULL),
(2010, 2010, 'Masih perlu banyak latihan, hafalan belum begitu lancar.', '2026-01-15 08:56:59', NULL, NULL),
(2011, 2011, 'Bacaan cukup baik, perlu sedikit perbaikan di tajwid.', '2026-01-22 08:56:59', NULL, NULL),
(2012, 2012, 'Hafalan lancar dan fasih, terus pertahankan semangat!', '2026-01-29 08:56:59', NULL, NULL),
(2013, 2013, 'Sudah cukup bagus, tingkatkan jumlah surah hafalan.', '2026-02-05 08:56:59', NULL, NULL),
(2014, 2014, 'Prestasi luar biasa! Konsistensi hafalan sangat membanggakan.', '2026-02-12 08:56:59', NULL, NULL),
(2015, 2015, 'Sudah cukup bagus, tingkatkan jumlah surah hafalan.', '2026-02-19 08:56:59', NULL, NULL),
(2016, 2016, 'Kelancaran baik, fokus perbaikan panjang-pendek (mad).', '2026-02-26 08:56:59', NULL, NULL),
(2017, 2017, 'Fashohah sudah lumayan, latih konsistensi bacaan.', '2026-03-05 08:56:59', NULL, NULL),
(2018, 2018, 'Makhraj huruf sudah sangat tepat, kualitas bacaan excellent.', '2025-07-31 08:57:00', NULL, NULL),
(2019, 2019, 'Bacaan sangat baik, makhraj sudah tepat!', '2025-08-07 08:57:00', NULL, NULL),
(2020, 2020, 'Makhraj huruf sudah sangat tepat, kualitas bacaan excellent.', '2025-08-14 08:57:00', NULL, NULL),
(2021, 2021, 'Ada kemajuan, pertahankan dan tingkatkan kualitasnya.', '2025-08-21 08:57:00', NULL, NULL),
(2022, 2022, 'Hafalan lancar dan fasih, terus pertahankan semangat!', '2025-08-28 08:57:00', NULL, NULL),
(2023, 2023, 'Perlu perbaikan mendasar pada tajwid dan kelancaran.', '2025-09-04 08:57:00', NULL, NULL),
(2024, 2024, 'Hafalan lancar dan fasih, terus pertahankan semangat!', '2025-09-11 08:57:00', NULL, NULL),
(2025, 2025, 'Hafalan lancar dan fasih, terus pertahankan semangat!', '2025-09-18 08:57:00', NULL, NULL),
(2026, 2026, 'Perlu perbaikan mendasar pada tajwid dan kelancaran.', '2025-09-25 08:57:00', NULL, NULL),
(2027, 2027, 'Ada kemajuan, pertahankan dan tingkatkan kualitasnya.', '2025-10-02 08:57:00', NULL, NULL),
(2028, 2028, 'Bacaan masih terbata-bata, mohon lebih rajin berlatih.', '2025-10-09 08:57:00', NULL, NULL),
(2029, 2029, 'Sangat bagus! Tajwid memuaskan, kelancaran terjaga.', '2025-10-16 08:57:00', NULL, NULL),
(2030, 2030, 'Sudah cukup bagus, tingkatkan jumlah surah hafalan.', '2025-10-23 08:57:00', NULL, NULL),
(2031, 2031, 'Prestasi luar biasa! Konsistensi hafalan sangat membanggakan.', '2025-10-30 08:57:00', NULL, NULL),
(2032, 2032, 'Bacaan sangat baik, makhraj sudah tepat!', '2025-11-06 08:57:00', NULL, NULL),
(2033, 2033, 'Perlu pendampingan guru secara lebih intensif.', '2025-11-13 08:57:00', NULL, NULL),
(2034, 2034, 'Sangat bagus! Tajwid memuaskan, kelancaran terjaga.', '2025-11-20 08:57:00', NULL, NULL),
(2035, 2035, 'Sudah cukup bagus, tingkatkan jumlah surah hafalan.', '2025-11-27 08:57:00', NULL, NULL),
(2036, 2036, 'Perlu perbaikan mendasar pada tajwid dan kelancaran.', '2025-12-04 08:57:00', NULL, NULL),
(2037, 2037, 'Hafalan lancar dan fasih, terus pertahankan semangat!', '2025-12-11 08:57:00', NULL, NULL),
(2038, 2038, 'Sudah cukup bagus, tingkatkan jumlah surah hafalan.', '2025-12-18 08:57:00', NULL, NULL),
(2039, 2039, 'Sangat bagus! Tajwid memuaskan, kelancaran terjaga.', '2025-12-25 08:57:00', NULL, NULL),
(2040, 2040, 'Perlu perbaikan mendasar pada tajwid dan kelancaran.', '2026-01-01 08:57:00', NULL, NULL),
(2041, 2041, 'Jumlah hafalan masih sedikit, tingkatkan intensitas belajar.', '2026-01-08 08:57:00', NULL, NULL),
(2042, 2042, 'Bacaan masih terbata-bata, mohon lebih rajin berlatih.', '2026-01-15 08:57:00', NULL, NULL),
(2043, 2043, 'Jumlah hafalan masih sedikit, tingkatkan intensitas belajar.', '2026-01-22 08:57:00', NULL, NULL),
(2044, 2044, 'Bacaan sangat baik, makhraj sudah tepat!', '2026-01-29 08:57:00', NULL, NULL),
(2045, 2045, 'Bacaan masih terbata-bata, mohon lebih rajin berlatih.', '2026-02-05 08:57:00', NULL, NULL),
(2046, 2046, 'Ada kemajuan, pertahankan dan tingkatkan kualitasnya.', '2026-02-12 08:57:00', NULL, NULL),
(2047, 2047, 'Bacaan sangat baik, makhraj sudah tepat!', '2026-02-19 08:57:00', NULL, NULL),
(2048, 2048, 'Sangat bagus! Tajwid memuaskan, kelancaran terjaga.', '2026-02-26 08:57:00', NULL, NULL),
(2049, 2049, 'Sudah cukup bagus, tingkatkan jumlah surah hafalan.', '2026-03-05 08:57:00', NULL, NULL),
(2050, 2050, 'Bacaan sangat baik, makhraj sudah tepat!', '2025-07-31 08:57:00', NULL, NULL),
(2051, 2051, 'Sudah cukup bagus, tingkatkan jumlah surah hafalan.', '2025-08-07 08:57:00', NULL, NULL),
(2052, 2052, 'Hafalan lancar dan fasih, terus pertahankan semangat!', '2025-08-14 08:57:00', NULL, NULL),
(2053, 2053, 'Hafalan lancar dan fasih, terus pertahankan semangat!', '2025-08-21 08:57:00', NULL, NULL),
(2054, 2054, 'Masih perlu banyak latihan, hafalan belum begitu lancar.', '2025-08-28 08:57:00', NULL, NULL),
(2055, 2055, 'Fashohah sudah lumayan, latih konsistensi bacaan.', '2025-09-04 08:57:00', NULL, NULL),
(2056, 2056, 'Bacaan masih terbata-bata, mohon lebih rajin berlatih.', '2025-09-11 08:57:00', NULL, NULL),
(2057, 2057, 'Ada kemajuan, pertahankan dan tingkatkan kualitasnya.', '2025-09-18 08:57:00', NULL, NULL),
(2058, 2058, 'Makhraj huruf sudah sangat tepat, kualitas bacaan excellent.', '2025-09-25 08:57:00', NULL, NULL),
(2059, 2059, 'Sudah cukup bagus, tingkatkan jumlah surah hafalan.', '2025-10-02 08:57:00', NULL, NULL),
(2060, 2060, 'Kelancaran baik, fokus perbaikan panjang-pendek (mad).', '2025-10-09 08:57:00', NULL, NULL),
(2061, 2061, 'Ada kemajuan, pertahankan dan tingkatkan kualitasnya.', '2025-10-16 08:57:00', NULL, NULL),
(2062, 2062, 'Masih perlu banyak latihan, hafalan belum begitu lancar.', '2025-10-23 08:57:00', NULL, NULL),
(2063, 2063, 'Bacaan cukup baik, perlu sedikit perbaikan di tajwid.', '2025-10-30 08:57:00', NULL, NULL),
(2064, 2064, 'Makhraj huruf sudah sangat tepat, kualitas bacaan excellent.', '2025-11-06 08:57:00', NULL, NULL),
(2065, 2065, 'Kelancaran baik, fokus perbaikan panjang-pendek (mad).', '2025-11-13 08:57:00', NULL, NULL),
(2066, 2066, 'Fashohah sudah lumayan, latih konsistensi bacaan.', '2025-11-20 08:57:00', NULL, NULL),
(2067, 2067, 'Jumlah hafalan masih sedikit, tingkatkan intensitas belajar.', '2025-11-27 08:57:00', NULL, NULL),
(2068, 2068, 'Prestasi luar biasa! Konsistensi hafalan sangat membanggakan.', '2025-12-04 08:57:00', NULL, NULL),
(2069, 2069, 'Fashohah sudah lumayan, latih konsistensi bacaan.', '2025-12-11 08:57:00', NULL, NULL),
(2070, 2070, 'Prestasi luar biasa! Konsistensi hafalan sangat membanggakan.', '2025-12-18 08:57:00', NULL, NULL),
(2071, 2071, 'Fashohah sudah lumayan, latih konsistensi bacaan.', '2025-12-25 08:57:00', NULL, NULL),
(2072, 2072, 'Hafalan lancar dan fasih, terus pertahankan semangat!', '2026-01-01 08:57:00', NULL, NULL),
(2073, 2073, 'Makhraj huruf sudah sangat tepat, kualitas bacaan excellent.', '2025-07-31 08:57:01', NULL, NULL),
(2074, 2074, 'Sudah cukup bagus, tingkatkan jumlah surah hafalan.', '2025-08-07 08:57:01', NULL, NULL),
(2075, 2075, 'Bacaan masih terbata-bata, mohon lebih rajin berlatih.', '2025-08-14 08:57:01', NULL, NULL),
(2076, 2076, 'Bacaan masih terbata-bata, mohon lebih rajin berlatih.', '2025-08-21 08:57:01', NULL, NULL),
(2077, 2077, 'Ada kemajuan, pertahankan dan tingkatkan kualitasnya.', '2025-08-28 08:57:01', NULL, NULL),
(2078, 2078, 'Bacaan masih terbata-bata, mohon lebih rajin berlatih.', '2025-09-04 08:57:01', NULL, NULL),
(2079, 2079, 'Ada kemajuan, pertahankan dan tingkatkan kualitasnya.', '2025-09-11 08:57:01', NULL, NULL),
(2080, 2080, 'Kelancaran baik, fokus perbaikan panjang-pendek (mad).', '2025-09-18 08:57:01', NULL, NULL),
(2081, 2081, 'Ada kemajuan, pertahankan dan tingkatkan kualitasnya.', '2025-09-25 08:57:01', NULL, NULL),
(2082, 2082, 'Hafalan lancar dan fasih, terus pertahankan semangat!', '2025-10-02 08:57:01', NULL, NULL),
(2083, 2083, 'Makhraj huruf sudah sangat tepat, kualitas bacaan excellent.', '2025-10-09 08:57:01', NULL, NULL),
(2084, 2084, 'Hafalan lancar dan fasih, terus pertahankan semangat!', '2025-10-16 08:57:01', NULL, NULL),
(2085, 2085, 'Fashohah sudah lumayan, latih konsistensi bacaan.', '2025-10-23 08:57:01', NULL, NULL),
(2086, 2086, 'Bacaan cukup baik, perlu sedikit perbaikan di tajwid.', '2025-10-30 08:57:01', NULL, NULL),
(2087, 2087, 'Hafalan lancar dan fasih, terus pertahankan semangat!', '2025-11-06 08:57:01', NULL, NULL),
(2088, 2088, 'Kelancaran baik, fokus perbaikan panjang-pendek (mad).', '2025-11-13 08:57:01', NULL, NULL),
(2089, 2089, 'Jumlah hafalan masih sedikit, tingkatkan intensitas belajar.', '2025-11-20 08:57:01', NULL, NULL),
(2090, 2090, 'Prestasi luar biasa! Konsistensi hafalan sangat membanggakan.', '2025-11-27 08:57:01', NULL, NULL),
(2091, 2091, 'Perlu perbaikan mendasar pada tajwid dan kelancaran.', '2025-12-04 08:57:01', NULL, NULL),
(2092, 2092, 'Bacaan cukup baik, perlu sedikit perbaikan di tajwid.', '2025-12-11 08:57:01', NULL, NULL),
(2093, 2093, 'Jumlah hafalan masih sedikit, tingkatkan intensitas belajar.', '2025-12-18 08:57:01', NULL, NULL),
(2094, 2094, 'Bacaan masih terbata-bata, mohon lebih rajin berlatih.', '2025-12-25 08:57:01', NULL, NULL),
(2095, 2095, 'Bacaan sangat baik, makhraj sudah tepat!', '2026-01-01 08:57:01', NULL, NULL),
(2096, 2096, 'Jumlah hafalan masih sedikit, tingkatkan intensitas belajar.', '2026-01-08 08:57:01', NULL, NULL),
(2097, 2097, 'Fashohah sudah lumayan, latih konsistensi bacaan.', '2026-01-15 08:57:01', NULL, NULL),
(2098, 2098, 'Bacaan sangat baik, makhraj sudah tepat!', '2026-01-22 08:57:01', NULL, NULL),
(2099, 2099, 'Masih perlu banyak latihan, hafalan belum begitu lancar.', '2026-01-29 08:57:01', NULL, NULL),
(2100, 2100, 'Makhraj huruf sudah sangat tepat, kualitas bacaan excellent.', '2026-02-05 08:57:01', NULL, NULL),
(2101, 2101, 'Sudah cukup bagus, tingkatkan jumlah surah hafalan.', '2026-02-12 08:57:01', NULL, NULL),
(2102, 2102, 'Perlu pendampingan guru secara lebih intensif.', '2026-02-19 08:57:01', NULL, NULL),
(2103, 2103, 'Sudah cukup bagus, tingkatkan jumlah surah hafalan.', '2026-02-26 08:57:01', NULL, NULL),
(2104, 2104, 'Jumlah hafalan masih sedikit, tingkatkan intensitas belajar.', '2026-03-05 08:57:01', NULL, NULL),
(2105, 2105, 'Sangat bagus! Tajwid memuaskan, kelancaran terjaga.', '2025-07-31 08:57:01', NULL, NULL),
(2106, 2106, 'Perlu perbaikan mendasar pada tajwid dan kelancaran.', '2025-08-07 08:57:01', NULL, NULL),
(2107, 2107, 'Prestasi luar biasa! Konsistensi hafalan sangat membanggakan.', '2025-08-14 08:57:01', NULL, NULL),
(2108, 2108, 'Perlu pendampingan guru secara lebih intensif.', '2025-08-21 08:57:01', NULL, NULL),
(2109, 2109, 'Bacaan cukup baik, perlu sedikit perbaikan di tajwid.', '2025-08-28 08:57:01', NULL, NULL),
(2110, 2110, 'Fashohah sudah lumayan, latih konsistensi bacaan.', '2025-09-04 08:57:01', NULL, NULL),
(2111, 2111, 'Prestasi luar biasa! Konsistensi hafalan sangat membanggakan.', '2025-09-11 08:57:01', NULL, NULL),
(2112, 2112, 'Perlu pendampingan guru secara lebih intensif.', '2025-09-18 08:57:01', NULL, NULL),
(2113, 2113, 'Sangat bagus! Tajwid memuaskan, kelancaran terjaga.', '2025-09-25 08:57:01', NULL, NULL),
(2114, 2114, 'Prestasi luar biasa! Konsistensi hafalan sangat membanggakan.', '2025-10-02 08:57:01', NULL, NULL),
(2115, 2115, 'Bacaan cukup baik, perlu sedikit perbaikan di tajwid.', '2025-10-09 08:57:01', NULL, NULL),
(2116, 2116, 'Sudah cukup bagus, tingkatkan jumlah surah hafalan.', '2025-10-16 08:57:01', NULL, NULL),
(2117, 2117, 'Ada kemajuan, pertahankan dan tingkatkan kualitasnya.', '2025-10-23 08:57:01', NULL, NULL),
(2118, 2118, 'Perlu pendampingan guru secara lebih intensif.', '2025-10-30 08:57:01', NULL, NULL),
(2119, 2119, 'Hafalan lancar dan fasih, terus pertahankan semangat!', '2025-11-06 08:57:01', NULL, NULL),
(2120, 2120, 'Ada kemajuan, pertahankan dan tingkatkan kualitasnya.', '2025-11-13 08:57:01', NULL, NULL),
(2121, 2121, 'Perlu perbaikan mendasar pada tajwid dan kelancaran.', '2025-11-20 08:57:01', NULL, NULL),
(2122, 2122, 'Bacaan masih terbata-bata, mohon lebih rajin berlatih.', '2025-11-27 08:57:01', NULL, NULL),
(2123, 2123, 'Masih perlu banyak latihan, hafalan belum begitu lancar.', '2025-12-04 08:57:01', NULL, NULL),
(2124, 2124, 'Sangat bagus! Tajwid memuaskan, kelancaran terjaga.', '2025-12-11 08:57:01', NULL, NULL),
(2125, 2125, 'Bacaan cukup baik, perlu sedikit perbaikan di tajwid.', '2025-12-18 08:57:01', NULL, NULL),
(2126, 2126, 'Sangat bagus! Tajwid memuaskan, kelancaran terjaga.', '2025-12-25 08:57:01', NULL, NULL),
(2127, 2127, 'Prestasi luar biasa! Konsistensi hafalan sangat membanggakan.', '2026-01-01 08:57:01', NULL, NULL),
(2128, 2128, 'Masih perlu banyak latihan, hafalan belum begitu lancar.', '2026-01-08 08:57:01', NULL, NULL),
(2129, 2129, 'Bacaan cukup baik, perlu sedikit perbaikan di tajwid.', '2026-01-15 08:57:01', NULL, NULL),
(2130, 2130, 'Masih perlu banyak latihan, hafalan belum begitu lancar.', '2026-01-22 08:57:01', NULL, NULL),
(2131, 2131, 'Bacaan masih terbata-bata, mohon lebih rajin berlatih.', '2025-07-31 08:57:01', NULL, NULL),
(2132, 2132, 'Perlu pendampingan guru secara lebih intensif.', '2025-08-07 08:57:01', NULL, NULL),
(2133, 2133, 'Sangat bagus! Tajwid memuaskan, kelancaran terjaga.', '2025-08-14 08:57:01', NULL, NULL),
(2134, 2134, 'Hafalan lancar dan fasih, terus pertahankan semangat!', '2025-08-21 08:57:01', NULL, NULL),
(2135, 2135, 'Bacaan sangat baik, makhraj sudah tepat!', '2025-08-28 08:57:01', NULL, NULL),
(2136, 2136, 'Masih perlu banyak latihan, hafalan belum begitu lancar.', '2025-09-04 08:57:01', NULL, NULL),
(2137, 2137, 'Fashohah sudah lumayan, latih konsistensi bacaan.', '2025-09-11 08:57:01', NULL, NULL),
(2138, 2138, 'Perlu pendampingan guru secara lebih intensif.', '2025-09-18 08:57:01', NULL, NULL),
(2139, 2139, 'Bacaan sangat baik, makhraj sudah tepat!', '2025-09-25 08:57:01', NULL, NULL),
(2140, 2140, 'Makhraj huruf sudah sangat tepat, kualitas bacaan excellent.', '2025-10-02 08:57:01', NULL, NULL),
(2141, 2141, 'Perlu perbaikan mendasar pada tajwid dan kelancaran.', '2025-10-09 08:57:01', NULL, NULL),
(2142, 2142, 'Fashohah sudah lumayan, latih konsistensi bacaan.', '2025-10-16 08:57:01', NULL, NULL),
(2143, 2143, 'Masih perlu banyak latihan, hafalan belum begitu lancar.', '2025-10-23 08:57:01', NULL, NULL),
(2144, 2144, 'Bacaan cukup baik, perlu sedikit perbaikan di tajwid.', '2025-10-30 08:57:01', NULL, NULL),
(2145, 2145, 'Masih perlu banyak latihan, hafalan belum begitu lancar.', '2025-11-06 08:57:01', NULL, NULL),
(2146, 2146, 'Ada kemajuan, pertahankan dan tingkatkan kualitasnya.', '2025-11-13 08:57:01', NULL, NULL),
(2147, 2147, 'Masih perlu banyak latihan, hafalan belum begitu lancar.', '2025-11-20 08:57:01', NULL, NULL),
(2148, 2148, 'Bacaan sangat baik, makhraj sudah tepat!', '2025-11-27 08:57:01', NULL, NULL),
(2149, 2149, 'Jumlah hafalan masih sedikit, tingkatkan intensitas belajar.', '2025-12-04 08:57:01', NULL, NULL),
(2150, 2150, 'Ada kemajuan, pertahankan dan tingkatkan kualitasnya.', '2025-12-11 08:57:01', NULL, NULL),
(2151, 2151, 'Prestasi luar biasa! Konsistensi hafalan sangat membanggakan.', '2025-12-18 08:57:01', NULL, NULL),
(2152, 2152, 'Masih perlu banyak latihan, hafalan belum begitu lancar.', '2025-12-25 08:57:01', NULL, NULL),
(2153, 2153, 'Perlu perbaikan mendasar pada tajwid dan kelancaran.', '2026-01-01 08:57:01', NULL, NULL),
(2154, 2154, 'Jumlah hafalan masih sedikit, tingkatkan intensitas belajar.', '2026-01-08 08:57:01', NULL, NULL),
(2155, 2155, 'Jumlah hafalan masih sedikit, tingkatkan intensitas belajar.', '2026-01-15 08:57:01', NULL, NULL),
(2156, 2156, 'Hafalan lancar dan fasih, terus pertahankan semangat!', '2026-01-22 08:57:01', NULL, NULL),
(2157, 2157, 'Sangat bagus! Tajwid memuaskan, kelancaran terjaga.', '2026-01-29 08:57:01', NULL, NULL),
(2158, 2158, 'Makhraj huruf sudah sangat tepat, kualitas bacaan excellent.', '2026-02-05 08:57:01', NULL, NULL),
(2159, 2159, 'Sudah cukup bagus, tingkatkan jumlah surah hafalan.', '2026-02-12 08:57:01', NULL, NULL),
(2160, 2160, 'Ada kemajuan, pertahankan dan tingkatkan kualitasnya.', '2026-02-19 08:57:01', NULL, NULL),
(2161, 2161, 'Fashohah sudah lumayan, latih konsistensi bacaan.', '2026-02-26 08:57:01', NULL, NULL),
(2162, 2162, 'Bacaan sangat baik, makhraj sudah tepat!', '2026-03-05 08:57:01', NULL, NULL),
(2163, 2163, 'Hafalan lancar dan fasih, terus pertahankan semangat!', '2025-07-31 08:57:02', NULL, NULL),
(2164, 2164, 'Prestasi luar biasa! Konsistensi hafalan sangat membanggakan.', '2025-08-07 08:57:02', NULL, NULL),
(2165, 2165, 'Hafalan lancar dan fasih, terus pertahankan semangat!', '2025-08-14 08:57:02', NULL, NULL),
(2166, 2166, 'Perlu perbaikan mendasar pada tajwid dan kelancaran.', '2025-08-21 08:57:02', NULL, NULL),
(2167, 2167, 'Masih perlu banyak latihan, hafalan belum begitu lancar.', '2025-08-28 08:57:02', NULL, NULL),
(2168, 2168, 'Prestasi luar biasa! Konsistensi hafalan sangat membanggakan.', '2025-09-04 08:57:02', NULL, NULL),
(2169, 2169, 'Fashohah sudah lumayan, latih konsistensi bacaan.', '2025-09-11 08:57:02', NULL, NULL),
(2170, 2170, 'Sudah cukup bagus, tingkatkan jumlah surah hafalan.', '2025-09-18 08:57:02', NULL, NULL),
(2171, 2171, 'Bacaan cukup baik, perlu sedikit perbaikan di tajwid.', '2025-09-25 08:57:02', NULL, NULL),
(2172, 2172, 'Hafalan lancar dan fasih, terus pertahankan semangat!', '2025-10-02 08:57:02', NULL, NULL),
(2173, 2173, 'Masih perlu banyak latihan, hafalan belum begitu lancar.', '2025-10-09 08:57:02', NULL, NULL),
(2174, 2174, 'Bacaan cukup baik, perlu sedikit perbaikan di tajwid.', '2025-10-16 08:57:02', NULL, NULL),
(2175, 2175, 'Prestasi luar biasa! Konsistensi hafalan sangat membanggakan.', '2025-10-23 08:57:02', NULL, NULL),
(2176, 2176, 'Sangat bagus! Tajwid memuaskan, kelancaran terjaga.', '2025-10-30 08:57:02', NULL, NULL),
(2177, 2177, 'Hafalan lancar dan fasih, terus pertahankan semangat!', '2025-11-06 08:57:02', NULL, NULL),
(2178, 2178, 'Sangat bagus! Tajwid memuaskan, kelancaran terjaga.', '2025-11-13 08:57:02', NULL, NULL),
(2179, 2179, 'Bacaan cukup baik, perlu sedikit perbaikan di tajwid.', '2025-11-20 08:57:02', NULL, NULL),
(2180, 2180, 'Prestasi luar biasa! Konsistensi hafalan sangat membanggakan.', '2025-11-27 08:57:02', NULL, NULL),
(2181, 2181, 'Perlu pendampingan guru secara lebih intensif.', '2025-12-04 08:57:02', NULL, NULL),
(2182, 2182, 'Masih perlu banyak latihan, hafalan belum begitu lancar.', '2025-12-11 08:57:02', NULL, NULL),
(2183, 2183, 'Jumlah hafalan masih sedikit, tingkatkan intensitas belajar.', '2025-12-18 08:57:02', NULL, NULL),
(2184, 2184, 'Masih perlu banyak latihan, hafalan belum begitu lancar.', '2025-12-25 08:57:02', NULL, NULL),
(2185, 2185, 'Sangat bagus! Tajwid memuaskan, kelancaran terjaga.', '2026-01-01 08:57:02', NULL, NULL),
(2186, 2186, 'Hafalan lancar dan fasih, terus pertahankan semangat!', '2026-01-08 08:57:02', NULL, NULL),
(2187, 2187, 'Fashohah sudah lumayan, latih konsistensi bacaan.', '2026-01-15 08:57:02', NULL, NULL),
(2188, 2188, 'Fashohah sudah lumayan, latih konsistensi bacaan.', '2026-01-22 08:57:02', NULL, NULL),
(2189, 2189, 'Hafalan lancar dan fasih, terus pertahankan semangat!', '2026-01-29 08:57:02', NULL, NULL),
(2190, 2190, 'Sangat bagus! Tajwid memuaskan, kelancaran terjaga.', '2026-02-05 08:57:02', NULL, NULL),
(2191, 2191, 'Bacaan sangat baik, makhraj sudah tepat!', '2026-02-12 08:57:02', NULL, NULL),
(2192, 2192, 'Perlu pendampingan guru secara lebih intensif.', '2026-02-19 08:57:02', NULL, NULL),
(2193, 2193, 'Perlu pendampingan guru secara lebih intensif.', '2026-02-26 08:57:02', NULL, NULL),
(2194, 2194, 'Sudah cukup bagus, tingkatkan jumlah surah hafalan.', '2026-03-05 08:57:02', NULL, NULL),
(2195, 2195, 'Bacaan sangat baik, makhraj sudah tepat!', '2025-07-31 08:57:02', NULL, NULL),
(2196, 2196, 'Fashohah sudah lumayan, latih konsistensi bacaan.', '2025-08-07 08:57:02', NULL, NULL),
(2197, 2197, 'Bacaan sangat baik, makhraj sudah tepat!', '2025-08-14 08:57:02', NULL, NULL),
(2198, 2198, 'Bacaan masih terbata-bata, mohon lebih rajin berlatih.', '2025-08-21 08:57:02', NULL, NULL),
(2199, 2199, 'Perlu pendampingan guru secara lebih intensif.', '2025-08-28 08:57:02', NULL, NULL),
(2200, 2200, 'Hafalan lancar dan fasih, terus pertahankan semangat!', '2025-09-04 08:57:02', NULL, NULL),
(2201, 2201, 'Sangat bagus! Tajwid memuaskan, kelancaran terjaga.', '2025-09-11 08:57:02', NULL, NULL),
(2202, 2202, 'Fashohah sudah lumayan, latih konsistensi bacaan.', '2025-09-18 08:57:02', NULL, NULL),
(2203, 2203, 'Bacaan sangat baik, makhraj sudah tepat!', '2025-09-25 08:57:02', NULL, NULL),
(2204, 2204, 'Sangat bagus! Tajwid memuaskan, kelancaran terjaga.', '2025-10-02 08:57:02', NULL, NULL),
(2205, 2205, 'Sangat bagus! Tajwid memuaskan, kelancaran terjaga.', '2025-10-09 08:57:02', NULL, NULL),
(2206, 2206, 'Ada kemajuan, pertahankan dan tingkatkan kualitasnya.', '2025-10-16 08:57:02', NULL, NULL),
(2207, 2207, 'Perlu perbaikan mendasar pada tajwid dan kelancaran.', '2025-10-23 08:57:02', NULL, NULL),
(2208, 2208, 'Hafalan lancar dan fasih, terus pertahankan semangat!', '2025-10-30 08:57:02', NULL, NULL),
(2209, 2209, 'Makhraj huruf sudah sangat tepat, kualitas bacaan excellent.', '2025-11-06 08:57:02', NULL, NULL),
(2210, 2210, 'Bacaan cukup baik, perlu sedikit perbaikan di tajwid.', '2025-11-13 08:57:02', NULL, NULL),
(2211, 2211, 'Jumlah hafalan masih sedikit, tingkatkan intensitas belajar.', '2025-11-20 08:57:02', NULL, NULL),
(2212, 2212, 'Prestasi luar biasa! Konsistensi hafalan sangat membanggakan.', '2025-11-27 08:57:02', NULL, NULL),
(2213, 2213, 'Fashohah sudah lumayan, latih konsistensi bacaan.', '2025-12-04 08:57:02', NULL, NULL),
(2214, 2214, 'Makhraj huruf sudah sangat tepat, kualitas bacaan excellent.', '2025-12-11 08:57:02', NULL, NULL),
(2215, 2215, 'Kelancaran baik, fokus perbaikan panjang-pendek (mad).', '2025-12-18 08:57:02', NULL, NULL),
(2216, 2216, 'Bacaan sangat baik, makhraj sudah tepat!', '2025-12-25 08:57:02', NULL, NULL),
(2217, 2217, 'Kelancaran baik, fokus perbaikan panjang-pendek (mad).', '2026-01-01 08:57:02', NULL, NULL),
(2218, 2218, 'Perlu perbaikan mendasar pada tajwid dan kelancaran.', '2026-01-08 08:57:02', NULL, NULL),
(2219, 2219, 'Makhraj huruf sudah sangat tepat, kualitas bacaan excellent.', '2026-01-15 08:57:02', NULL, NULL),
(2220, 2220, 'Prestasi luar biasa! Konsistensi hafalan sangat membanggakan.', '2026-01-22 08:57:02', NULL, NULL),
(2221, 2221, 'Sudah cukup bagus, tingkatkan jumlah surah hafalan.', '2026-01-29 08:57:02', NULL, NULL),
(2222, 2222, 'Sudah cukup bagus, tingkatkan jumlah surah hafalan.', '2026-02-05 08:57:02', NULL, NULL),
(2223, 2223, 'Bacaan sangat baik, makhraj sudah tepat!', '2026-02-12 08:57:02', NULL, NULL),
(2224, 2224, 'Kelancaran baik, fokus perbaikan panjang-pendek (mad).', '2026-02-19 08:57:02', NULL, NULL),
(2225, 2225, 'Bacaan cukup baik, perlu sedikit perbaikan di tajwid.', '2026-02-26 08:57:02', NULL, NULL),
(2226, 2226, 'Perlu pendampingan guru secara lebih intensif.', '2026-03-05 08:57:02', NULL, NULL),
(2227, 2227, 'Hafalan lancar dan fasih, terus pertahankan semangat!', '2025-07-31 08:57:03', NULL, NULL),
(2228, 2228, 'Perlu perbaikan mendasar pada tajwid dan kelancaran.', '2025-08-07 08:57:03', NULL, NULL),
(2229, 2229, 'Hafalan lancar dan fasih, terus pertahankan semangat!', '2025-08-14 08:57:03', NULL, NULL),
(2230, 2230, 'Sangat bagus! Tajwid memuaskan, kelancaran terjaga.', '2025-08-21 08:57:03', NULL, NULL),
(2231, 2231, 'Ada kemajuan, pertahankan dan tingkatkan kualitasnya.', '2025-08-28 08:57:03', NULL, NULL),
(2232, 2232, 'Perlu pendampingan guru secara lebih intensif.', '2025-09-04 08:57:03', NULL, NULL),
(2233, 2233, 'Sangat bagus! Tajwid memuaskan, kelancaran terjaga.', '2025-09-11 08:57:03', NULL, NULL),
(2234, 2234, 'Bacaan masih terbata-bata, mohon lebih rajin berlatih.', '2025-09-18 08:57:03', NULL, NULL),
(2235, 2235, 'Bacaan cukup baik, perlu sedikit perbaikan di tajwid.', '2025-09-25 08:57:03', NULL, NULL),
(2236, 2236, 'Bacaan masih terbata-bata, mohon lebih rajin berlatih.', '2025-10-02 08:57:03', NULL, NULL),
(2237, 2237, 'Bacaan cukup baik, perlu sedikit perbaikan di tajwid.', '2025-10-09 08:57:03', NULL, NULL),
(2238, 2238, 'Bacaan masih terbata-bata, mohon lebih rajin berlatih.', '2025-10-16 08:57:03', NULL, NULL);
INSERT INTO `tb_nilai_evaluasi` (`id`, `id_hafalan`, `catatan_guru`, `tanggal_evaluasi`, `created_at`, `updated_at`) VALUES
(2239, 2239, 'Jumlah hafalan masih sedikit, tingkatkan intensitas belajar.', '2025-10-23 08:57:03', NULL, NULL),
(2240, 2240, 'Kelancaran baik, fokus perbaikan panjang-pendek (mad).', '2025-10-30 08:57:03', NULL, NULL),
(2241, 2241, 'Bacaan sangat baik, makhraj sudah tepat!', '2025-11-06 08:57:03', NULL, NULL),
(2242, 2242, 'Perlu perbaikan mendasar pada tajwid dan kelancaran.', '2025-11-13 08:57:03', NULL, NULL),
(2243, 2243, 'Bacaan cukup baik, perlu sedikit perbaikan di tajwid.', '2025-11-20 08:57:03', NULL, NULL),
(2244, 2244, 'Makhraj huruf sudah sangat tepat, kualitas bacaan excellent.', '2025-11-27 08:57:03', NULL, NULL),
(2245, 2245, 'Sangat bagus! Tajwid memuaskan, kelancaran terjaga.', '2025-12-04 08:57:03', NULL, NULL),
(2246, 2246, 'Makhraj huruf sudah sangat tepat, kualitas bacaan excellent.', '2025-12-11 08:57:03', NULL, NULL),
(2247, 2247, 'Masih perlu banyak latihan, hafalan belum begitu lancar.', '2025-12-18 08:57:03', NULL, NULL),
(2248, 2248, 'Hafalan lancar dan fasih, terus pertahankan semangat!', '2025-12-25 08:57:03', NULL, NULL),
(2249, 2249, 'Sudah cukup bagus, tingkatkan jumlah surah hafalan.', '2026-01-01 08:57:03', NULL, NULL),
(2250, 2250, 'Perlu pendampingan guru secara lebih intensif.', '2026-01-08 08:57:03', NULL, NULL),
(2251, 2251, 'Jumlah hafalan masih sedikit, tingkatkan intensitas belajar.', '2026-01-15 08:57:03', NULL, NULL),
(2252, 2252, 'Bacaan cukup baik, perlu sedikit perbaikan di tajwid.', '2026-01-22 08:57:03', NULL, NULL),
(2253, 2253, 'Sangat bagus! Tajwid memuaskan, kelancaran terjaga.', '2026-01-29 08:57:03', NULL, NULL),
(2254, 2254, 'Fashohah sudah lumayan, latih konsistensi bacaan.', '2026-02-05 08:57:03', NULL, NULL),
(2255, 2255, 'Prestasi luar biasa! Konsistensi hafalan sangat membanggakan.', '2026-02-12 08:57:03', NULL, NULL),
(2256, 2256, 'Kelancaran baik, fokus perbaikan panjang-pendek (mad).', '2026-02-19 08:57:03', NULL, NULL),
(2257, 2257, 'Perlu pendampingan guru secara lebih intensif.', '2026-02-26 08:57:03', NULL, NULL),
(2258, 2258, 'Bacaan cukup baik, perlu sedikit perbaikan di tajwid.', '2026-03-05 08:57:03', NULL, NULL),
(2259, 2259, 'Bacaan cukup baik, perlu sedikit perbaikan di tajwid.', '2025-07-31 08:57:03', NULL, NULL),
(2260, 2260, 'Perlu pendampingan guru secara lebih intensif.', '2025-08-07 08:57:03', NULL, NULL),
(2261, 2261, 'Sudah cukup bagus, tingkatkan jumlah surah hafalan.', '2025-08-14 08:57:03', NULL, NULL),
(2262, 2262, 'Masih perlu banyak latihan, hafalan belum begitu lancar.', '2025-08-21 08:57:03', NULL, NULL),
(2263, 2263, 'Hafalan lancar dan fasih, terus pertahankan semangat!', '2025-08-28 08:57:03', NULL, NULL),
(2264, 2264, 'Masih perlu banyak latihan, hafalan belum begitu lancar.', '2025-09-04 08:57:03', NULL, NULL),
(2265, 2265, 'Perlu pendampingan guru secara lebih intensif.', '2025-09-11 08:57:03', NULL, NULL),
(2266, 2266, 'Sangat bagus! Tajwid memuaskan, kelancaran terjaga.', '2025-09-18 08:57:03', NULL, NULL),
(2267, 2267, 'Fashohah sudah lumayan, latih konsistensi bacaan.', '2025-09-25 08:57:03', NULL, NULL),
(2268, 2268, 'Sangat bagus! Tajwid memuaskan, kelancaran terjaga.', '2025-10-02 08:57:03', NULL, NULL),
(2269, 2269, 'Sangat bagus! Tajwid memuaskan, kelancaran terjaga.', '2025-10-09 08:57:03', NULL, NULL),
(2270, 2270, 'Bacaan sangat baik, makhraj sudah tepat!', '2025-10-16 08:57:03', NULL, NULL),
(2271, 2271, 'Fashohah sudah lumayan, latih konsistensi bacaan.', '2025-10-23 08:57:03', NULL, NULL),
(2272, 2272, 'Jumlah hafalan masih sedikit, tingkatkan intensitas belajar.', '2025-10-30 08:57:03', NULL, NULL),
(2273, 2273, 'Prestasi luar biasa! Konsistensi hafalan sangat membanggakan.', '2025-11-06 08:57:03', NULL, NULL),
(2274, 2274, 'Bacaan cukup baik, perlu sedikit perbaikan di tajwid.', '2025-11-13 08:57:03', NULL, NULL),
(2275, 2275, 'Bacaan sangat baik, makhraj sudah tepat!', '2025-11-20 08:57:03', NULL, NULL),
(2276, 2276, 'Ada kemajuan, pertahankan dan tingkatkan kualitasnya.', '2025-11-27 08:57:03', NULL, NULL),
(2277, 2277, 'Jumlah hafalan masih sedikit, tingkatkan intensitas belajar.', '2025-12-04 08:57:03', NULL, NULL),
(2278, 2278, 'Hafalan lancar dan fasih, terus pertahankan semangat!', '2025-12-11 08:57:03', NULL, NULL),
(2279, 2279, 'Makhraj huruf sudah sangat tepat, kualitas bacaan excellent.', '2025-12-18 08:57:03', NULL, NULL),
(2280, 2280, 'Ada kemajuan, pertahankan dan tingkatkan kualitasnya.', '2025-12-25 08:57:03', NULL, NULL),
(2281, 2281, 'Bacaan sangat baik, makhraj sudah tepat!', '2026-01-01 08:57:03', NULL, NULL),
(2282, 2282, 'Makhraj huruf sudah sangat tepat, kualitas bacaan excellent.', '2026-01-08 08:57:03', NULL, NULL),
(2283, 2283, 'Bacaan sangat baik, makhraj sudah tepat!', '2026-01-15 08:57:03', NULL, NULL),
(2284, 2284, 'Perlu pendampingan guru secara lebih intensif.', '2026-01-22 08:57:03', NULL, NULL),
(2285, 2285, 'Masih perlu banyak latihan, hafalan belum begitu lancar.', '2026-01-29 08:57:03', NULL, NULL),
(2286, 2286, 'Perlu pendampingan guru secara lebih intensif.', '2026-02-05 08:57:03', NULL, NULL),
(2287, 2287, 'Perlu perbaikan mendasar pada tajwid dan kelancaran.', '2026-02-12 08:57:03', NULL, NULL),
(2288, 2288, 'Fashohah sudah lumayan, latih konsistensi bacaan.', '2026-02-19 08:57:03', NULL, NULL),
(2289, 2289, 'Prestasi luar biasa! Konsistensi hafalan sangat membanggakan.', '2026-02-26 08:57:03', NULL, NULL),
(2290, 2290, 'Fashohah sudah lumayan, latih konsistensi bacaan.', '2026-03-05 08:57:03', NULL, NULL),
(2291, 2291, 'Bacaan sangat baik, makhraj sudah tepat!', '2025-07-31 08:57:03', NULL, NULL),
(2292, 2292, 'Perlu pendampingan guru secara lebih intensif.', '2025-08-07 08:57:03', NULL, NULL),
(2293, 2293, 'Kelancaran baik, fokus perbaikan panjang-pendek (mad).', '2025-08-14 08:57:03', NULL, NULL),
(2294, 2294, 'Bacaan masih terbata-bata, mohon lebih rajin berlatih.', '2025-08-21 08:57:03', NULL, NULL),
(2295, 2295, 'Sudah cukup bagus, tingkatkan jumlah surah hafalan.', '2025-08-28 08:57:03', NULL, NULL),
(2296, 2296, 'Sangat bagus! Tajwid memuaskan, kelancaran terjaga.', '2025-09-04 08:57:03', NULL, NULL),
(2297, 2297, 'Perlu perbaikan mendasar pada tajwid dan kelancaran.', '2025-09-11 08:57:03', NULL, NULL),
(2298, 2298, 'Masih perlu banyak latihan, hafalan belum begitu lancar.', '2025-09-18 08:57:03', NULL, NULL),
(2299, 2299, 'Perlu pendampingan guru secara lebih intensif.', '2025-09-25 08:57:03', NULL, NULL),
(2300, 2300, 'Bacaan sangat baik, makhraj sudah tepat!', '2025-10-02 08:57:03', NULL, NULL),
(2301, 2301, 'Makhraj huruf sudah sangat tepat, kualitas bacaan excellent.', '2025-10-09 08:57:03', NULL, NULL),
(2302, 2302, 'Sangat bagus! Tajwid memuaskan, kelancaran terjaga.', '2025-10-16 08:57:03', NULL, NULL),
(2303, 2303, 'Perlu pendampingan guru secara lebih intensif.', '2025-10-23 08:57:03', NULL, NULL),
(2304, 2304, 'Makhraj huruf sudah sangat tepat, kualitas bacaan excellent.', '2025-10-30 08:57:03', NULL, NULL),
(2305, 2305, 'Perlu pendampingan guru secara lebih intensif.', '2025-11-06 08:57:03', NULL, NULL),
(2306, 2306, 'Perlu perbaikan mendasar pada tajwid dan kelancaran.', '2025-11-13 08:57:03', NULL, NULL),
(2307, 2307, 'Sangat bagus! Tajwid memuaskan, kelancaran terjaga.', '2025-11-20 08:57:03', NULL, NULL),
(2308, 2308, 'Prestasi luar biasa! Konsistensi hafalan sangat membanggakan.', '2025-11-27 08:57:03', NULL, NULL),
(2309, 2309, 'Makhraj huruf sudah sangat tepat, kualitas bacaan excellent.', '2025-12-04 08:57:03', NULL, NULL),
(2310, 2310, 'Hafalan lancar dan fasih, terus pertahankan semangat!', '2025-12-11 08:57:03', NULL, NULL),
(2311, 2311, 'Makhraj huruf sudah sangat tepat, kualitas bacaan excellent.', '2025-12-18 08:57:03', NULL, NULL),
(2312, 2312, 'Bacaan sangat baik, makhraj sudah tepat!', '2025-12-25 08:57:03', NULL, NULL),
(2313, 2313, 'Fashohah sudah lumayan, latih konsistensi bacaan.', '2026-01-01 08:57:03', NULL, NULL),
(2314, 2314, 'Makhraj huruf sudah sangat tepat, kualitas bacaan excellent.', '2026-01-08 08:57:03', NULL, NULL),
(2315, 2315, 'Perlu perbaikan mendasar pada tajwid dan kelancaran.', '2026-01-15 08:57:03', NULL, NULL),
(2316, 2316, 'Bacaan masih terbata-bata, mohon lebih rajin berlatih.', '2025-07-31 08:57:04', NULL, NULL),
(2317, 2317, 'Sudah cukup bagus, tingkatkan jumlah surah hafalan.', '2025-08-07 08:57:04', NULL, NULL),
(2318, 2318, 'Prestasi luar biasa! Konsistensi hafalan sangat membanggakan.', '2025-08-14 08:57:04', NULL, NULL),
(2319, 2319, 'Fashohah sudah lumayan, latih konsistensi bacaan.', '2025-08-21 08:57:04', NULL, NULL),
(2320, 2320, 'Bacaan masih terbata-bata, mohon lebih rajin berlatih.', '2025-08-28 08:57:04', NULL, NULL),
(2321, 2321, 'Perlu pendampingan guru secara lebih intensif.', '2025-09-04 08:57:04', NULL, NULL),
(2322, 2322, 'Bacaan cukup baik, perlu sedikit perbaikan di tajwid.', '2025-09-11 08:57:04', NULL, NULL),
(2323, 2323, 'Bacaan cukup baik, perlu sedikit perbaikan di tajwid.', '2025-09-18 08:57:04', NULL, NULL),
(2324, 2324, 'Kelancaran baik, fokus perbaikan panjang-pendek (mad).', '2025-09-25 08:57:04', NULL, NULL),
(2325, 2325, 'Prestasi luar biasa! Konsistensi hafalan sangat membanggakan.', '2025-10-02 08:57:04', NULL, NULL),
(2326, 2326, 'Fashohah sudah lumayan, latih konsistensi bacaan.', '2025-10-09 08:57:04', NULL, NULL),
(2327, 2327, 'Bacaan masih terbata-bata, mohon lebih rajin berlatih.', '2025-10-16 08:57:04', NULL, NULL),
(2328, 2328, 'Sangat bagus! Tajwid memuaskan, kelancaran terjaga.', '2025-10-23 08:57:04', NULL, NULL),
(2329, 2329, 'Hafalan lancar dan fasih, terus pertahankan semangat!', '2025-10-30 08:57:04', NULL, NULL),
(2330, 2330, 'Bacaan sangat baik, makhraj sudah tepat!', '2025-11-06 08:57:04', NULL, NULL),
(2331, 2331, 'Perlu perbaikan mendasar pada tajwid dan kelancaran.', '2025-11-13 08:57:04', NULL, NULL),
(2332, 2332, 'Kelancaran baik, fokus perbaikan panjang-pendek (mad).', '2025-11-20 08:57:04', NULL, NULL),
(2333, 2333, 'Ada kemajuan, pertahankan dan tingkatkan kualitasnya.', '2025-11-27 08:57:04', NULL, NULL),
(2334, 2334, 'Masih perlu banyak latihan, hafalan belum begitu lancar.', '2025-12-04 08:57:04', NULL, NULL),
(2335, 2335, 'Prestasi luar biasa! Konsistensi hafalan sangat membanggakan.', '2025-12-11 08:57:04', NULL, NULL),
(2336, 2336, 'Hafalan lancar dan fasih, terus pertahankan semangat!', '2025-12-18 08:57:04', NULL, NULL),
(2337, 2337, 'Perlu perbaikan mendasar pada tajwid dan kelancaran.', '2025-12-25 08:57:04', NULL, NULL),
(2338, 2338, 'Perlu pendampingan guru secara lebih intensif.', '2026-01-01 08:57:04', NULL, NULL),
(2339, 2339, 'Makhraj huruf sudah sangat tepat, kualitas bacaan excellent.', '2026-01-08 08:57:04', NULL, NULL),
(2340, 2340, 'Perlu pendampingan guru secara lebih intensif.', '2026-01-15 08:57:04', NULL, NULL),
(2341, 2341, 'Bacaan cukup baik, perlu sedikit perbaikan di tajwid.', '2026-01-22 08:57:04', NULL, NULL),
(2342, 2342, 'Bacaan masih terbata-bata, mohon lebih rajin berlatih.', '2026-01-29 08:57:04', NULL, NULL),
(2343, 2343, 'Prestasi luar biasa! Konsistensi hafalan sangat membanggakan.', '2026-02-05 08:57:04', NULL, NULL),
(2344, 2344, 'Prestasi luar biasa! Konsistensi hafalan sangat membanggakan.', '2026-02-12 08:57:04', NULL, NULL),
(2345, 2345, 'Sangat bagus! Tajwid memuaskan, kelancaran terjaga.', '2026-02-19 08:57:04', NULL, NULL),
(2346, 2346, 'Hafalan lancar dan fasih, terus pertahankan semangat!', '2026-02-26 08:57:04', NULL, NULL),
(2347, 2347, 'Sangat bagus! Tajwid memuaskan, kelancaran terjaga.', '2026-03-05 08:57:04', NULL, NULL),
(2348, 2348, 'Sangat bagus! Tajwid memuaskan, kelancaran terjaga.', '2025-07-31 08:57:04', NULL, NULL),
(2349, 2349, 'Fashohah sudah lumayan, latih konsistensi bacaan.', '2025-08-07 08:57:04', NULL, NULL),
(2350, 2350, 'Hafalan lancar dan fasih, terus pertahankan semangat!', '2025-08-14 08:57:04', NULL, NULL),
(2351, 2351, 'Prestasi luar biasa! Konsistensi hafalan sangat membanggakan.', '2025-08-21 08:57:04', NULL, NULL),
(2352, 2352, 'Bacaan sangat baik, makhraj sudah tepat!', '2025-08-28 08:57:04', NULL, NULL),
(2353, 2353, 'Prestasi luar biasa! Konsistensi hafalan sangat membanggakan.', '2025-09-04 08:57:04', NULL, NULL),
(2354, 2354, 'Masih perlu banyak latihan, hafalan belum begitu lancar.', '2025-09-11 08:57:04', NULL, NULL),
(2355, 2355, 'Fashohah sudah lumayan, latih konsistensi bacaan.', '2025-09-18 08:57:04', NULL, NULL),
(2356, 2356, 'Ada kemajuan, pertahankan dan tingkatkan kualitasnya.', '2025-09-25 08:57:04', NULL, NULL),
(2357, 2357, 'Bacaan cukup baik, perlu sedikit perbaikan di tajwid.', '2025-10-02 08:57:04', NULL, NULL),
(2358, 2358, 'Hafalan lancar dan fasih, terus pertahankan semangat!', '2025-10-09 08:57:04', NULL, NULL),
(2359, 2359, 'Sangat bagus! Tajwid memuaskan, kelancaran terjaga.', '2025-10-16 08:57:04', NULL, NULL),
(2360, 2360, 'Bacaan sangat baik, makhraj sudah tepat!', '2025-10-23 08:57:04', NULL, NULL),
(2361, 2361, 'Bacaan cukup baik, perlu sedikit perbaikan di tajwid.', '2025-10-30 08:57:04', NULL, NULL),
(2362, 2362, 'Makhraj huruf sudah sangat tepat, kualitas bacaan excellent.', '2025-11-06 08:57:04', NULL, NULL),
(2363, 2363, 'Fashohah sudah lumayan, latih konsistensi bacaan.', '2025-11-13 08:57:04', NULL, NULL),
(2364, 2364, 'Masih perlu banyak latihan, hafalan belum begitu lancar.', '2025-11-20 08:57:04', NULL, NULL),
(2365, 2365, 'Masih perlu banyak latihan, hafalan belum begitu lancar.', '2025-11-27 08:57:04', NULL, NULL),
(2366, 2366, 'Jumlah hafalan masih sedikit, tingkatkan intensitas belajar.', '2025-12-04 08:57:04', NULL, NULL),
(2367, 2367, 'Prestasi luar biasa! Konsistensi hafalan sangat membanggakan.', '2025-12-11 08:57:04', NULL, NULL),
(2368, 2368, 'Bacaan sangat baik, makhraj sudah tepat!', '2025-12-18 08:57:04', NULL, NULL),
(2369, 2369, 'Masih perlu banyak latihan, hafalan belum begitu lancar.', '2025-12-25 08:57:04', NULL, NULL),
(2370, 2370, 'Bacaan sangat baik, makhraj sudah tepat!', '2026-01-01 08:57:04', NULL, NULL),
(2371, 2371, 'Perlu pendampingan guru secara lebih intensif.', '2026-01-08 08:57:04', NULL, NULL),
(2372, 2372, 'Makhraj huruf sudah sangat tepat, kualitas bacaan excellent.', '2026-01-15 08:57:04', NULL, NULL),
(2373, 2373, 'Kelancaran baik, fokus perbaikan panjang-pendek (mad).', '2026-01-22 08:57:04', NULL, NULL),
(2374, 2374, 'Sangat bagus! Tajwid memuaskan, kelancaran terjaga.', '2026-01-29 08:57:04', NULL, NULL),
(2375, 2375, 'Makhraj huruf sudah sangat tepat, kualitas bacaan excellent.', '2026-02-05 08:57:04', NULL, NULL),
(2376, 2376, 'Bacaan masih terbata-bata, mohon lebih rajin berlatih.', '2026-02-12 08:57:04', NULL, NULL),
(2377, 2377, 'Makhraj huruf sudah sangat tepat, kualitas bacaan excellent.', '2026-02-19 08:57:04', NULL, NULL),
(2378, 2378, 'Bacaan sangat baik, makhraj sudah tepat!', '2026-02-26 08:57:04', NULL, NULL),
(2379, 2379, 'Masih perlu banyak latihan, hafalan belum begitu lancar.', '2026-03-05 08:57:04', NULL, NULL),
(2380, 2380, 'Perlu pendampingan guru secara lebih intensif.', '2025-07-31 08:57:10', NULL, NULL),
(2381, 2381, 'Sangat bagus! Tajwid memuaskan, kelancaran terjaga.', '2025-08-07 08:57:10', NULL, NULL),
(2382, 2382, 'Jumlah hafalan masih sedikit, tingkatkan intensitas belajar.', '2025-08-14 08:57:10', NULL, NULL),
(2383, 2383, 'Ada kemajuan, pertahankan dan tingkatkan kualitasnya.', '2025-08-21 08:57:10', NULL, NULL),
(2384, 2384, 'Hafalan lancar dan fasih, terus pertahankan semangat!', '2025-08-28 08:57:10', NULL, NULL),
(2385, 2385, 'Bacaan masih terbata-bata, mohon lebih rajin berlatih.', '2025-09-04 08:57:10', NULL, NULL),
(2386, 2386, 'Prestasi luar biasa! Konsistensi hafalan sangat membanggakan.', '2025-09-11 08:57:10', NULL, NULL),
(2387, 2387, 'Perlu perbaikan mendasar pada tajwid dan kelancaran.', '2025-09-18 08:57:10', NULL, NULL),
(2388, 2388, 'Bacaan masih terbata-bata, mohon lebih rajin berlatih.', '2025-09-25 08:57:10', NULL, NULL),
(2389, 2389, 'Perlu pendampingan guru secara lebih intensif.', '2025-10-02 08:57:10', NULL, NULL),
(2390, 2390, 'Ada kemajuan, pertahankan dan tingkatkan kualitasnya.', '2025-10-09 08:57:10', NULL, NULL),
(2391, 2391, 'Perlu perbaikan mendasar pada tajwid dan kelancaran.', '2025-10-16 08:57:10', NULL, NULL),
(2392, 2392, 'Ada kemajuan, pertahankan dan tingkatkan kualitasnya.', '2025-10-23 08:57:10', NULL, NULL),
(2393, 2393, 'Sangat bagus! Tajwid memuaskan, kelancaran terjaga.', '2025-10-30 08:57:10', NULL, NULL),
(2394, 2394, 'Kelancaran baik, fokus perbaikan panjang-pendek (mad).', '2025-11-06 08:57:10', NULL, NULL),
(2395, 2395, 'Makhraj huruf sudah sangat tepat, kualitas bacaan excellent.', '2025-11-13 08:57:10', NULL, NULL),
(2396, 2396, 'Sudah cukup bagus, tingkatkan jumlah surah hafalan.', '2025-11-20 08:57:10', NULL, NULL),
(2397, 2397, 'Kelancaran baik, fokus perbaikan panjang-pendek (mad).', '2025-11-27 08:57:10', NULL, NULL),
(2398, 2398, 'Perlu pendampingan guru secara lebih intensif.', '2025-12-04 08:57:10', NULL, NULL),
(2399, 2399, 'Ada kemajuan, pertahankan dan tingkatkan kualitasnya.', '2025-12-11 08:57:10', NULL, NULL),
(2400, 2400, 'Bacaan cukup baik, perlu sedikit perbaikan di tajwid.', '2025-12-18 08:57:10', NULL, NULL),
(2401, 2401, 'Bacaan masih terbata-bata, mohon lebih rajin berlatih.', '2025-12-25 08:57:10', NULL, NULL),
(2402, 2402, 'Fashohah sudah lumayan, latih konsistensi bacaan.', '2026-01-01 08:57:10', NULL, NULL),
(2403, 2403, 'Kelancaran baik, fokus perbaikan panjang-pendek (mad).', '2026-01-08 08:57:10', NULL, NULL),
(2404, 2404, 'Sangat bagus! Tajwid memuaskan, kelancaran terjaga.', '2026-01-15 08:57:10', NULL, NULL),
(2405, 2405, 'Hafalan lancar dan fasih, terus pertahankan semangat!', '2026-01-22 08:57:10', NULL, NULL),
(2406, 2406, 'Bacaan sangat baik, makhraj sudah tepat!', '2026-01-29 08:57:10', NULL, NULL),
(2407, 2407, 'Hafalan lancar dan fasih, terus pertahankan semangat!', '2026-02-05 08:57:10', NULL, NULL),
(2408, 2408, 'Fashohah sudah lumayan, latih konsistensi bacaan.', '2026-02-12 08:57:10', NULL, NULL),
(2409, 2409, 'Prestasi luar biasa! Konsistensi hafalan sangat membanggakan.', '2026-02-19 08:57:10', NULL, NULL),
(2410, 2410, 'Bacaan sangat baik, makhraj sudah tepat!', '2026-02-26 08:57:10', NULL, NULL),
(2411, 2411, 'Perlu perbaikan mendasar pada tajwid dan kelancaran.', '2026-03-05 08:57:10', NULL, NULL),
(2412, 2412, 'Jumlah hafalan masih sedikit, tingkatkan intensitas belajar.', '2025-07-31 08:57:10', NULL, NULL),
(2413, 2413, 'Bacaan masih terbata-bata, mohon lebih rajin berlatih.', '2025-08-07 08:57:10', NULL, NULL),
(2414, 2414, 'Prestasi luar biasa! Konsistensi hafalan sangat membanggakan.', '2025-08-14 08:57:10', NULL, NULL),
(2415, 2415, 'Jumlah hafalan masih sedikit, tingkatkan intensitas belajar.', '2025-08-21 08:57:10', NULL, NULL),
(2416, 2416, 'Fashohah sudah lumayan, latih konsistensi bacaan.', '2025-08-28 08:57:10', NULL, NULL),
(2417, 2417, 'Makhraj huruf sudah sangat tepat, kualitas bacaan excellent.', '2025-09-04 08:57:10', NULL, NULL),
(2418, 2418, 'Bacaan cukup baik, perlu sedikit perbaikan di tajwid.', '2025-09-11 08:57:10', NULL, NULL),
(2419, 2419, 'Bacaan sangat baik, makhraj sudah tepat!', '2025-09-18 08:57:10', NULL, NULL),
(2420, 2420, 'Makhraj huruf sudah sangat tepat, kualitas bacaan excellent.', '2025-09-25 08:57:10', NULL, NULL),
(2421, 2421, 'Perlu pendampingan guru secara lebih intensif.', '2025-10-02 08:57:10', NULL, NULL),
(2422, 2422, 'Prestasi luar biasa! Konsistensi hafalan sangat membanggakan.', '2025-10-09 08:57:10', NULL, NULL),
(2423, 2423, 'Hafalan lancar dan fasih, terus pertahankan semangat!', '2025-10-16 08:57:10', NULL, NULL),
(2424, 2424, 'Sudah cukup bagus, tingkatkan jumlah surah hafalan.', '2025-10-23 08:57:10', NULL, NULL),
(2425, 2425, 'Masih perlu banyak latihan, hafalan belum begitu lancar.', '2025-10-30 08:57:10', NULL, NULL),
(2426, 2426, 'Sangat bagus! Tajwid memuaskan, kelancaran terjaga.', '2025-11-06 08:57:10', NULL, NULL),
(2427, 2427, 'Makhraj huruf sudah sangat tepat, kualitas bacaan excellent.', '2025-11-13 08:57:10', NULL, NULL),
(2428, 2428, 'Sudah cukup bagus, tingkatkan jumlah surah hafalan.', '2025-11-20 08:57:10', NULL, NULL),
(2429, 2429, 'Hafalan lancar dan fasih, terus pertahankan semangat!', '2025-11-27 08:57:10', NULL, NULL),
(2430, 2430, 'Jumlah hafalan masih sedikit, tingkatkan intensitas belajar.', '2025-12-04 08:57:10', NULL, NULL),
(2431, 2431, 'Jumlah hafalan masih sedikit, tingkatkan intensitas belajar.', '2025-12-11 08:57:10', NULL, NULL),
(2432, 2432, 'Bacaan masih terbata-bata, mohon lebih rajin berlatih.', '2025-12-18 08:57:10', NULL, NULL),
(2433, 2433, 'Sangat bagus! Tajwid memuaskan, kelancaran terjaga.', '2025-12-25 08:57:10', NULL, NULL),
(2434, 2434, 'Kelancaran baik, fokus perbaikan panjang-pendek (mad).', '2026-01-01 08:57:10', NULL, NULL),
(2435, 2435, 'Perlu perbaikan mendasar pada tajwid dan kelancaran.', '2026-01-08 08:57:10', NULL, NULL),
(2436, 2436, 'Prestasi luar biasa! Konsistensi hafalan sangat membanggakan.', '2026-01-15 08:57:10', NULL, NULL),
(2437, 2437, 'Hafalan lancar dan fasih, terus pertahankan semangat!', '2026-01-22 08:57:10', NULL, NULL),
(2438, 2438, 'Kelancaran baik, fokus perbaikan panjang-pendek (mad).', '2026-01-29 08:57:10', NULL, NULL),
(2439, 2439, 'Sudah cukup bagus, tingkatkan jumlah surah hafalan.', '2026-02-05 08:57:10', NULL, NULL),
(2440, 2440, 'Ada kemajuan, pertahankan dan tingkatkan kualitasnya.', '2026-02-12 08:57:10', NULL, NULL),
(2441, 2441, 'Bacaan masih terbata-bata, mohon lebih rajin berlatih.', '2026-02-19 08:57:10', NULL, NULL),
(2442, 2442, 'Prestasi luar biasa! Konsistensi hafalan sangat membanggakan.', '2026-02-26 08:57:10', NULL, NULL),
(2443, 2443, 'Kelancaran baik, fokus perbaikan panjang-pendek (mad).', '2026-03-05 08:57:10', NULL, NULL),
(2444, 2444, 'Bacaan sangat baik, makhraj sudah tepat!', '2025-07-31 08:57:10', NULL, NULL),
(2445, 2445, 'Bacaan sangat baik, makhraj sudah tepat!', '2025-08-07 08:57:10', NULL, NULL),
(2446, 2446, 'Fashohah sudah lumayan, latih konsistensi bacaan.', '2025-08-14 08:57:10', NULL, NULL),
(2447, 2447, 'Ada kemajuan, pertahankan dan tingkatkan kualitasnya.', '2025-08-21 08:57:10', NULL, NULL),
(2448, 2448, 'Fashohah sudah lumayan, latih konsistensi bacaan.', '2025-08-28 08:57:10', NULL, NULL),
(2449, 2449, 'Prestasi luar biasa! Konsistensi hafalan sangat membanggakan.', '2025-09-04 08:57:10', NULL, NULL),
(2450, 2450, 'Masih perlu banyak latihan, hafalan belum begitu lancar.', '2025-09-11 08:57:10', NULL, NULL),
(2451, 2451, 'Perlu pendampingan guru secara lebih intensif.', '2025-09-18 08:57:10', NULL, NULL),
(2452, 2452, 'Bacaan cukup baik, perlu sedikit perbaikan di tajwid.', '2025-09-25 08:57:10', NULL, NULL),
(2453, 2453, 'Perlu perbaikan mendasar pada tajwid dan kelancaran.', '2025-10-02 08:57:10', NULL, NULL),
(2454, 2454, 'Hafalan lancar dan fasih, terus pertahankan semangat!', '2025-10-09 08:57:10', NULL, NULL),
(2455, 2455, 'Hafalan lancar dan fasih, terus pertahankan semangat!', '2025-10-16 08:57:10', NULL, NULL),
(2456, 2456, 'Ada kemajuan, pertahankan dan tingkatkan kualitasnya.', '2025-10-23 08:57:10', NULL, NULL),
(2457, 2457, 'Perlu pendampingan guru secara lebih intensif.', '2025-10-30 08:57:10', NULL, NULL),
(2458, 2458, 'Masih perlu banyak latihan, hafalan belum begitu lancar.', '2025-11-06 08:57:10', NULL, NULL),
(2459, 2459, 'Makhraj huruf sudah sangat tepat, kualitas bacaan excellent.', '2025-11-13 08:57:10', NULL, NULL),
(2460, 2460, 'Prestasi luar biasa! Konsistensi hafalan sangat membanggakan.', '2025-11-20 08:57:10', NULL, NULL),
(2461, 2461, 'Sudah cukup bagus, tingkatkan jumlah surah hafalan.', '2025-11-27 08:57:10', NULL, NULL),
(2462, 2462, 'Bacaan sangat baik, makhraj sudah tepat!', '2025-12-04 08:57:10', NULL, NULL),
(2463, 2463, 'Fashohah sudah lumayan, latih konsistensi bacaan.', '2025-12-11 08:57:10', NULL, NULL),
(2464, 2464, 'Hafalan lancar dan fasih, terus pertahankan semangat!', '2025-12-18 08:57:10', NULL, NULL),
(2465, 2465, 'Kelancaran baik, fokus perbaikan panjang-pendek (mad).', '2025-12-25 08:57:10', NULL, NULL),
(2466, 2466, 'Ada kemajuan, pertahankan dan tingkatkan kualitasnya.', '2026-01-01 08:57:10', NULL, NULL),
(2467, 2467, 'Hafalan lancar dan fasih, terus pertahankan semangat!', '2026-01-08 08:57:10', NULL, NULL),
(2468, 2468, 'Prestasi luar biasa! Konsistensi hafalan sangat membanggakan.', '2026-01-15 08:57:10', NULL, NULL),
(2469, 2469, 'Bacaan masih terbata-bata, mohon lebih rajin berlatih.', '2026-01-22 08:57:10', NULL, NULL),
(2470, 2470, 'Fashohah sudah lumayan, latih konsistensi bacaan.', '2026-01-29 08:57:10', NULL, NULL),
(2471, 2471, 'Perlu pendampingan guru secara lebih intensif.', '2026-02-05 08:57:10', NULL, NULL),
(2472, 2472, 'Perlu perbaikan mendasar pada tajwid dan kelancaran.', '2026-02-12 08:57:10', NULL, NULL),
(2473, 2473, 'Sudah cukup bagus, tingkatkan jumlah surah hafalan.', '2026-02-19 08:57:10', NULL, NULL),
(2474, 2474, 'Kelancaran baik, fokus perbaikan panjang-pendek (mad).', '2026-02-26 08:57:10', NULL, NULL),
(2475, 2475, 'Perlu perbaikan mendasar pada tajwid dan kelancaran.', '2026-03-05 08:57:10', NULL, NULL),
(2476, 2476, 'Sangat bagus! Tajwid memuaskan, kelancaran terjaga.', '2025-07-31 08:57:11', NULL, NULL),
(2477, 2477, 'Masih perlu banyak latihan, hafalan belum begitu lancar.', '2025-08-07 08:57:11', NULL, NULL),
(2478, 2478, 'Jumlah hafalan masih sedikit, tingkatkan intensitas belajar.', '2025-08-14 08:57:11', NULL, NULL),
(2479, 2479, 'Makhraj huruf sudah sangat tepat, kualitas bacaan excellent.', '2025-08-21 08:57:11', NULL, NULL),
(2480, 2480, 'Bacaan sangat baik, makhraj sudah tepat!', '2025-08-28 08:57:11', NULL, NULL),
(2481, 2481, 'Masih perlu banyak latihan, hafalan belum begitu lancar.', '2025-09-04 08:57:11', NULL, NULL),
(2482, 2482, 'Bacaan masih terbata-bata, mohon lebih rajin berlatih.', '2025-09-11 08:57:11', NULL, NULL),
(2483, 2483, 'Perlu perbaikan mendasar pada tajwid dan kelancaran.', '2025-09-18 08:57:11', NULL, NULL),
(2484, 2484, 'Bacaan cukup baik, perlu sedikit perbaikan di tajwid.', '2025-09-25 08:57:11', NULL, NULL),
(2485, 2485, 'Prestasi luar biasa! Konsistensi hafalan sangat membanggakan.', '2025-10-02 08:57:11', NULL, NULL),
(2486, 2486, 'Fashohah sudah lumayan, latih konsistensi bacaan.', '2025-10-09 08:57:11', NULL, NULL),
(2487, 2487, 'Ada kemajuan, pertahankan dan tingkatkan kualitasnya.', '2025-10-16 08:57:11', NULL, NULL),
(2488, 2488, 'Ada kemajuan, pertahankan dan tingkatkan kualitasnya.', '2025-10-23 08:57:11', NULL, NULL),
(2489, 2489, 'Bacaan sangat baik, makhraj sudah tepat!', '2025-10-30 08:57:11', NULL, NULL),
(2490, 2490, 'Bacaan cukup baik, perlu sedikit perbaikan di tajwid.', '2025-11-06 08:57:11', NULL, NULL),
(2491, 2491, 'Perlu pendampingan guru secara lebih intensif.', '2025-11-13 08:57:11', NULL, NULL),
(2492, 2492, 'Bacaan masih terbata-bata, mohon lebih rajin berlatih.', '2025-11-20 08:57:11', NULL, NULL),
(2493, 2493, 'Bacaan cukup baik, perlu sedikit perbaikan di tajwid.', '2025-11-27 08:57:11', NULL, NULL),
(2494, 2494, 'Makhraj huruf sudah sangat tepat, kualitas bacaan excellent.', '2025-12-04 08:57:11', NULL, NULL),
(2495, 2495, 'Jumlah hafalan masih sedikit, tingkatkan intensitas belajar.', '2025-12-11 08:57:11', NULL, NULL),
(2496, 2496, 'Masih perlu banyak latihan, hafalan belum begitu lancar.', '2025-12-18 08:57:11', NULL, NULL),
(2497, 2497, 'Hafalan lancar dan fasih, terus pertahankan semangat!', '2025-12-25 08:57:11', NULL, NULL),
(2498, 2498, 'Prestasi luar biasa! Konsistensi hafalan sangat membanggakan.', '2026-01-01 08:57:11', NULL, NULL),
(2499, 2499, 'Prestasi luar biasa! Konsistensi hafalan sangat membanggakan.', '2026-01-08 08:57:11', NULL, NULL),
(2500, 2500, 'Makhraj huruf sudah sangat tepat, kualitas bacaan excellent.', '2026-01-15 08:57:11', NULL, NULL),
(2501, 2501, 'Bacaan cukup baik, perlu sedikit perbaikan di tajwid.', '2026-01-22 08:57:11', NULL, NULL),
(2502, 2502, 'Hafalan lancar dan fasih, terus pertahankan semangat!', '2026-01-29 08:57:11', NULL, NULL),
(2503, 2503, 'Ada kemajuan, pertahankan dan tingkatkan kualitasnya.', '2026-02-05 08:57:11', NULL, NULL),
(2504, 2504, 'Perlu perbaikan mendasar pada tajwid dan kelancaran.', '2026-02-12 08:57:11', NULL, NULL),
(2505, 2505, 'Bacaan sangat baik, makhraj sudah tepat!', '2026-02-19 08:57:11', NULL, NULL),
(2506, 2506, 'Bacaan masih terbata-bata, mohon lebih rajin berlatih.', '2026-02-26 08:57:11', NULL, NULL),
(2507, 2507, 'Masih perlu banyak latihan, hafalan belum begitu lancar.', '2026-03-05 08:57:11', NULL, NULL),
(2508, 2508, 'Hafalan lancar dan fasih, terus pertahankan semangat!', '2025-07-31 08:57:11', NULL, NULL),
(2509, 2509, 'Perlu pendampingan guru secara lebih intensif.', '2025-08-07 08:57:11', NULL, NULL),
(2510, 2510, 'Sudah cukup bagus, tingkatkan jumlah surah hafalan.', '2025-08-14 08:57:11', NULL, NULL),
(2511, 2511, 'Perlu pendampingan guru secara lebih intensif.', '2025-08-21 08:57:11', NULL, NULL),
(2512, 2512, 'Perlu pendampingan guru secara lebih intensif.', '2025-08-28 08:57:11', NULL, NULL),
(2513, 2513, 'Prestasi luar biasa! Konsistensi hafalan sangat membanggakan.', '2025-09-04 08:57:11', NULL, NULL),
(2514, 2514, 'Sudah cukup bagus, tingkatkan jumlah surah hafalan.', '2025-09-11 08:57:11', NULL, NULL),
(2515, 2515, 'Kelancaran baik, fokus perbaikan panjang-pendek (mad).', '2025-09-18 08:57:11', NULL, NULL),
(2516, 2516, 'Jumlah hafalan masih sedikit, tingkatkan intensitas belajar.', '2025-09-25 08:57:11', NULL, NULL),
(2517, 2517, 'Bacaan cukup baik, perlu sedikit perbaikan di tajwid.', '2025-10-02 08:57:11', NULL, NULL),
(2518, 2518, 'Ada kemajuan, pertahankan dan tingkatkan kualitasnya.', '2025-10-09 08:57:11', NULL, NULL),
(2519, 2519, 'Bacaan masih terbata-bata, mohon lebih rajin berlatih.', '2025-10-16 08:57:11', NULL, NULL),
(2520, 2520, 'Bacaan masih terbata-bata, mohon lebih rajin berlatih.', '2025-10-23 08:57:11', NULL, NULL),
(2521, 2521, 'Makhraj huruf sudah sangat tepat, kualitas bacaan excellent.', '2025-10-30 08:57:11', NULL, NULL),
(2522, 2522, 'Sangat bagus! Tajwid memuaskan, kelancaran terjaga.', '2025-11-06 08:57:11', NULL, NULL),
(2523, 2523, 'Perlu pendampingan guru secara lebih intensif.', '2025-11-13 08:57:11', NULL, NULL),
(2524, 2524, 'Perlu perbaikan mendasar pada tajwid dan kelancaran.', '2025-11-20 08:57:11', NULL, NULL),
(2525, 2525, 'Prestasi luar biasa! Konsistensi hafalan sangat membanggakan.', '2025-11-27 08:57:11', NULL, NULL),
(2526, 2526, 'Prestasi luar biasa! Konsistensi hafalan sangat membanggakan.', '2025-12-04 08:57:11', NULL, NULL),
(2527, 2527, 'Fashohah sudah lumayan, latih konsistensi bacaan.', '2025-12-11 08:57:11', NULL, NULL),
(2528, 2528, 'Bacaan cukup baik, perlu sedikit perbaikan di tajwid.', '2025-12-18 08:57:11', NULL, NULL),
(2529, 2529, 'Kelancaran baik, fokus perbaikan panjang-pendek (mad).', '2025-12-25 08:57:11', NULL, NULL),
(2530, 2530, 'Sangat bagus! Tajwid memuaskan, kelancaran terjaga.', '2026-01-01 08:57:11', NULL, NULL),
(2531, 2531, 'Sangat bagus! Tajwid memuaskan, kelancaran terjaga.', '2026-01-08 08:57:11', NULL, NULL),
(2532, 2532, 'Fashohah sudah lumayan, latih konsistensi bacaan.', '2026-01-15 08:57:11', NULL, NULL),
(2533, 2533, 'Perlu pendampingan guru secara lebih intensif.', '2026-01-22 08:57:11', NULL, NULL),
(2534, 2534, 'Fashohah sudah lumayan, latih konsistensi bacaan.', '2026-01-29 08:57:11', NULL, NULL),
(2535, 2535, 'Sangat bagus! Tajwid memuaskan, kelancaran terjaga.', '2026-02-05 08:57:11', NULL, NULL),
(2536, 2536, 'Jumlah hafalan masih sedikit, tingkatkan intensitas belajar.', '2026-02-12 08:57:11', NULL, NULL),
(2537, 2537, 'Prestasi luar biasa! Konsistensi hafalan sangat membanggakan.', '2026-02-19 08:57:11', NULL, NULL),
(2538, 2538, 'Bacaan sangat baik, makhraj sudah tepat!', '2026-02-26 08:57:11', NULL, NULL),
(2539, 2539, 'Prestasi luar biasa! Konsistensi hafalan sangat membanggakan.', '2026-03-05 08:57:11', NULL, NULL),
(2540, 2540, 'Sudah cukup bagus, tingkatkan jumlah surah hafalan.', '2025-07-31 08:57:12', NULL, NULL),
(2541, 2541, 'Fashohah sudah lumayan, latih konsistensi bacaan.', '2025-08-07 08:57:12', NULL, NULL),
(2542, 2542, 'Hafalan lancar dan fasih, terus pertahankan semangat!', '2025-08-14 08:57:12', NULL, NULL),
(2543, 2543, 'Hafalan lancar dan fasih, terus pertahankan semangat!', '2025-08-21 08:57:12', NULL, NULL),
(2544, 2544, 'Makhraj huruf sudah sangat tepat, kualitas bacaan excellent.', '2025-08-28 08:57:12', NULL, NULL),
(2545, 2545, 'Makhraj huruf sudah sangat tepat, kualitas bacaan excellent.', '2025-09-04 08:57:12', NULL, NULL),
(2546, 2546, 'Makhraj huruf sudah sangat tepat, kualitas bacaan excellent.', '2025-09-11 08:57:12', NULL, NULL),
(2547, 2547, 'Masih perlu banyak latihan, hafalan belum begitu lancar.', '2025-09-18 08:57:12', NULL, NULL),
(2548, 2548, 'Hafalan lancar dan fasih, terus pertahankan semangat!', '2025-09-25 08:57:12', NULL, NULL),
(2549, 2549, 'Sangat bagus! Tajwid memuaskan, kelancaran terjaga.', '2025-10-02 08:57:12', NULL, NULL),
(2550, 2550, 'Ada kemajuan, pertahankan dan tingkatkan kualitasnya.', '2025-10-09 08:57:12', NULL, NULL),
(2551, 2551, 'Bacaan masih terbata-bata, mohon lebih rajin berlatih.', '2025-10-16 08:57:12', NULL, NULL),
(2552, 2552, 'Kelancaran baik, fokus perbaikan panjang-pendek (mad).', '2025-10-23 08:57:12', NULL, NULL),
(2553, 2553, 'Hafalan lancar dan fasih, terus pertahankan semangat!', '2025-10-30 08:57:12', NULL, NULL),
(2554, 2554, 'Makhraj huruf sudah sangat tepat, kualitas bacaan excellent.', '2025-11-06 08:57:12', NULL, NULL),
(2555, 2555, 'Bacaan sangat baik, makhraj sudah tepat!', '2025-11-13 08:57:12', NULL, NULL),
(2556, 2556, 'Sangat bagus! Tajwid memuaskan, kelancaran terjaga.', '2025-11-20 08:57:12', NULL, NULL),
(2557, 2557, 'Fashohah sudah lumayan, latih konsistensi bacaan.', '2025-11-27 08:57:12', NULL, NULL),
(2558, 2558, 'Bacaan masih terbata-bata, mohon lebih rajin berlatih.', '2025-12-04 08:57:12', NULL, NULL),
(2559, 2559, 'Ada kemajuan, pertahankan dan tingkatkan kualitasnya.', '2025-12-11 08:57:12', NULL, NULL),
(2560, 2560, 'Sangat bagus! Tajwid memuaskan, kelancaran terjaga.', '2025-12-18 08:57:12', NULL, NULL),
(2561, 2561, 'Sangat bagus! Tajwid memuaskan, kelancaran terjaga.', '2025-12-25 08:57:12', NULL, NULL),
(2562, 2562, 'Sudah cukup bagus, tingkatkan jumlah surah hafalan.', '2026-01-01 08:57:12', NULL, NULL),
(2563, 2563, 'Perlu perbaikan mendasar pada tajwid dan kelancaran.', '2026-01-08 08:57:12', NULL, NULL),
(2564, 2564, 'Perlu perbaikan mendasar pada tajwid dan kelancaran.', '2026-01-15 08:57:12', NULL, NULL),
(2565, 2565, 'Sudah cukup bagus, tingkatkan jumlah surah hafalan.', '2026-01-22 08:57:12', NULL, NULL),
(2566, 2566, 'Sangat bagus! Tajwid memuaskan, kelancaran terjaga.', '2026-01-29 08:57:12', NULL, NULL),
(2567, 2567, 'Ada kemajuan, pertahankan dan tingkatkan kualitasnya.', '2026-02-05 08:57:12', NULL, NULL),
(2568, 2568, 'Makhraj huruf sudah sangat tepat, kualitas bacaan excellent.', '2026-02-12 08:57:12', NULL, NULL),
(2569, 2569, 'Sudah cukup bagus, tingkatkan jumlah surah hafalan.', '2026-02-19 08:57:12', NULL, NULL),
(2570, 2570, 'Prestasi luar biasa! Konsistensi hafalan sangat membanggakan.', '2026-02-26 08:57:12', NULL, NULL),
(2571, 2571, 'Sudah cukup bagus, tingkatkan jumlah surah hafalan.', '2026-03-05 08:57:12', NULL, NULL),
(2572, 2572, 'Perlu pendampingan guru secara lebih intensif.', '2025-07-31 08:57:12', NULL, NULL),
(2573, 2573, 'Fashohah sudah lumayan, latih konsistensi bacaan.', '2025-08-07 08:57:12', NULL, NULL),
(2574, 2574, 'Bacaan sangat baik, makhraj sudah tepat!', '2025-08-14 08:57:12', NULL, NULL),
(2575, 2575, 'Sangat bagus! Tajwid memuaskan, kelancaran terjaga.', '2025-08-21 08:57:12', NULL, NULL),
(2576, 2576, 'Ada kemajuan, pertahankan dan tingkatkan kualitasnya.', '2025-08-28 08:57:12', NULL, NULL),
(2577, 2577, 'Perlu pendampingan guru secara lebih intensif.', '2025-09-04 08:57:12', NULL, NULL),
(2578, 2578, 'Fashohah sudah lumayan, latih konsistensi bacaan.', '2025-09-11 08:57:12', NULL, NULL),
(2579, 2579, 'Sangat bagus! Tajwid memuaskan, kelancaran terjaga.', '2025-09-18 08:57:12', NULL, NULL),
(2580, 2580, 'Bacaan sangat baik, makhraj sudah tepat!', '2025-09-25 08:57:12', NULL, NULL),
(2581, 2581, 'Sudah cukup bagus, tingkatkan jumlah surah hafalan.', '2025-10-02 08:57:12', NULL, NULL),
(2582, 2582, 'Perlu pendampingan guru secara lebih intensif.', '2025-10-09 08:57:12', NULL, NULL),
(2583, 2583, 'Perlu pendampingan guru secara lebih intensif.', '2025-10-16 08:57:12', NULL, NULL),
(2584, 2584, 'Prestasi luar biasa! Konsistensi hafalan sangat membanggakan.', '2025-10-23 08:57:12', NULL, NULL),
(2585, 2585, 'Makhraj huruf sudah sangat tepat, kualitas bacaan excellent.', '2025-10-30 08:57:12', NULL, NULL),
(2586, 2586, 'Bacaan sangat baik, makhraj sudah tepat!', '2025-11-06 08:57:12', NULL, NULL),
(2587, 2587, 'Sangat bagus! Tajwid memuaskan, kelancaran terjaga.', '2025-11-13 08:57:12', NULL, NULL),
(2588, 2588, 'Sudah cukup bagus, tingkatkan jumlah surah hafalan.', '2025-11-20 08:57:12', NULL, NULL),
(2589, 2589, 'Hafalan lancar dan fasih, terus pertahankan semangat!', '2025-11-27 08:57:12', NULL, NULL),
(2590, 2590, 'Kelancaran baik, fokus perbaikan panjang-pendek (mad).', '2025-12-04 08:57:12', NULL, NULL),
(2591, 2591, 'Perlu perbaikan mendasar pada tajwid dan kelancaran.', '2025-12-11 08:57:12', NULL, NULL),
(2592, 2592, 'Masih perlu banyak latihan, hafalan belum begitu lancar.', '2025-12-18 08:57:12', NULL, NULL),
(2593, 2593, 'Ada kemajuan, pertahankan dan tingkatkan kualitasnya.', '2025-12-25 08:57:12', NULL, NULL),
(2594, 2594, 'Jumlah hafalan masih sedikit, tingkatkan intensitas belajar.', '2026-01-01 08:57:12', NULL, NULL),
(2595, 2595, 'Perlu pendampingan guru secara lebih intensif.', '2026-01-08 08:57:12', NULL, NULL),
(2596, 2596, 'Makhraj huruf sudah sangat tepat, kualitas bacaan excellent.', '2026-01-15 08:57:12', NULL, NULL),
(2597, 2597, 'Bacaan sangat baik, makhraj sudah tepat!', '2026-01-22 08:57:12', NULL, NULL),
(2598, 2598, 'Bacaan sangat baik, makhraj sudah tepat!', '2026-01-29 08:57:12', NULL, NULL),
(2599, 2599, 'Makhraj huruf sudah sangat tepat, kualitas bacaan excellent.', '2026-02-05 08:57:12', NULL, NULL),
(2600, 2600, 'Bacaan sangat baik, makhraj sudah tepat!', '2026-02-12 08:57:12', NULL, NULL),
(2601, 2601, 'Prestasi luar biasa! Konsistensi hafalan sangat membanggakan.', '2026-02-19 08:57:12', NULL, NULL),
(2602, 2602, 'Masih perlu banyak latihan, hafalan belum begitu lancar.', '2026-02-26 08:57:12', NULL, NULL),
(2603, 2603, 'Fashohah sudah lumayan, latih konsistensi bacaan.', '2026-03-05 08:57:12', NULL, NULL),
(2604, 2604, 'Sangat bagus! Tajwid memuaskan, kelancaran terjaga.', '2025-07-31 08:57:13', NULL, NULL),
(2605, 2605, 'Makhraj huruf sudah sangat tepat, kualitas bacaan excellent.', '2025-08-07 08:57:13', NULL, NULL),
(2606, 2606, 'Sangat bagus! Tajwid memuaskan, kelancaran terjaga.', '2025-08-14 08:57:13', NULL, NULL),
(2607, 2607, 'Kelancaran baik, fokus perbaikan panjang-pendek (mad).', '2025-08-21 08:57:13', NULL, NULL),
(2608, 2608, 'Hafalan lancar dan fasih, terus pertahankan semangat!', '2025-08-28 08:57:13', NULL, NULL),
(2609, 2609, 'Fashohah sudah lumayan, latih konsistensi bacaan.', '2025-09-04 08:57:13', NULL, NULL),
(2610, 2610, 'Hafalan lancar dan fasih, terus pertahankan semangat!', '2025-09-11 08:57:13', NULL, NULL),
(2611, 2611, 'Fashohah sudah lumayan, latih konsistensi bacaan.', '2025-09-18 08:57:13', NULL, NULL),
(2612, 2612, 'Sangat bagus! Tajwid memuaskan, kelancaran terjaga.', '2025-09-25 08:57:13', NULL, NULL),
(2613, 2613, 'Hafalan lancar dan fasih, terus pertahankan semangat!', '2025-10-02 08:57:13', NULL, NULL),
(2614, 2614, 'Masih perlu banyak latihan, hafalan belum begitu lancar.', '2025-10-09 08:57:13', NULL, NULL),
(2615, 2615, 'Perlu perbaikan mendasar pada tajwid dan kelancaran.', '2025-10-16 08:57:13', NULL, NULL),
(2616, 2616, 'Masih perlu banyak latihan, hafalan belum begitu lancar.', '2025-10-23 08:57:13', NULL, NULL),
(2617, 2617, 'Hafalan lancar dan fasih, terus pertahankan semangat!', '2025-10-30 08:57:13', NULL, NULL),
(2618, 2618, 'Prestasi luar biasa! Konsistensi hafalan sangat membanggakan.', '2025-11-06 08:57:13', NULL, NULL),
(2619, 2619, 'Sudah cukup bagus, tingkatkan jumlah surah hafalan.', '2025-11-13 08:57:13', NULL, NULL),
(2620, 2620, 'Sudah cukup bagus, tingkatkan jumlah surah hafalan.', '2025-11-20 08:57:13', NULL, NULL),
(2621, 2621, 'Prestasi luar biasa! Konsistensi hafalan sangat membanggakan.', '2025-11-27 08:57:13', NULL, NULL),
(2622, 2622, 'Masih perlu banyak latihan, hafalan belum begitu lancar.', '2025-12-04 08:57:13', NULL, NULL),
(2623, 2623, 'Jumlah hafalan masih sedikit, tingkatkan intensitas belajar.', '2025-12-11 08:57:13', NULL, NULL),
(2624, 2624, 'Prestasi luar biasa! Konsistensi hafalan sangat membanggakan.', '2025-12-18 08:57:13', NULL, NULL),
(2625, 2625, 'Jumlah hafalan masih sedikit, tingkatkan intensitas belajar.', '2025-12-25 08:57:13', NULL, NULL),
(2626, 2626, 'Jumlah hafalan masih sedikit, tingkatkan intensitas belajar.', '2026-01-01 08:57:13', NULL, NULL),
(2627, 2627, 'Ada kemajuan, pertahankan dan tingkatkan kualitasnya.', '2026-01-08 08:57:13', NULL, NULL),
(2628, 2628, 'Sangat bagus! Tajwid memuaskan, kelancaran terjaga.', '2026-01-15 08:57:13', NULL, NULL),
(2629, 2629, 'Sangat bagus! Tajwid memuaskan, kelancaran terjaga.', '2026-01-22 08:57:13', NULL, NULL),
(2630, 2630, 'Masih perlu banyak latihan, hafalan belum begitu lancar.', '2025-07-31 08:57:13', NULL, NULL),
(2631, 2631, 'Perlu pendampingan guru secara lebih intensif.', '2025-08-07 08:57:13', NULL, NULL),
(2632, 2632, 'Sudah cukup bagus, tingkatkan jumlah surah hafalan.', '2025-08-14 08:57:13', NULL, NULL),
(2633, 2633, 'Ada kemajuan, pertahankan dan tingkatkan kualitasnya.', '2025-08-21 08:57:13', NULL, NULL),
(2634, 2634, 'Masih perlu banyak latihan, hafalan belum begitu lancar.', '2025-08-28 08:57:13', NULL, NULL),
(2635, 2635, 'Makhraj huruf sudah sangat tepat, kualitas bacaan excellent.', '2025-09-04 08:57:13', NULL, NULL),
(2636, 2636, 'Sudah cukup bagus, tingkatkan jumlah surah hafalan.', '2025-09-11 08:57:13', NULL, NULL),
(2637, 2637, 'Makhraj huruf sudah sangat tepat, kualitas bacaan excellent.', '2025-09-18 08:57:13', NULL, NULL),
(2638, 2638, 'Bacaan masih terbata-bata, mohon lebih rajin berlatih.', '2025-09-25 08:57:13', NULL, NULL),
(2639, 2639, 'Perlu pendampingan guru secara lebih intensif.', '2025-10-02 08:57:13', NULL, NULL),
(2640, 2640, 'Jumlah hafalan masih sedikit, tingkatkan intensitas belajar.', '2025-10-09 08:57:13', NULL, NULL),
(2641, 2641, 'Prestasi luar biasa! Konsistensi hafalan sangat membanggakan.', '2025-10-16 08:57:13', NULL, NULL),
(2642, 2642, 'Makhraj huruf sudah sangat tepat, kualitas bacaan excellent.', '2025-10-23 08:57:13', NULL, NULL),
(2643, 2643, 'Perlu perbaikan mendasar pada tajwid dan kelancaran.', '2025-10-30 08:57:13', NULL, NULL),
(2644, 2644, 'Bacaan cukup baik, perlu sedikit perbaikan di tajwid.', '2025-11-06 08:57:13', NULL, NULL),
(2645, 2645, 'Prestasi luar biasa! Konsistensi hafalan sangat membanggakan.', '2025-11-13 08:57:13', NULL, NULL),
(2646, 2646, 'Bacaan sangat baik, makhraj sudah tepat!', '2025-11-20 08:57:13', NULL, NULL),
(2647, 2647, 'Ada kemajuan, pertahankan dan tingkatkan kualitasnya.', '2025-11-27 08:57:13', NULL, NULL),
(2648, 2648, 'Jumlah hafalan masih sedikit, tingkatkan intensitas belajar.', '2025-12-04 08:57:13', NULL, NULL),
(2649, 2649, 'Jumlah hafalan masih sedikit, tingkatkan intensitas belajar.', '2025-12-11 08:57:13', NULL, NULL),
(2650, 2650, 'Kelancaran baik, fokus perbaikan panjang-pendek (mad).', '2025-12-18 08:57:13', NULL, NULL),
(2651, 2651, 'Masih perlu banyak latihan, hafalan belum begitu lancar.', '2025-12-25 08:57:13', NULL, NULL),
(2652, 2652, 'Bacaan masih terbata-bata, mohon lebih rajin berlatih.', '2026-01-01 08:57:13', NULL, NULL),
(2653, 2653, 'Perlu perbaikan mendasar pada tajwid dan kelancaran.', '2026-01-08 08:57:13', NULL, NULL),
(2654, 2654, 'Bacaan sangat baik, makhraj sudah tepat!', '2026-01-15 08:57:13', NULL, NULL),
(2655, 2655, 'Hafalan lancar dan fasih, terus pertahankan semangat!', '2026-01-22 08:57:13', NULL, NULL),
(2656, 2656, 'Perlu perbaikan mendasar pada tajwid dan kelancaran.', '2026-01-29 08:57:13', NULL, NULL),
(2657, 2657, 'Bacaan sangat baik, makhraj sudah tepat!', '2026-02-05 08:57:13', NULL, NULL),
(2658, 2658, 'Bacaan masih terbata-bata, mohon lebih rajin berlatih.', '2026-02-12 08:57:13', NULL, NULL),
(2659, 2659, 'Bacaan masih terbata-bata, mohon lebih rajin berlatih.', '2026-02-19 08:57:13', NULL, NULL),
(2660, 2660, 'Perlu pendampingan guru secara lebih intensif.', '2026-02-26 08:57:13', NULL, NULL),
(2661, 2661, 'Fashohah sudah lumayan, latih konsistensi bacaan.', '2026-03-05 08:57:13', NULL, NULL),
(2662, 2662, 'Perlu perbaikan mendasar pada tajwid dan kelancaran.', '2025-07-31 08:57:13', NULL, NULL),
(2663, 2663, 'Bacaan masih terbata-bata, mohon lebih rajin berlatih.', '2025-08-07 08:57:13', NULL, NULL),
(2664, 2664, 'Perlu perbaikan mendasar pada tajwid dan kelancaran.', '2025-08-14 08:57:13', NULL, NULL),
(2665, 2665, 'Masih perlu banyak latihan, hafalan belum begitu lancar.', '2025-08-21 08:57:13', NULL, NULL),
(2666, 2666, 'Makhraj huruf sudah sangat tepat, kualitas bacaan excellent.', '2025-08-28 08:57:13', NULL, NULL),
(2667, 2667, 'Bacaan sangat baik, makhraj sudah tepat!', '2025-09-04 08:57:13', NULL, NULL),
(2668, 2668, 'Sangat bagus! Tajwid memuaskan, kelancaran terjaga.', '2025-09-11 08:57:13', NULL, NULL),
(2669, 2669, 'Masih perlu banyak latihan, hafalan belum begitu lancar.', '2025-09-18 08:57:13', NULL, NULL),
(2670, 2670, 'Ada kemajuan, pertahankan dan tingkatkan kualitasnya.', '2025-09-25 08:57:13', NULL, NULL),
(2671, 2671, 'Ada kemajuan, pertahankan dan tingkatkan kualitasnya.', '2025-10-02 08:57:13', NULL, NULL),
(2672, 2672, 'Bacaan sangat baik, makhraj sudah tepat!', '2025-10-09 08:57:13', NULL, NULL),
(2673, 2673, 'Jumlah hafalan masih sedikit, tingkatkan intensitas belajar.', '2025-10-16 08:57:13', NULL, NULL),
(2674, 2674, 'Kelancaran baik, fokus perbaikan panjang-pendek (mad).', '2025-10-23 08:57:13', NULL, NULL),
(2675, 2675, 'Kelancaran baik, fokus perbaikan panjang-pendek (mad).', '2025-10-30 08:57:13', NULL, NULL),
(2676, 2676, 'Kelancaran baik, fokus perbaikan panjang-pendek (mad).', '2025-11-06 08:57:13', NULL, NULL),
(2677, 2677, 'Fashohah sudah lumayan, latih konsistensi bacaan.', '2025-11-13 08:57:13', NULL, NULL),
(2678, 2678, 'Prestasi luar biasa! Konsistensi hafalan sangat membanggakan.', '2025-11-20 08:57:13', NULL, NULL),
(2679, 2679, 'Sangat bagus! Tajwid memuaskan, kelancaran terjaga.', '2025-11-27 08:57:13', NULL, NULL),
(2680, 2680, 'Kelancaran baik, fokus perbaikan panjang-pendek (mad).', '2025-12-04 08:57:13', NULL, NULL),
(2681, 2681, 'Perlu pendampingan guru secara lebih intensif.', '2025-12-11 08:57:13', NULL, NULL),
(2682, 2682, 'Jumlah hafalan masih sedikit, tingkatkan intensitas belajar.', '2025-12-18 08:57:13', NULL, NULL),
(2683, 2683, 'Perlu pendampingan guru secara lebih intensif.', '2025-12-25 08:57:13', NULL, NULL),
(2684, 2684, 'Ada kemajuan, pertahankan dan tingkatkan kualitasnya.', '2026-01-01 08:57:13', NULL, NULL),
(2685, 2685, 'Perlu perbaikan mendasar pada tajwid dan kelancaran.', '2026-01-08 08:57:13', NULL, NULL),
(2686, 2686, 'Bacaan masih terbata-bata, mohon lebih rajin berlatih.', '2026-01-15 08:57:13', NULL, NULL),
(2687, 2687, 'Bacaan masih terbata-bata, mohon lebih rajin berlatih.', '2026-01-22 08:57:13', NULL, NULL),
(2688, 2688, 'Fashohah sudah lumayan, latih konsistensi bacaan.', '2026-01-29 08:57:13', NULL, NULL),
(2689, 2689, 'Kelancaran baik, fokus perbaikan panjang-pendek (mad).', '2026-02-05 08:57:13', NULL, NULL),
(2690, 2690, 'Kelancaran baik, fokus perbaikan panjang-pendek (mad).', '2026-02-12 08:57:13', NULL, NULL),
(2691, 2691, 'Prestasi luar biasa! Konsistensi hafalan sangat membanggakan.', '2026-02-19 08:57:13', NULL, NULL),
(2692, 2692, 'Hafalan lancar dan fasih, terus pertahankan semangat!', '2026-02-26 08:57:13', NULL, NULL),
(2693, 2693, 'Masih perlu banyak latihan, hafalan belum begitu lancar.', '2026-03-05 08:57:13', NULL, NULL),
(2694, 2694, 'Bacaan cukup baik, perlu sedikit perbaikan di tajwid.', '2025-07-31 08:57:14', NULL, NULL),
(2695, 2695, 'Prestasi luar biasa! Konsistensi hafalan sangat membanggakan.', '2025-08-07 08:57:14', NULL, NULL),
(2696, 2696, 'Ada kemajuan, pertahankan dan tingkatkan kualitasnya.', '2025-08-14 08:57:14', NULL, NULL),
(2697, 2697, 'Bacaan masih terbata-bata, mohon lebih rajin berlatih.', '2025-08-21 08:57:14', NULL, NULL),
(2698, 2698, 'Perlu pendampingan guru secara lebih intensif.', '2025-08-28 08:57:14', NULL, NULL),
(2699, 2699, 'Bacaan masih terbata-bata, mohon lebih rajin berlatih.', '2025-09-04 08:57:14', NULL, NULL),
(2700, 2700, 'Bacaan sangat baik, makhraj sudah tepat!', '2025-09-11 08:57:14', NULL, NULL),
(2701, 2701, 'Bacaan sangat baik, makhraj sudah tepat!', '2025-09-18 08:57:14', NULL, NULL),
(2702, 2702, 'Sangat bagus! Tajwid memuaskan, kelancaran terjaga.', '2025-09-25 08:57:14', NULL, NULL),
(2703, 2703, 'Sangat bagus! Tajwid memuaskan, kelancaran terjaga.', '2025-10-02 08:57:14', NULL, NULL),
(2704, 2704, 'Perlu pendampingan guru secara lebih intensif.', '2025-10-09 08:57:14', NULL, NULL),
(2705, 2705, 'Masih perlu banyak latihan, hafalan belum begitu lancar.', '2025-10-16 08:57:14', NULL, NULL),
(2706, 2706, 'Sangat bagus! Tajwid memuaskan, kelancaran terjaga.', '2025-10-23 08:57:14', NULL, NULL),
(2707, 2707, 'Fashohah sudah lumayan, latih konsistensi bacaan.', '2025-10-30 08:57:14', NULL, NULL),
(2708, 2708, 'Prestasi luar biasa! Konsistensi hafalan sangat membanggakan.', '2025-11-06 08:57:14', NULL, NULL),
(2709, 2709, 'Sudah cukup bagus, tingkatkan jumlah surah hafalan.', '2025-11-13 08:57:14', NULL, NULL),
(2710, 2710, 'Bacaan cukup baik, perlu sedikit perbaikan di tajwid.', '2025-11-20 08:57:14', NULL, NULL),
(2711, 2711, 'Jumlah hafalan masih sedikit, tingkatkan intensitas belajar.', '2025-11-27 08:57:14', NULL, NULL),
(2712, 2712, 'Prestasi luar biasa! Konsistensi hafalan sangat membanggakan.', '2025-12-04 08:57:14', NULL, NULL),
(2713, 2713, 'Makhraj huruf sudah sangat tepat, kualitas bacaan excellent.', '2025-12-11 08:57:14', NULL, NULL),
(2714, 2714, 'Perlu pendampingan guru secara lebih intensif.', '2025-12-18 08:57:14', NULL, NULL),
(2715, 2715, 'Sudah cukup bagus, tingkatkan jumlah surah hafalan.', '2025-12-25 08:57:14', NULL, NULL),
(2716, 2716, 'Bacaan masih terbata-bata, mohon lebih rajin berlatih.', '2026-01-01 08:57:14', NULL, NULL),
(2717, 2717, 'Prestasi luar biasa! Konsistensi hafalan sangat membanggakan.', '2026-01-08 08:57:14', NULL, NULL),
(2718, 2718, 'Sudah cukup bagus, tingkatkan jumlah surah hafalan.', '2026-01-15 08:57:14', NULL, NULL),
(2719, 2719, 'Bacaan masih terbata-bata, mohon lebih rajin berlatih.', '2026-01-22 08:57:14', NULL, NULL);
INSERT INTO `tb_nilai_evaluasi` (`id`, `id_hafalan`, `catatan_guru`, `tanggal_evaluasi`, `created_at`, `updated_at`) VALUES
(2720, 2720, 'Prestasi luar biasa! Konsistensi hafalan sangat membanggakan.', '2026-01-29 08:57:14', NULL, NULL),
(2721, 2721, 'Hafalan lancar dan fasih, terus pertahankan semangat!', '2026-02-05 08:57:14', NULL, NULL),
(2722, 2722, 'Perlu perbaikan mendasar pada tajwid dan kelancaran.', '2026-02-12 08:57:14', NULL, NULL),
(2723, 2723, 'Hafalan lancar dan fasih, terus pertahankan semangat!', '2026-02-19 08:57:14', NULL, NULL),
(2724, 2724, 'Ada kemajuan, pertahankan dan tingkatkan kualitasnya.', '2026-02-26 08:57:14', NULL, NULL),
(2725, 2725, 'Fashohah sudah lumayan, latih konsistensi bacaan.', '2026-03-05 08:57:14', NULL, NULL),
(2726, 2726, 'Kelancaran baik, fokus perbaikan panjang-pendek (mad).', '2025-07-31 08:57:14', NULL, NULL),
(2727, 2727, 'Fashohah sudah lumayan, latih konsistensi bacaan.', '2025-08-07 08:57:14', NULL, NULL),
(2728, 2728, 'Jumlah hafalan masih sedikit, tingkatkan intensitas belajar.', '2025-08-14 08:57:14', NULL, NULL),
(2729, 2729, 'Bacaan cukup baik, perlu sedikit perbaikan di tajwid.', '2025-08-21 08:57:14', NULL, NULL),
(2730, 2730, 'Prestasi luar biasa! Konsistensi hafalan sangat membanggakan.', '2025-08-28 08:57:14', NULL, NULL),
(2731, 2731, 'Bacaan masih terbata-bata, mohon lebih rajin berlatih.', '2025-09-04 08:57:14', NULL, NULL),
(2732, 2732, 'Bacaan masih terbata-bata, mohon lebih rajin berlatih.', '2025-09-11 08:57:14', NULL, NULL),
(2733, 2733, 'Jumlah hafalan masih sedikit, tingkatkan intensitas belajar.', '2025-09-18 08:57:14', NULL, NULL),
(2734, 2734, 'Masih perlu banyak latihan, hafalan belum begitu lancar.', '2025-09-25 08:57:14', NULL, NULL),
(2735, 2735, 'Jumlah hafalan masih sedikit, tingkatkan intensitas belajar.', '2025-10-02 08:57:14', NULL, NULL),
(2736, 2736, 'Ada kemajuan, pertahankan dan tingkatkan kualitasnya.', '2025-10-09 08:57:14', NULL, NULL),
(2737, 2737, 'Prestasi luar biasa! Konsistensi hafalan sangat membanggakan.', '2025-10-16 08:57:14', NULL, NULL),
(2738, 2738, 'Sangat bagus! Tajwid memuaskan, kelancaran terjaga.', '2025-10-23 08:57:14', NULL, NULL),
(2739, 2739, 'Perlu pendampingan guru secara lebih intensif.', '2025-10-30 08:57:14', NULL, NULL),
(2740, 2740, 'Masih perlu banyak latihan, hafalan belum begitu lancar.', '2025-11-06 08:57:14', NULL, NULL),
(2741, 2741, 'Hafalan lancar dan fasih, terus pertahankan semangat!', '2025-11-13 08:57:14', NULL, NULL),
(2742, 2742, 'Bacaan masih terbata-bata, mohon lebih rajin berlatih.', '2025-11-20 08:57:14', NULL, NULL),
(2743, 2743, 'Kelancaran baik, fokus perbaikan panjang-pendek (mad).', '2025-11-27 08:57:14', NULL, NULL),
(2744, 2744, 'Jumlah hafalan masih sedikit, tingkatkan intensitas belajar.', '2025-12-04 08:57:14', NULL, NULL),
(2745, 2745, 'Perlu pendampingan guru secara lebih intensif.', '2025-12-11 08:57:14', NULL, NULL),
(2746, 2746, 'Hafalan lancar dan fasih, terus pertahankan semangat!', '2025-12-18 08:57:14', NULL, NULL),
(2747, 2747, 'Sudah cukup bagus, tingkatkan jumlah surah hafalan.', '2025-12-25 08:57:14', NULL, NULL),
(2748, 2748, 'Perlu pendampingan guru secara lebih intensif.', '2026-01-01 08:57:14', NULL, NULL),
(2749, 2749, 'Bacaan sangat baik, makhraj sudah tepat!', '2026-01-08 08:57:14', NULL, NULL),
(2750, 2750, 'Bacaan cukup baik, perlu sedikit perbaikan di tajwid.', '2026-01-15 08:57:14', NULL, NULL),
(2751, 2751, 'Bacaan masih terbata-bata, mohon lebih rajin berlatih.', '2026-01-22 08:57:14', NULL, NULL),
(2752, 2752, 'Sudah cukup bagus, tingkatkan jumlah surah hafalan.', '2026-01-29 08:57:14', NULL, NULL),
(2753, 2753, 'Bacaan masih terbata-bata, mohon lebih rajin berlatih.', '2026-02-05 08:57:14', NULL, NULL),
(2754, 2754, 'Hafalan lancar dan fasih, terus pertahankan semangat!', '2026-02-12 08:57:14', NULL, NULL),
(2755, 2755, 'Bacaan sangat baik, makhraj sudah tepat!', '2026-02-19 08:57:14', NULL, NULL),
(2756, 2756, 'Sangat bagus! Tajwid memuaskan, kelancaran terjaga.', '2026-02-26 08:57:14', NULL, NULL),
(2757, 2757, 'Prestasi luar biasa! Konsistensi hafalan sangat membanggakan.', '2026-03-05 08:57:14', NULL, NULL),
(2758, 2758, 'Perlu pendampingan guru secara lebih intensif.', '2025-07-31 08:57:15', NULL, NULL),
(2759, 2759, 'Kelancaran baik, fokus perbaikan panjang-pendek (mad).', '2025-08-07 08:57:15', NULL, NULL),
(2760, 2760, 'Perlu perbaikan mendasar pada tajwid dan kelancaran.', '2025-08-14 08:57:15', NULL, NULL),
(2761, 2761, 'Sudah cukup bagus, tingkatkan jumlah surah hafalan.', '2025-08-21 08:57:15', NULL, NULL),
(2762, 2762, 'Bacaan sangat baik, makhraj sudah tepat!', '2025-08-28 08:57:15', NULL, NULL),
(2763, 2763, 'Bacaan masih terbata-bata, mohon lebih rajin berlatih.', '2025-09-04 08:57:15', NULL, NULL),
(2764, 2764, 'Makhraj huruf sudah sangat tepat, kualitas bacaan excellent.', '2025-09-11 08:57:15', NULL, NULL),
(2765, 2765, 'Sudah cukup bagus, tingkatkan jumlah surah hafalan.', '2025-09-18 08:57:15', NULL, NULL),
(2766, 2766, 'Jumlah hafalan masih sedikit, tingkatkan intensitas belajar.', '2025-09-25 08:57:15', NULL, NULL),
(2767, 2767, 'Bacaan cukup baik, perlu sedikit perbaikan di tajwid.', '2025-10-02 08:57:15', NULL, NULL),
(2768, 2768, 'Perlu pendampingan guru secara lebih intensif.', '2025-10-09 08:57:15', NULL, NULL),
(2769, 2769, 'Bacaan sangat baik, makhraj sudah tepat!', '2025-10-16 08:57:15', NULL, NULL),
(2770, 2770, 'Masih perlu banyak latihan, hafalan belum begitu lancar.', '2025-10-23 08:57:15', NULL, NULL),
(2771, 2771, 'Bacaan cukup baik, perlu sedikit perbaikan di tajwid.', '2025-10-30 08:57:15', NULL, NULL),
(2772, 2772, 'Kelancaran baik, fokus perbaikan panjang-pendek (mad).', '2025-11-06 08:57:15', NULL, NULL),
(2773, 2773, 'Prestasi luar biasa! Konsistensi hafalan sangat membanggakan.', '2025-11-13 08:57:15', NULL, NULL),
(2774, 2774, 'Masih perlu banyak latihan, hafalan belum begitu lancar.', '2025-11-20 08:57:15', NULL, NULL),
(2775, 2775, 'Prestasi luar biasa! Konsistensi hafalan sangat membanggakan.', '2025-11-27 08:57:15', NULL, NULL),
(2776, 2776, 'Bacaan masih terbata-bata, mohon lebih rajin berlatih.', '2025-12-04 08:57:15', NULL, NULL),
(2777, 2777, 'Sudah cukup bagus, tingkatkan jumlah surah hafalan.', '2025-12-11 08:57:15', NULL, NULL),
(2778, 2778, 'Makhraj huruf sudah sangat tepat, kualitas bacaan excellent.', '2025-12-18 08:57:15', NULL, NULL),
(2779, 2779, 'Jumlah hafalan masih sedikit, tingkatkan intensitas belajar.', '2025-12-25 08:57:15', NULL, NULL),
(2780, 2780, 'Fashohah sudah lumayan, latih konsistensi bacaan.', '2026-01-01 08:57:15', NULL, NULL),
(2781, 2781, 'Makhraj huruf sudah sangat tepat, kualitas bacaan excellent.', '2026-01-08 08:57:15', NULL, NULL),
(2782, 2782, 'Jumlah hafalan masih sedikit, tingkatkan intensitas belajar.', '2026-01-15 08:57:15', NULL, NULL),
(2783, 2783, 'Kelancaran baik, fokus perbaikan panjang-pendek (mad).', '2026-01-22 08:57:15', NULL, NULL),
(2784, 2784, 'Bacaan cukup baik, perlu sedikit perbaikan di tajwid.', '2026-01-29 08:57:15', NULL, NULL),
(2785, 2785, 'Sangat bagus! Tajwid memuaskan, kelancaran terjaga.', '2026-02-05 08:57:15', NULL, NULL),
(2786, 2786, 'Perlu pendampingan guru secara lebih intensif.', '2026-02-12 08:57:15', NULL, NULL),
(2787, 2787, 'Bacaan sangat baik, makhraj sudah tepat!', '2026-02-19 08:57:15', NULL, NULL),
(2788, 2788, 'Perlu pendampingan guru secara lebih intensif.', '2026-02-26 08:57:15', NULL, NULL),
(2789, 2789, 'Kelancaran baik, fokus perbaikan panjang-pendek (mad).', '2026-03-05 08:57:15', NULL, NULL),
(2790, 2790, 'Bacaan cukup baik, perlu sedikit perbaikan di tajwid.', '2025-07-31 08:57:15', NULL, NULL),
(2791, 2791, 'Bacaan masih terbata-bata, mohon lebih rajin berlatih.', '2025-08-07 08:57:15', NULL, NULL),
(2792, 2792, 'Sudah cukup bagus, tingkatkan jumlah surah hafalan.', '2025-08-14 08:57:15', NULL, NULL),
(2793, 2793, 'Jumlah hafalan masih sedikit, tingkatkan intensitas belajar.', '2025-08-21 08:57:15', NULL, NULL),
(2794, 2794, 'Bacaan sangat baik, makhraj sudah tepat!', '2025-08-28 08:57:15', NULL, NULL),
(2795, 2795, 'Bacaan masih terbata-bata, mohon lebih rajin berlatih.', '2025-09-04 08:57:15', NULL, NULL),
(2796, 2796, 'Bacaan cukup baik, perlu sedikit perbaikan di tajwid.', '2025-09-11 08:57:15', NULL, NULL),
(2797, 2797, 'Sangat bagus! Tajwid memuaskan, kelancaran terjaga.', '2025-09-18 08:57:15', NULL, NULL),
(2798, 2798, 'Bacaan masih terbata-bata, mohon lebih rajin berlatih.', '2025-09-25 08:57:15', NULL, NULL),
(2799, 2799, 'Kelancaran baik, fokus perbaikan panjang-pendek (mad).', '2025-10-02 08:57:15', NULL, NULL),
(2800, 2800, 'Jumlah hafalan masih sedikit, tingkatkan intensitas belajar.', '2025-10-09 08:57:15', NULL, NULL),
(2801, 2801, 'Bacaan sangat baik, makhraj sudah tepat!', '2025-10-16 08:57:15', NULL, NULL),
(2802, 2802, 'Kelancaran baik, fokus perbaikan panjang-pendek (mad).', '2025-10-23 08:57:15', NULL, NULL),
(2803, 2803, 'Perlu perbaikan mendasar pada tajwid dan kelancaran.', '2025-10-30 08:57:15', NULL, NULL),
(2804, 2804, 'Fashohah sudah lumayan, latih konsistensi bacaan.', '2025-11-06 08:57:15', NULL, NULL),
(2805, 2805, 'Bacaan sangat baik, makhraj sudah tepat!', '2025-11-13 08:57:15', NULL, NULL),
(2806, 2806, 'Perlu pendampingan guru secara lebih intensif.', '2025-11-20 08:57:15', NULL, NULL),
(2807, 2807, 'Makhraj huruf sudah sangat tepat, kualitas bacaan excellent.', '2025-11-27 08:57:15', NULL, NULL),
(2808, 2808, 'Perlu perbaikan mendasar pada tajwid dan kelancaran.', '2025-12-04 08:57:15', NULL, NULL),
(2809, 2809, 'Sudah cukup bagus, tingkatkan jumlah surah hafalan.', '2025-12-11 08:57:15', NULL, NULL),
(2810, 2810, 'Sangat bagus! Tajwid memuaskan, kelancaran terjaga.', '2025-12-18 08:57:15', NULL, NULL),
(2811, 2811, 'Fashohah sudah lumayan, latih konsistensi bacaan.', '2025-12-25 08:57:15', NULL, NULL),
(2812, 2812, 'Masih perlu banyak latihan, hafalan belum begitu lancar.', '2026-01-01 08:57:15', NULL, NULL),
(2813, 2813, 'Hafalan lancar dan fasih, terus pertahankan semangat!', '2026-01-08 08:57:15', NULL, NULL),
(2814, 2814, 'Sudah cukup bagus, tingkatkan jumlah surah hafalan.', '2026-01-15 08:57:15', NULL, NULL),
(2815, 2815, 'Masih perlu banyak latihan, hafalan belum begitu lancar.', '2026-01-22 08:57:15', NULL, NULL),
(2816, 2816, 'Fashohah sudah lumayan, latih konsistensi bacaan.', '2026-01-29 08:57:15', NULL, NULL),
(2817, 2817, 'Bacaan sangat baik, makhraj sudah tepat!', '2026-02-05 08:57:15', NULL, NULL),
(2818, 2818, 'Masih perlu banyak latihan, hafalan belum begitu lancar.', '2026-02-12 08:57:15', NULL, NULL),
(2819, 2819, 'Makhraj huruf sudah sangat tepat, kualitas bacaan excellent.', '2026-02-19 08:57:15', NULL, NULL),
(2820, 2820, 'Ada kemajuan, pertahankan dan tingkatkan kualitasnya.', '2026-02-26 08:57:15', NULL, NULL),
(2821, 2821, 'Makhraj huruf sudah sangat tepat, kualitas bacaan excellent.', '2026-03-05 08:57:15', NULL, NULL);

-- --------------------------------------------------------

--
-- Struktur dari tabel `tb_siswa`
--

CREATE TABLE `tb_siswa` (
  `id` bigint(20) UNSIGNED NOT NULL,
  `id_user` bigint(20) UNSIGNED NOT NULL,
  `id_guru` bigint(20) UNSIGNED NOT NULL,
  `nisn` varchar(20) DEFAULT NULL,
  `kelas` varchar(20) DEFAULT NULL,
  `jenis_kelamin` enum('L','P') NOT NULL,
  `tanggal_lahir` smallint(5) UNSIGNED DEFAULT NULL,
  `created_at` timestamp NULL DEFAULT NULL,
  `updated_at` timestamp NULL DEFAULT NULL
) ENGINE=InnoDB DEFAULT CHARSET=utf8mb4 COLLATE=utf8mb4_general_ci;

--
-- Dumping data untuk tabel `tb_siswa`
--

INSERT INTO `tb_siswa` (`id`, `id_user`, `id_guru`, `nisn`, `kelas`, `jenis_kelamin`, `tanggal_lahir`, `created_at`, `updated_at`) VALUES
(6, 12, 1, '1000000000', 'IX-A', 'P', 2009, '2026-07-14 07:32:17', '2026-07-14 07:32:17'),
(7, 13, 2, '1000000001', 'IX-B', 'P', 2009, '2026-07-14 07:32:18', '2026-07-14 07:32:18'),
(8, 14, 3, '1000000002', 'IX-C', 'P', 2009, '2026-07-14 07:32:18', '2026-07-14 07:32:18'),
(9, 15, 4, '1000000003', 'IX-D', 'P', 2009, '2026-07-14 07:32:19', '2026-07-14 07:32:19'),
(10, 16, 5, '1000000004', 'IX-A', 'P', 2010, '2026-07-14 07:32:19', '2026-07-14 07:32:19'),
(11, 17, 1, '1000000005', 'IX-B', 'P', 2010, '2026-07-14 07:32:19', '2026-07-14 07:32:19'),
(12, 18, 2, '1000000006', 'IX-C', 'P', 2011, '2026-07-14 07:32:20', '2026-07-14 07:32:20'),
(13, 19, 3, '1000000007', 'IX-D', 'L', 2010, '2026-07-14 07:32:20', '2026-07-14 07:32:20'),
(14, 20, 4, '1000000008', 'IX-A', 'L', 2009, '2026-07-14 07:32:21', '2026-07-14 07:32:21'),
(15, 21, 5, '1000000009', 'IX-B', 'L', 2011, '2026-07-14 07:32:21', '2026-07-14 07:32:21'),
(16, 22, 1, '1000000010', 'IX-C', 'L', 2009, '2026-07-14 07:32:21', '2026-07-14 07:32:21'),
(17, 23, 2, '1000000011', 'IX-D', 'L', 2010, '2026-07-14 07:32:22', '2026-07-14 07:32:22'),
(18, 24, 3, '1000000012', 'IX-A', 'L', 2010, '2026-07-14 07:32:22', '2026-07-14 07:32:22'),
(19, 25, 4, '1000000013', 'IX-B', 'P', 2010, '2026-07-14 07:32:23', '2026-07-14 07:32:23'),
(20, 26, 5, '1000000014', 'IX-C', 'L', 2010, '2026-07-14 07:32:23', '2026-07-14 07:32:23'),
(21, 27, 1, '1000000015', 'IX-D', 'L', 2011, '2026-07-14 07:32:23', '2026-07-14 07:32:23'),
(22, 28, 2, '1000000016', 'IX-A', 'L', 2011, '2026-07-14 07:32:24', '2026-07-14 07:32:24'),
(23, 29, 3, '1000000017', 'IX-B', 'L', 2011, '2026-07-14 07:32:24', '2026-07-14 07:32:24'),
(24, 30, 4, '1000000018', 'IX-C', 'L', 2010, '2026-07-14 07:32:24', '2026-07-14 07:32:24'),
(25, 31, 5, '1000000019', 'IX-D', 'L', 2009, '2026-07-14 07:32:25', '2026-07-14 07:32:25'),
(26, 32, 1, '1000000020', 'IX-A', 'P', 2010, '2026-07-14 07:32:25', '2026-07-14 07:32:25'),
(27, 33, 2, '1000000021', 'IX-B', 'L', 2011, '2026-07-14 07:32:26', '2026-07-14 07:32:26'),
(28, 34, 3, '1000000022', 'IX-C', 'P', 2011, '2026-07-14 07:32:26', '2026-07-14 07:32:26'),
(29, 35, 4, '1000000023', 'IX-D', 'L', 2009, '2026-07-14 07:32:27', '2026-07-14 07:32:27'),
(30, 36, 5, '1000000024', 'IX-A', 'P', 2011, '2026-07-14 07:32:27', '2026-07-14 07:32:27'),
(31, 37, 1, '1000000025', 'IX-B', 'P', 2010, '2026-07-14 07:32:27', '2026-07-14 07:32:27'),
(32, 38, 2, '1000000026', 'IX-C', 'L', 2009, '2026-07-14 07:32:28', '2026-07-14 07:32:28'),
(33, 39, 3, '1000000027', 'IX-D', 'P', 2009, '2026-07-14 07:32:28', '2026-07-14 07:32:28'),
(34, 40, 4, '1000000028', 'IX-A', 'P', 2009, '2026-07-14 07:32:29', '2026-07-14 07:32:29'),
(35, 41, 5, '1000000029', 'IX-B', 'P', 2009, '2026-07-14 07:32:29', '2026-07-14 07:32:29'),
(36, 42, 1, '1000000030', 'IX-C', 'L', 2011, '2026-07-14 07:32:30', '2026-07-14 07:32:30'),
(37, 43, 2, '1000000031', 'IX-D', 'P', 2010, '2026-07-14 07:32:30', '2026-07-14 07:32:30'),
(38, 44, 3, '1000000032', 'IX-A', 'L', 2009, '2026-07-14 07:32:30', '2026-07-14 07:32:30'),
(39, 45, 4, '1000000033', 'IX-B', 'P', 2011, '2026-07-14 07:32:31', '2026-07-14 07:32:31'),
(40, 46, 5, '1000000034', 'IX-C', 'L', 2011, '2026-07-14 07:32:31', '2026-07-14 07:32:31');

-- --------------------------------------------------------

--
-- Struktur dari tabel `tb_users`
--

CREATE TABLE `tb_users` (
  `id` bigint(20) UNSIGNED NOT NULL,
  `username` varchar(100) NOT NULL,
  `password` varchar(255) NOT NULL,
  `role` enum('admin','guru','siswa') NOT NULL,
  `nama_lengkap` varchar(150) NOT NULL,
  `email` varchar(150) DEFAULT NULL,
  `is_active` tinyint(1) NOT NULL DEFAULT 1,
  `remember_token` varchar(100) DEFAULT NULL,
  `created_at` timestamp NULL DEFAULT NULL,
  `updated_at` timestamp NULL DEFAULT NULL
) ENGINE=InnoDB DEFAULT CHARSET=utf8mb4 COLLATE=utf8mb4_general_ci;

--
-- Dumping data untuk tabel `tb_users`
--

INSERT INTO `tb_users` (`id`, `username`, `password`, `role`, `nama_lengkap`, `email`, `is_active`, `remember_token`, `created_at`, `updated_at`) VALUES
(1, 'admin', '$2y$12$xRDHrXj3NMkadCv41kjpOOSWDHjeQ70KabYqXDtfO1aCuDDFhGIhm', 'admin', 'Administrator Sistem', 'admin@hafalan.test', 1, NULL, '2026-07-14 07:32:14', '2026-07-14 07:32:14'),
(2, 'guru1', '$2y$12$muFSgnfV41ZU.3aAYhN.j.REm.7rUydkUHFThuGvIjsaa4w4JFSWy', 'guru', 'Ustadz Ahmad Fauzi', 'guru1@hafalan.test', 1, NULL, '2026-07-14 07:32:14', '2026-07-14 07:32:14'),
(3, 'guru2', '$2y$12$xlRqt1hWUufB8Y.RkdgwZe/Vj9XkK5CQU8HdQ.2nJkrwCnQ5OC0c6', 'guru', 'Ustadzah Siti Aminah', 'guru2@hafalan.test', 1, NULL, '2026-07-14 07:32:15', '2026-07-14 07:32:15'),
(4, 'guru3', '$2y$12$MWShTjWZzqVqMtmwpSpi4Ou5qxSzLN4XSPms37DKtBIqgVtykLkOC', 'guru', 'Ustadz Hasan Basri', 'guru3@hafalan.test', 1, NULL, '2026-07-14 07:32:15', '2026-07-14 07:32:15'),
(10, 'guru4', '$2y$12$tkFpt.CfIF2ZVSUuE0XS0eeH6QhibTHMrHZRrMQaGoryVxMJ9bHUC', 'guru', 'Ustadzah Rahmah Dewi', NULL, 1, NULL, '2026-07-14 07:32:17', '2026-07-14 07:32:17'),
(11, 'guru5', '$2y$12$mMbNlRNwR892o96jaZBt/OEn8o0aNYI9jzBSlGHvxr/LdDE0Cewj6', 'guru', 'Ustadz Faisal Lubis', NULL, 1, NULL, '2026-07-14 07:32:17', '2026-07-14 07:32:17'),
(12, 'siswa_001', '$2y$12$lj3ctPz/X9LRJOfeG7eImeCtLtK5jjbV58A99Y4DaDK53C8JSI90G', 'siswa', 'Aulia Iffah Az-Zahra', NULL, 1, NULL, '2026-07-14 07:32:17', '2026-07-14 07:32:17'),
(13, 'siswa_002', '$2y$12$J2/Mo2Bvgr/lZ6KOz30e/umD9ne25Bu273462J.ek75GQe2QAEke2', 'siswa', 'Aulia Naura Ala', NULL, 1, NULL, '2026-07-14 07:32:18', '2026-07-14 07:32:18'),
(14, 'siswa_003', '$2y$12$CzCQAh8uhLBXJjAXjJZi.ObnEC8naSQhpYpa6wjyGUZGzE3QS0Uum', 'siswa', 'Dea Puji Astuti', NULL, 1, NULL, '2026-07-14 07:32:18', '2026-07-14 07:32:18'),
(15, 'siswa_004', '$2y$12$oUt6aK3WOcdfjAnoBKZ2OeEHb58Dc/bchoGmKZb/J57K8yhV1GTOS', 'siswa', 'Dinda Naysilla', NULL, 1, NULL, '2026-07-14 07:32:19', '2026-07-14 07:32:19'),
(16, 'siswa_005', '$2y$12$MbjCKLKqXMJ8/rZPGX5jH.hG2D06zeRG1UUtyWfkI5VigE.3MACs.', 'siswa', 'Ghaitsa Jahira Shofa', NULL, 1, NULL, '2026-07-14 07:32:19', '2026-07-14 07:32:19'),
(17, 'siswa_006', '$2y$12$/Cbivxjh7EaptkfOFwQJ2eU2Pk7x3xGslLifxkWAA5IY/jkEieXhK', 'siswa', 'Ihda Syahruni', NULL, 1, NULL, '2026-07-14 07:32:19', '2026-07-14 07:32:19'),
(18, 'siswa_007', '$2y$12$5VLyy/iq64z8N.TkmTFBbOkvhAxwC0aCKepyXpKpGDPFe4I2kvWi6', 'siswa', 'Juwita Oktavia', NULL, 1, NULL, '2026-07-14 07:32:20', '2026-07-14 07:32:20'),
(19, 'siswa_008', '$2y$12$bmZByPoz06BbdY6ZlZbnvOCzC6BRD2y9AC5zUiD1W1BSffLenrefe', 'siswa', 'Muhammad Azmi Wahid', NULL, 1, NULL, '2026-07-14 07:32:20', '2026-07-14 07:32:20'),
(20, 'siswa_009', '$2y$12$cOQ.Nd975maRBZiv99ogu.T5MlEW/y5A7nR0JdoFaoQec5oMBCPzm', 'siswa', 'Muhammad Faizul Khairi Rangkuti', NULL, 1, NULL, '2026-07-14 07:32:21', '2026-07-14 07:32:21'),
(21, 'siswa_010', '$2y$12$JQXd9QGK3DJ/QdbOEjxpouDU8zXirgb7gYfki/8YR7Fd/yDC8iRKK', 'siswa', 'Muhammad Hirzan Hariri', NULL, 1, NULL, '2026-07-14 07:32:21', '2026-07-14 07:32:21'),
(22, 'siswa_011', '$2y$12$rj3ZDhs9iEvyo1sCVQZvZ.eP6e.0.X0tqGxlWNtY0BqP9/ftscPT2', 'siswa', 'Muhammad Hapif Imron', NULL, 1, NULL, '2026-07-14 07:32:21', '2026-07-14 07:32:21'),
(23, 'siswa_012', '$2y$12$DuXL1pzwujVwLIyAkhzCJOwPYi9KMMhznpZEfGHvEUL7kcBLoVk3q', 'siswa', 'Muhammad Ikhsan', NULL, 1, NULL, '2026-07-14 07:32:22', '2026-07-14 07:32:22'),
(24, 'siswa_013', '$2y$12$XFGRBMDkrLTQJRN901FaF.xHP5BwHZWOmXSufPXHvqoN2Gumu800.', 'siswa', 'Muhammad Wendy', NULL, 1, NULL, '2026-07-14 07:32:22', '2026-07-14 07:32:22'),
(25, 'siswa_014', '$2y$12$BFBxSs0cAze2hkGEjxkHH.hyGXrRCP8Xq/7jIxgS6h/R6pfzP7b42', 'siswa', 'Mika Amelia', NULL, 1, NULL, '2026-07-14 07:32:23', '2026-07-14 07:32:23'),
(26, 'siswa_015', '$2y$12$y/vGXAx/8bAiER7pjHy/Tun0ajONHYTTVCixXK/K2CxDvQhyQX7T2', 'siswa', 'Moh Ikhsan', NULL, 1, NULL, '2026-07-14 07:32:23', '2026-07-14 07:32:23'),
(27, 'siswa_016', '$2y$12$IhgbsnnXQeFtMQb9rs1yKej6XC89orBNbt6efET8dEEgV6Is1jjPu', 'siswa', 'Muhammad Fachry Aulia', NULL, 1, NULL, '2026-07-14 07:32:23', '2026-07-14 07:32:23'),
(28, 'siswa_017', '$2y$12$CJSPgISsnASDDbjInGnate/Al1oFHuItNIQdI.NXd87DzWBY/6DE.', 'siswa', 'Muhammad Sayfullah', NULL, 1, NULL, '2026-07-14 07:32:24', '2026-07-14 07:32:24'),
(29, 'siswa_018', '$2y$12$qrWFwoTFLedj7Gr4uT.vcO6bpS5wT5Hnap.EEKfU2qzLobKxpB1tS', 'siswa', 'Aulia Majid', NULL, 1, NULL, '2026-07-14 07:32:24', '2026-07-14 07:32:24'),
(30, 'siswa_019', '$2y$12$3mZDcIt8DwvfC5aWFa3dH.yL1BzuIziSYlJs0ECEFLlCk8T7rEJXG', 'siswa', 'Aditya Nabil', NULL, 1, NULL, '2026-07-14 07:32:24', '2026-07-14 07:32:24'),
(31, 'siswa_020', '$2y$12$6Tqh1juxggCWA5wm4xt30.BVhYqp6oYshkPfx1ENqI2hTfjizrisK', 'siswa', 'Agung Apriadi', NULL, 1, NULL, '2026-07-14 07:32:25', '2026-07-14 07:32:25'),
(32, 'siswa_021', '$2y$12$zBXq8848aJlJhDcehomKcums.zzZh34uGb0D4PDQ7q2czcErE.VBe', 'siswa', 'AnisaMaghfira', NULL, 1, NULL, '2026-07-14 07:32:25', '2026-07-14 07:32:25'),
(33, 'siswa_022', '$2y$12$eWZqenIPTLTxjvJhC5Xh1.1z6GjnYsmv2DeGvdkJChsED.Yz5D..2', 'siswa', 'Bagas Syahreza', NULL, 1, NULL, '2026-07-14 07:32:26', '2026-07-14 07:32:26'),
(34, 'siswa_023', '$2y$12$bGtEdEA3uwfKIUCaAc.8AurWFPbW5rQsahZP3ymVEjxb19F.Dx2pq', 'siswa', 'Darakania', NULL, 1, NULL, '2026-07-14 07:32:26', '2026-07-14 07:32:26'),
(35, 'siswa_024', '$2y$12$Rhp4Vonaz605.r0gDn6y9.8ux6iKx9jTjij14NrKeAOvclxw60KvS', 'siswa', 'Diga Cepy', NULL, 1, NULL, '2026-07-14 07:32:27', '2026-07-14 07:32:27'),
(36, 'siswa_025', '$2y$12$ImQFJ97m9VJ9Rowh3NhLWuLtsaKHPskRd4CkDqc4k2rLd/PUxQsFW', 'siswa', 'Dinara Safina', NULL, 1, NULL, '2026-07-14 07:32:27', '2026-07-14 07:32:27'),
(37, 'siswa_026', '$2y$12$SDXy8vc/X5QY.iXkLxvx3.hcYwdHUoVgNRL77eGlsdUVogpQOY.3q', 'siswa', 'Dwi Marsella', NULL, 1, NULL, '2026-07-14 07:32:27', '2026-07-14 07:32:27'),
(38, 'siswa_027', '$2y$12$CC6S97.fsgiii3no3xAE4.qeM6JtC4Cgil8m1jSlacwn18//kyfAu', 'siswa', 'Fikri Hariansyah', NULL, 1, NULL, '2026-07-14 07:32:28', '2026-07-14 07:32:28'),
(39, 'siswa_028', '$2y$12$ZPfJtxylA8yWoAcMmscGH.88cEE.rbcsrDQTvOvFZnbSvWMQPEHyC', 'siswa', 'Fitri Annisa', NULL, 1, NULL, '2026-07-14 07:32:28', '2026-07-14 07:32:28'),
(40, 'siswa_029', '$2y$12$IGqkRkEHzmpOixBRa3Ip8.Gd2CSlSf0YA42udc4XpUEZyOdKlMCcO', 'siswa', 'Gisel Jenate', NULL, 1, NULL, '2026-07-14 07:32:29', '2026-07-14 07:32:29'),
(41, 'siswa_030', '$2y$12$CslFa7kXox/At.8d47BbVOV.RMJ13Qywd0jXMo7Ob5DCFL/mvvdfS', 'siswa', 'Hazizah Rahmadani', NULL, 1, NULL, '2026-07-14 07:32:29', '2026-07-14 07:32:29'),
(42, 'siswa_031', '$2y$12$aFXMHS2QbXT9hIgsaN.y1OTzPs6oUejzoGXiXmtIfNDN..tTbrEsq', 'siswa', 'Ilham Apriansyah', NULL, 1, NULL, '2026-07-14 07:32:30', '2026-07-14 07:32:30'),
(43, 'siswa_032', '$2y$12$oaw1yKBYJijKKSioQDOHIu0YqmRjaM7a1W0JPReM9efBgN95UVmzm', 'siswa', 'Kayla Azzura', NULL, 1, NULL, '2026-07-14 07:32:30', '2026-07-14 07:32:30'),
(44, 'siswa_033', '$2y$12$tp9dpRCXplZLJ9Qo7BQxyOYISsboLHSyWNngvZOYNqHw92rjxRwTi', 'siswa', 'Marvellino Untoro', NULL, 1, NULL, '2026-07-14 07:32:30', '2026-07-14 07:32:30'),
(45, 'siswa_034', '$2y$12$0nB2mIICo18kfVg.DpRnB.OahTxqqY1Kzx.eC1/uRY2GyUUuHQ4He', 'siswa', 'Ajeng Trisila Br.Karo', NULL, 1, NULL, '2026-07-14 07:32:31', '2026-07-14 07:32:31'),
(46, 'siswa_035', '$2y$12$twWP4TkOJ9Pn1pN4LNFP7.vfje1kzxkYEV8dDniMCl26rHWzFwp26', 'siswa', 'Andika Alif Maulana', NULL, 1, NULL, '2026-07-14 07:32:31', '2026-07-14 07:32:31');

-- --------------------------------------------------------

--
-- Struktur dari tabel `users`
--

CREATE TABLE `users` (
  `id` bigint(20) UNSIGNED NOT NULL,
  `name` varchar(255) NOT NULL,
  `email` varchar(255) NOT NULL,
  `email_verified_at` timestamp NULL DEFAULT NULL,
  `password` varchar(255) NOT NULL,
  `remember_token` varchar(100) DEFAULT NULL,
  `created_at` timestamp NULL DEFAULT NULL,
  `updated_at` timestamp NULL DEFAULT NULL
) ENGINE=InnoDB DEFAULT CHARSET=utf8mb4 COLLATE=utf8mb4_general_ci;

--
-- Indexes for dumped tables
--

--
-- Indeks untuk tabel `cache`
--
ALTER TABLE `cache`
  ADD PRIMARY KEY (`key`);

--
-- Indeks untuk tabel `cache_locks`
--
ALTER TABLE `cache_locks`
  ADD PRIMARY KEY (`key`);

--
-- Indeks untuk tabel `failed_jobs`
--
ALTER TABLE `failed_jobs`
  ADD PRIMARY KEY (`id`),
  ADD UNIQUE KEY `failed_jobs_uuid_unique` (`uuid`);

--
-- Indeks untuk tabel `jobs`
--
ALTER TABLE `jobs`
  ADD PRIMARY KEY (`id`),
  ADD KEY `jobs_queue_index` (`queue`);

--
-- Indeks untuk tabel `job_batches`
--
ALTER TABLE `job_batches`
  ADD PRIMARY KEY (`id`);

--
-- Indeks untuk tabel `migrations`
--
ALTER TABLE `migrations`
  ADD PRIMARY KEY (`id`);

--
-- Indeks untuk tabel `password_reset_tokens`
--
ALTER TABLE `password_reset_tokens`
  ADD PRIMARY KEY (`email`);

--
-- Indeks untuk tabel `sessions`
--
ALTER TABLE `sessions`
  ADD PRIMARY KEY (`id`),
  ADD KEY `sessions_user_id_index` (`user_id`),
  ADD KEY `sessions_last_activity_index` (`last_activity`);

--
-- Indeks untuk tabel `tb_data_hafalan`
--
ALTER TABLE `tb_data_hafalan`
  ADD PRIMARY KEY (`id`),
  ADD KEY `tb_data_hafalan_id_siswa_foreign` (`id_siswa`),
  ADD KEY `tb_data_hafalan_id_guru_foreign` (`id_guru`),
  ADD KEY `tb_data_hafalan_id_media_foreign` (`id_media`);

--
-- Indeks untuk tabel `tb_data_training`
--
ALTER TABLE `tb_data_training`
  ADD PRIMARY KEY (`id`),
  ADD KEY `tb_data_training_id_media_foreign` (`id_media`);

--
-- Indeks untuk tabel `tb_guru`
--
ALTER TABLE `tb_guru`
  ADD PRIMARY KEY (`id`),
  ADD UNIQUE KEY `tb_guru_nip_unique` (`nip`),
  ADD KEY `tb_guru_id_user_foreign` (`id_user`);

--
-- Indeks untuk tabel `tb_hasil_klasifikasi`
--
ALTER TABLE `tb_hasil_klasifikasi`
  ADD PRIMARY KEY (`id`),
  ADD KEY `tb_hasil_klasifikasi_id_siswa_foreign` (`id_siswa`),
  ADD KEY `tb_hasil_klasifikasi_id_model_foreign` (`id_model`);

--
-- Indeks untuk tabel `tb_laporan`
--
ALTER TABLE `tb_laporan`
  ADD PRIMARY KEY (`id`),
  ADD KEY `tb_laporan_id_siswa_foreign` (`id_siswa`),
  ADD KEY `tb_laporan_id_guru_foreign` (`id_guru`);

--
-- Indeks untuk tabel `tb_log_evaluasi_model`
--
ALTER TABLE `tb_log_evaluasi_model`
  ADD PRIMARY KEY (`id`),
  ADD KEY `tb_log_evaluasi_model_id_model_foreign` (`id_model`);

--
-- Indeks untuk tabel `tb_media_hafalan`
--
ALTER TABLE `tb_media_hafalan`
  ADD PRIMARY KEY (`id`);

--
-- Indeks untuk tabel `tb_model_svm`
--
ALTER TABLE `tb_model_svm`
  ADD PRIMARY KEY (`id`),
  ADD UNIQUE KEY `tb_model_svm_versi_model_unique` (`versi_model`);

--
-- Indeks untuk tabel `tb_nilai_evaluasi`
--
ALTER TABLE `tb_nilai_evaluasi`
  ADD PRIMARY KEY (`id`),
  ADD KEY `tb_nilai_evaluasi_id_hafalan_foreign` (`id_hafalan`);

--
-- Indeks untuk tabel `tb_siswa`
--
ALTER TABLE `tb_siswa`
  ADD PRIMARY KEY (`id`),
  ADD UNIQUE KEY `tb_siswa_nisn_unique` (`nisn`),
  ADD KEY `tb_siswa_id_user_foreign` (`id_user`),
  ADD KEY `tb_siswa_id_guru_foreign` (`id_guru`);

--
-- Indeks untuk tabel `tb_users`
--
ALTER TABLE `tb_users`
  ADD PRIMARY KEY (`id`),
  ADD UNIQUE KEY `tb_users_username_unique` (`username`),
  ADD UNIQUE KEY `tb_users_email_unique` (`email`);

--
-- Indeks untuk tabel `users`
--
ALTER TABLE `users`
  ADD PRIMARY KEY (`id`),
  ADD UNIQUE KEY `users_email_unique` (`email`);

--
-- AUTO_INCREMENT untuk tabel yang dibuang
--

--
-- AUTO_INCREMENT untuk tabel `failed_jobs`
--
ALTER TABLE `failed_jobs`
  MODIFY `id` bigint(20) UNSIGNED NOT NULL AUTO_INCREMENT;

--
-- AUTO_INCREMENT untuk tabel `jobs`
--
ALTER TABLE `jobs`
  MODIFY `id` bigint(20) UNSIGNED NOT NULL AUTO_INCREMENT;

--
-- AUTO_INCREMENT untuk tabel `migrations`
--
ALTER TABLE `migrations`
  MODIFY `id` int(10) UNSIGNED NOT NULL AUTO_INCREMENT, AUTO_INCREMENT=24;

--
-- AUTO_INCREMENT untuk tabel `tb_data_hafalan`
--
ALTER TABLE `tb_data_hafalan`
  MODIFY `id` bigint(20) UNSIGNED NOT NULL AUTO_INCREMENT, AUTO_INCREMENT=2822;

--
-- AUTO_INCREMENT untuk tabel `tb_data_training`
--
ALTER TABLE `tb_data_training`
  MODIFY `id` bigint(20) UNSIGNED NOT NULL AUTO_INCREMENT, AUTO_INCREMENT=46;

--
-- AUTO_INCREMENT untuk tabel `tb_guru`
--
ALTER TABLE `tb_guru`
  MODIFY `id` bigint(20) UNSIGNED NOT NULL AUTO_INCREMENT, AUTO_INCREMENT=6;

--
-- AUTO_INCREMENT untuk tabel `tb_hasil_klasifikasi`
--
ALTER TABLE `tb_hasil_klasifikasi`
  MODIFY `id` bigint(20) UNSIGNED NOT NULL AUTO_INCREMENT, AUTO_INCREMENT=13;

--
-- AUTO_INCREMENT untuk tabel `tb_laporan`
--
ALTER TABLE `tb_laporan`
  MODIFY `id` bigint(20) UNSIGNED NOT NULL AUTO_INCREMENT;

--
-- AUTO_INCREMENT untuk tabel `tb_log_evaluasi_model`
--
ALTER TABLE `tb_log_evaluasi_model`
  MODIFY `id` bigint(20) UNSIGNED NOT NULL AUTO_INCREMENT, AUTO_INCREMENT=2;

--
-- AUTO_INCREMENT untuk tabel `tb_media_hafalan`
--
ALTER TABLE `tb_media_hafalan`
  MODIFY `id` bigint(20) UNSIGNED NOT NULL AUTO_INCREMENT, AUTO_INCREMENT=10;

--
-- AUTO_INCREMENT untuk tabel `tb_model_svm`
--
ALTER TABLE `tb_model_svm`
  MODIFY `id` bigint(20) UNSIGNED NOT NULL AUTO_INCREMENT, AUTO_INCREMENT=2;

--
-- AUTO_INCREMENT untuk tabel `tb_nilai_evaluasi`
--
ALTER TABLE `tb_nilai_evaluasi`
  MODIFY `id` bigint(20) UNSIGNED NOT NULL AUTO_INCREMENT, AUTO_INCREMENT=2822;

--
-- AUTO_INCREMENT untuk tabel `tb_siswa`
--
ALTER TABLE `tb_siswa`
  MODIFY `id` bigint(20) UNSIGNED NOT NULL AUTO_INCREMENT, AUTO_INCREMENT=41;

--
-- AUTO_INCREMENT untuk tabel `tb_users`
--
ALTER TABLE `tb_users`
  MODIFY `id` bigint(20) UNSIGNED NOT NULL AUTO_INCREMENT, AUTO_INCREMENT=47;

--
-- AUTO_INCREMENT untuk tabel `users`
--
ALTER TABLE `users`
  MODIFY `id` bigint(20) UNSIGNED NOT NULL AUTO_INCREMENT;

--
-- Ketidakleluasaan untuk tabel pelimpahan (Dumped Tables)
--

--
-- Ketidakleluasaan untuk tabel `tb_data_hafalan`
--
ALTER TABLE `tb_data_hafalan`
  ADD CONSTRAINT `tb_data_hafalan_id_guru_foreign` FOREIGN KEY (`id_guru`) REFERENCES `tb_guru` (`id`),
  ADD CONSTRAINT `tb_data_hafalan_id_media_foreign` FOREIGN KEY (`id_media`) REFERENCES `tb_media_hafalan` (`id`) ON DELETE SET NULL,
  ADD CONSTRAINT `tb_data_hafalan_id_siswa_foreign` FOREIGN KEY (`id_siswa`) REFERENCES `tb_siswa` (`id`) ON DELETE CASCADE;

--
-- Ketidakleluasaan untuk tabel `tb_data_training`
--
ALTER TABLE `tb_data_training`
  ADD CONSTRAINT `tb_data_training_id_media_foreign` FOREIGN KEY (`id_media`) REFERENCES `tb_media_hafalan` (`id`) ON DELETE SET NULL;

--
-- Ketidakleluasaan untuk tabel `tb_guru`
--
ALTER TABLE `tb_guru`
  ADD CONSTRAINT `tb_guru_id_user_foreign` FOREIGN KEY (`id_user`) REFERENCES `tb_users` (`id`) ON DELETE CASCADE;

--
-- Ketidakleluasaan untuk tabel `tb_hasil_klasifikasi`
--
ALTER TABLE `tb_hasil_klasifikasi`
  ADD CONSTRAINT `tb_hasil_klasifikasi_id_model_foreign` FOREIGN KEY (`id_model`) REFERENCES `tb_model_svm` (`id`),
  ADD CONSTRAINT `tb_hasil_klasifikasi_id_siswa_foreign` FOREIGN KEY (`id_siswa`) REFERENCES `tb_siswa` (`id`) ON DELETE CASCADE;

--
-- Ketidakleluasaan untuk tabel `tb_laporan`
--
ALTER TABLE `tb_laporan`
  ADD CONSTRAINT `tb_laporan_id_guru_foreign` FOREIGN KEY (`id_guru`) REFERENCES `tb_guru` (`id`) ON DELETE CASCADE,
  ADD CONSTRAINT `tb_laporan_id_siswa_foreign` FOREIGN KEY (`id_siswa`) REFERENCES `tb_siswa` (`id`) ON DELETE CASCADE;

--
-- Ketidakleluasaan untuk tabel `tb_log_evaluasi_model`
--
ALTER TABLE `tb_log_evaluasi_model`
  ADD CONSTRAINT `tb_log_evaluasi_model_id_model_foreign` FOREIGN KEY (`id_model`) REFERENCES `tb_model_svm` (`id`) ON DELETE CASCADE;

--
-- Ketidakleluasaan untuk tabel `tb_nilai_evaluasi`
--
ALTER TABLE `tb_nilai_evaluasi`
  ADD CONSTRAINT `tb_nilai_evaluasi_id_hafalan_foreign` FOREIGN KEY (`id_hafalan`) REFERENCES `tb_data_hafalan` (`id`) ON DELETE CASCADE;

--
-- Ketidakleluasaan untuk tabel `tb_siswa`
--
ALTER TABLE `tb_siswa`
  ADD CONSTRAINT `tb_siswa_id_guru_foreign` FOREIGN KEY (`id_guru`) REFERENCES `tb_guru` (`id`),
  ADD CONSTRAINT `tb_siswa_id_user_foreign` FOREIGN KEY (`id_user`) REFERENCES `tb_users` (`id`) ON DELETE CASCADE;
COMMIT;

/*!40101 SET CHARACTER_SET_CLIENT=@OLD_CHARACTER_SET_CLIENT */;
/*!40101 SET CHARACTER_SET_RESULTS=@OLD_CHARACTER_SET_RESULTS */;
/*!40101 SET COLLATION_CONNECTION=@OLD_COLLATION_CONNECTION */;
